0 verbose cli /usr/local/bin/node /usr/local/bin/npm
1 info using npm@10.9.2
2 info using node@v22.14.0
3 silly config load:file:/usr/local/lib/node_modules/npm/npmrc
4 silly config load:file:/Users/franccescobuscicchio/Desktop/rituali-creativi-nuxt/.npmrc
5 silly config load:file:/Users/franccescobuscicchio/.npmrc
6 silly config load:file:/usr/local/etc/npmrc
7 verbose title npm install
8 verbose argv "install"
9 verbose logfile logs-max:10 dir:/Users/franccescobuscicchio/Desktop/rituali-creativi-nuxt/.npm-cache/_logs/2026-05-09T10_03_11_898Z-
10 verbose logfile /Users/franccescobuscicchio/Desktop/rituali-creativi-nuxt/.npm-cache/_logs/2026-05-09T10_03_11_898Z-debug-0.log
11 silly logfile done cleaning log files
12 silly packumentCache heap:4345298944 maxSize:1086324736 maxEntrySize:543162368
13 silly idealTree buildDeps
14 silly fetch manifest @nuxt/fonts@^0.11.4
15 silly packumentCache full:https://registry.npmjs.org/@nuxt%2ffonts cache-miss
16 http fetch GET 200 https://registry.npmjs.org/npm 254ms
17 http fetch GET 200 https://registry.npmjs.org/@nuxt%2ffonts 538ms (cache miss)
18 silly packumentCache full:https://registry.npmjs.org/@nuxt%2ffonts set size:undefined disposed:false
19 silly fetch manifest @nuxt/icon@^1.10.3
20 silly packumentCache full:https://registry.npmjs.org/@nuxt%2ficon cache-miss
21 http fetch GET 200 https://registry.npmjs.org/@nuxt%2ficon 491ms (cache miss)
22 silly packumentCache full:https://registry.npmjs.org/@nuxt%2ficon set size:undefined disposed:false
23 silly fetch manifest @nuxtjs/tailwindcss@^6.12.2
24 silly packumentCache full:https://registry.npmjs.org/@nuxtjs%2ftailwindcss cache-miss
25 http fetch GET 200 https://registry.npmjs.org/@nuxtjs%2ftailwindcss 786ms (cache miss)
26 silly packumentCache full:https://registry.npmjs.org/@nuxtjs%2ftailwindcss set size:undefined disposed:false
27 silly fetch manifest nuxt@^3.15.4
28 silly packumentCache full:https://registry.npmjs.org/nuxt cache-miss
29 http fetch GET 200 https://registry.npmjs.org/nuxt 318ms (cache miss)
30 silly packumentCache full:https://registry.npmjs.org/nuxt set size:undefined disposed:false
31 silly fetch manifest @parcel/watcher@^2.1.0
32 silly packumentCache full:https://registry.npmjs.org/@parcel%2fwatcher cache-miss
33 http fetch GET 200 https://registry.npmjs.org/@parcel%2fwatcher 59ms (cache miss)
34 silly packumentCache full:https://registry.npmjs.org/@parcel%2fwatcher set size:undefined disposed:false
35 silly fetch manifest @types/node@^18.0.0 || ^20.0.0 || >=22.0.0
36 silly packumentCache full:https://registry.npmjs.org/@types%2fnode cache-miss
37 http fetch GET 200 https://registry.npmjs.org/@types%2fnode 200ms (cache miss)
38 silly packumentCache full:https://registry.npmjs.org/@types%2fnode set size:undefined disposed:false
39 silly fetch manifest tailwindcss@^3.4.17
40 silly packumentCache full:https://registry.npmjs.org/tailwindcss cache-miss
41 http fetch GET 200 https://registry.npmjs.org/tailwindcss 174ms (cache miss)
42 silly packumentCache full:https://registry.npmjs.org/tailwindcss set size:undefined disposed:false
43 silly fetch manifest vue@^3.5.13
44 silly packumentCache full:https://registry.npmjs.org/vue cache-miss
45 http fetch GET 200 https://registry.npmjs.org/vue 294ms (cache miss)
46 silly packumentCache full:https://registry.npmjs.org/vue set size:undefined disposed:false
47 silly fetch manifest typescript@^5.7.2
48 silly packumentCache full:https://registry.npmjs.org/typescript cache-miss
49 http fetch GET 200 https://registry.npmjs.org/typescript 230ms (cache miss)
50 silly packumentCache full:https://registry.npmjs.org/typescript set size:undefined disposed:false
51 silly fetch manifest vue-router@^4.5.0
52 silly packumentCache full:https://registry.npmjs.org/vue-router cache-miss
53 http fetch GET 200 https://registry.npmjs.org/vue-router 63ms (cache miss)
54 silly packumentCache full:https://registry.npmjs.org/vue-router set size:undefined disposed:false
55 silly fetch manifest vue-tsc@^2.2.0
56 silly packumentCache full:https://registry.npmjs.org/vue-tsc cache-miss
57 http fetch GET 200 https://registry.npmjs.org/vue-tsc 354ms (cache miss)
58 silly packumentCache full:https://registry.npmjs.org/vue-tsc set size:undefined disposed:false
59 silly placeDep ROOT @nuxt/fonts@0.11.4 OK for:  want: ^0.11.4
60 silly placeDep ROOT @nuxt/icon@1.15.0 OK for:  want: ^1.10.3
61 silly placeDep ROOT @nuxtjs/tailwindcss@6.14.0 OK for:  want: ^6.12.2
62 silly placeDep ROOT nuxt@3.21.4 OK for:  want: ^3.15.4
63 silly placeDep ROOT tailwindcss@3.4.19 OK for:  want: ^3.4.17
64 silly placeDep ROOT typescript@5.9.3 OK for:  want: ^5.7.2
65 silly placeDep ROOT vue@3.5.34 OK for:  want: ^3.5.13
66 silly placeDep ROOT vue-router@4.6.4 OK for:  want: ^4.5.0
67 silly placeDep ROOT vue-tsc@2.2.12 OK for:  want: ^2.2.0
68 silly fetch manifest h3@^1.15.3
69 silly packumentCache full:https://registry.npmjs.org/h3 cache-miss
70 silly fetch manifest ufo@^1.6.1
71 silly packumentCache full:https://registry.npmjs.org/ufo cache-miss
72 silly fetch manifest defu@^6.1.4
73 silly packumentCache full:https://registry.npmjs.org/defu cache-miss
74 silly fetch manifest jiti@^2.4.2
75 silly packumentCache full:https://registry.npmjs.org/jiti cache-miss
76 silly fetch manifest sirv@^3.0.1
77 silly packumentCache full:https://registry.npmjs.org/sirv cache-miss
78 silly fetch manifest ohash@^2.0.11
79 silly packumentCache full:https://registry.npmjs.org/ohash cache-miss
80 silly fetch manifest pathe@^2.0.3
81 silly packumentCache full:https://registry.npmjs.org/pathe cache-miss
82 http fetch GET 200 https://registry.npmjs.org/pathe 134ms (cache miss)
83 silly packumentCache full:https://registry.npmjs.org/pathe set size:undefined disposed:false
84 silly fetch manifest consola@^3.4.2
85 silly packumentCache full:https://registry.npmjs.org/consola cache-miss
86 http fetch GET 200 https://registry.npmjs.org/jiti 152ms (cache miss)
87 silly packumentCache full:https://registry.npmjs.org/jiti set size:undefined disposed:false
88 silly fetch manifest esbuild@^0.25.4
89 silly packumentCache full:https://registry.npmjs.org/esbuild cache-miss
90 http fetch GET 200 https://registry.npmjs.org/h3 225ms (cache miss)
91 silly packumentCache full:https://registry.npmjs.org/h3 set size:undefined disposed:false
92 silly fetch manifest unifont@^0.4.1
93 silly packumentCache full:https://registry.npmjs.org/unifont cache-miss
94 http fetch GET 200 https://registry.npmjs.org/ufo 239ms (cache miss)
95 silly packumentCache full:https://registry.npmjs.org/ufo set size:undefined disposed:false
96 silly fetch manifest css-tree@^3.1.0
97 silly packumentCache full:https://registry.npmjs.org/css-tree cache-miss
98 http fetch GET 200 https://registry.npmjs.org/esbuild 113ms (cache miss)
99 silly packumentCache full:https://registry.npmjs.org/esbuild set size:undefined disposed:false
100 silly fetch manifest fontaine@^0.6.0
101 silly packumentCache full:https://registry.npmjs.org/fontaine cache-miss
102 http fetch GET 200 https://registry.npmjs.org/css-tree 39ms (cache miss)
103 silly packumentCache full:https://registry.npmjs.org/css-tree set size:undefined disposed:false
104 silly fetch manifest unplugin@^2.3.3
105 silly packumentCache full:https://registry.npmjs.org/unplugin cache-miss
106 http fetch GET 200 https://registry.npmjs.org/unplugin 45ms (cache miss)
107 silly packumentCache full:https://registry.npmjs.org/unplugin set size:undefined disposed:false
108 silly fetch manifest @nuxt/kit@^3.17.3
109 silly packumentCache full:https://registry.npmjs.org/@nuxt%2fkit cache-miss
110 http fetch GET 200 https://registry.npmjs.org/sirv 334ms (cache miss)
111 silly packumentCache full:https://registry.npmjs.org/sirv set size:undefined disposed:false
112 silly fetch manifest unstorage@^1.16.0
113 silly packumentCache full:https://registry.npmjs.org/unstorage cache-miss
114 http fetch GET 200 https://registry.npmjs.org/ohash 348ms (cache miss)
115 silly packumentCache full:https://registry.npmjs.org/ohash set size:undefined disposed:false
116 silly fetch manifest tinyglobby@^0.2.13
117 silly packumentCache full:https://registry.npmjs.org/tinyglobby cache-miss
118 http fetch GET 200 https://registry.npmjs.org/tinyglobby 44ms (cache miss)
119 silly packumentCache full:https://registry.npmjs.org/tinyglobby set size:undefined disposed:false
120 silly fetch manifest magic-regexp@^0.10.0
121 silly packumentCache full:https://registry.npmjs.org/magic-regexp cache-miss
122 http fetch GET 200 https://registry.npmjs.org/consola 267ms (cache miss)
123 silly packumentCache full:https://registry.npmjs.org/consola set size:undefined disposed:false
124 silly fetch manifest magic-string@^0.30.17
125 silly packumentCache full:https://registry.npmjs.org/magic-string cache-miss
126 http fetch GET 200 https://registry.npmjs.org/magic-string 50ms (cache miss)
127 silly packumentCache full:https://registry.npmjs.org/magic-string set size:undefined disposed:false
128 silly fetch manifest node-fetch-native@^1.6.6
129 silly packumentCache full:https://registry.npmjs.org/node-fetch-native cache-miss
130 http fetch GET 200 https://registry.npmjs.org/unifont 233ms (cache miss)
131 silly packumentCache full:https://registry.npmjs.org/unifont set size:undefined disposed:false
132 silly fetch manifest @nuxt/devtools-kit@^2.4.0
133 silly packumentCache full:https://registry.npmjs.org/@nuxt%2fdevtools-kit cache-miss
134 http fetch GET 200 https://registry.npmjs.org/fontaine 224ms (cache miss)
135 silly packumentCache full:https://registry.npmjs.org/fontaine set size:undefined disposed:false
136 silly fetch manifest mlly@^1.7.4
137 silly packumentCache full:https://registry.npmjs.org/mlly cache-miss
138 http fetch GET 200 https://registry.npmjs.org/defu 506ms (cache miss)
139 silly packumentCache full:https://registry.npmjs.org/defu set size:undefined disposed:false
140 silly fetch manifest std-env@^3.9.0
141 silly packumentCache full:https://registry.npmjs.org/std-env cache-miss
142 http fetch GET 200 https://registry.npmjs.org/mlly 44ms (cache miss)
143 silly packumentCache full:https://registry.npmjs.org/mlly set size:undefined disposed:false
144 silly fetch manifest @nuxt/kit@^3.17.5
145 silly packumentCache full:https://registry.npmjs.org/@nuxt%2fkit cache-miss
146 http fetch GET 200 https://registry.npmjs.org/std-env 47ms (cache miss)
147 silly packumentCache full:https://registry.npmjs.org/std-env set size:undefined disposed:false
148 silly fetch manifest local-pkg@^1.1.1
149 silly packumentCache full:https://registry.npmjs.org/local-pkg cache-miss
150 http fetch GET 200 https://registry.npmjs.org/unstorage 223ms (cache miss)
151 silly packumentCache full:https://registry.npmjs.org/unstorage set size:undefined disposed:false
152 silly fetch manifest picomatch@^4.0.2
153 silly packumentCache full:https://registry.npmjs.org/picomatch cache-miss
154 http fetch GET 200 https://registry.npmjs.org/picomatch 44ms (cache miss)
155 silly packumentCache full:https://registry.npmjs.org/picomatch set size:undefined disposed:false
156 silly fetch manifest tinyglobby@^0.2.14
157 silly packumentCache full:https://registry.npmjs.org/tinyglobby cache-miss
158 http fetch GET 200 https://registry.npmjs.org/@nuxt%2fkit 278ms (cache miss)
159 silly packumentCache full:https://registry.npmjs.org/@nuxt%2fkit set size:undefined disposed:false
160 silly fetch manifest @iconify/vue@^5.0.0
161 silly packumentCache full:https://registry.npmjs.org/@iconify%2fvue cache-miss
162 http cache https://registry.npmjs.org/tinyglobby 6ms (cache hit)
163 silly packumentCache full:https://registry.npmjs.org/tinyglobby set size:52660 disposed:false
164 silly fetch manifest @iconify/types@^2.0.0
165 silly packumentCache full:https://registry.npmjs.org/@iconify%2ftypes cache-miss
166 http fetch GET 200 https://registry.npmjs.org/@nuxt%2fkit 67ms (cache miss)
167 silly packumentCache full:https://registry.npmjs.org/@nuxt%2fkit set size:undefined disposed:false
168 silly fetch manifest @iconify/utils@^2.3.0
169 silly packumentCache full:https://registry.npmjs.org/@iconify%2futils cache-miss
170 http fetch GET 200 https://registry.npmjs.org/magic-regexp 233ms (cache miss)
171 silly packumentCache full:https://registry.npmjs.org/magic-regexp set size:undefined disposed:false
172 silly fetch manifest @nuxt/devtools-kit@^2.5.0
173 silly packumentCache full:https://registry.npmjs.org/@nuxt%2fdevtools-kit cache-miss
174 http fetch GET 200 https://registry.npmjs.org/node-fetch-native 256ms (cache miss)
175 silly packumentCache full:https://registry.npmjs.org/node-fetch-native set size:undefined disposed:false
176 silly fetch manifest @iconify/collections@^1.0.563
177 silly packumentCache full:https://registry.npmjs.org/@iconify%2fcollections cache-miss
178 http fetch GET 200 https://registry.npmjs.org/local-pkg 226ms (cache miss)
179 silly packumentCache full:https://registry.npmjs.org/local-pkg set size:undefined disposed:false
180 silly fetch manifest h3@^1.15.1
181 silly packumentCache full:https://registry.npmjs.org/h3 cache-miss
182 http cache https://registry.npmjs.org/h3 2ms (cache hit)
183 silly packumentCache full:https://registry.npmjs.org/h3 set size:453295 disposed:false
184 silly fetch manifest c12@^3.0.2
185 silly packumentCache full:https://registry.npmjs.org/c12 cache-miss
186 http fetch GET 200 https://registry.npmjs.org/c12 50ms (cache miss)
187 silly packumentCache full:https://registry.npmjs.org/c12 set size:undefined disposed:false
188 silly fetch manifest ufo@^1.5.4
189 silly packumentCache full:https://registry.npmjs.org/ufo cache-miss
190 http cache https://registry.npmjs.org/ufo 2ms (cache hit)
191 silly packumentCache full:https://registry.npmjs.org/ufo set size:169119 disposed:false
192 silly fetch manifest klona@^2.0.6
193 silly packumentCache full:https://registry.npmjs.org/klona cache-miss
194 http fetch GET 200 https://registry.npmjs.org/klona 47ms (cache miss)
195 silly packumentCache full:https://registry.npmjs.org/klona set size:undefined disposed:false
196 silly fetch manifest unctx@^2.4.1
197 silly packumentCache full:https://registry.npmjs.org/unctx cache-miss
198 http fetch GET 200 https://registry.npmjs.org/@nuxt%2fdevtools-kit 493ms (cache miss)
199 silly packumentCache full:https://registry.npmjs.org/@nuxt%2fdevtools-kit set size:undefined disposed:false
200 silly fetch manifest consola@^3.4.0
201 silly packumentCache full:https://registry.npmjs.org/consola cache-miss
202 http cache https://registry.npmjs.org/consola 5ms (cache hit)
203 silly packumentCache full:https://registry.npmjs.org/consola set size:324648 disposed:false
204 silly fetch manifest postcss@^8.5.3
205 silly packumentCache full:https://registry.npmjs.org/postcss cache-miss
206 http fetch GET 200 https://registry.npmjs.org/@nuxt%2fdevtools-kit 341ms (cache miss)
207 silly packumentCache full:https://registry.npmjs.org/@nuxt%2fdevtools-kit set size:undefined disposed:false
208 silly fetch manifest @nuxt/kit@^3.16.0
209 silly packumentCache full:https://registry.npmjs.org/@nuxt%2fkit cache-miss
210 http cache https://registry.npmjs.org/@nuxt%2fkit 2ms (cache hit)
211 silly packumentCache full:https://registry.npmjs.org/@nuxt%2fkit set size:369753 disposed:false
212 silly fetch manifest pkg-types@^2.1.0
213 silly packumentCache full:https://registry.npmjs.org/pkg-types cache-miss
214 http fetch GET 200 https://registry.npmjs.org/postcss 54ms (cache miss)
215 silly packumentCache full:https://registry.npmjs.org/postcss set size:undefined disposed:false
216 silly fetch manifest tailwindcss@~3.4.17
217 silly packumentCache full:https://registry.npmjs.org/tailwindcss cache-miss
218 http fetch GET 200 https://registry.npmjs.org/pkg-types 54ms (cache miss)
219 silly packumentCache full:https://registry.npmjs.org/pkg-types set size:undefined disposed:false
220 silly fetch manifest autoprefixer@^10.4.20
221 silly packumentCache full:https://registry.npmjs.org/autoprefixer cache-miss
222 http cache https://registry.npmjs.org/tailwindcss 15ms (cache hit)
223 silly packumentCache full:https://registry.npmjs.org/tailwindcss set size:10480773 disposed:false
224 silly fetch manifest postcss-nesting@^13.0.1
225 silly packumentCache full:https://registry.npmjs.org/postcss-nesting cache-miss
226 http fetch GET 200 https://registry.npmjs.org/@iconify%2futils 476ms (cache miss)
227 silly packumentCache full:https://registry.npmjs.org/@iconify%2futils set size:undefined disposed:false
228 silly fetch manifest tailwind-config-viewer@^2.0.4
229 silly packumentCache full:https://registry.npmjs.org/tailwind-config-viewer cache-miss
230 http fetch GET 200 https://registry.npmjs.org/@iconify%2ftypes 481ms (cache miss)
231 silly packumentCache full:https://registry.npmjs.org/@iconify%2ftypes set size:undefined disposed:false
232 silly fetch manifest @dxup/nuxt@^0.4.1
233 silly packumentCache full:https://registry.npmjs.org/@dxup%2fnuxt cache-miss
234 http fetch GET 200 https://registry.npmjs.org/autoprefixer 103ms (cache miss)
235 silly packumentCache full:https://registry.npmjs.org/autoprefixer set size:undefined disposed:false
236 silly fetch manifest @nuxt/cli@^3.35.1
237 silly packumentCache full:https://registry.npmjs.org/@nuxt%2fcli cache-miss
238 http fetch GET 200 https://registry.npmjs.org/unctx 252ms (cache miss)
239 silly packumentCache full:https://registry.npmjs.org/unctx set size:undefined disposed:false
240 silly fetch manifest @nuxt/devtools@^3.2.4
241 silly packumentCache full:https://registry.npmjs.org/@nuxt%2fdevtools cache-miss
242 http fetch GET 200 https://registry.npmjs.org/@iconify%2fcollections 553ms (cache miss)
243 silly packumentCache full:https://registry.npmjs.org/@iconify%2fcollections set size:undefined disposed:false
244 silly fetch manifest @nuxt/telemetry@^2.8.0
245 silly packumentCache full:https://registry.npmjs.org/@nuxt%2ftelemetry cache-miss
246 http fetch GET 200 https://registry.npmjs.org/tailwind-config-viewer 209ms (cache miss)
247 silly packumentCache full:https://registry.npmjs.org/tailwind-config-viewer set size:undefined disposed:false
248 silly fetch manifest @unhead/vue@^2.1.13
249 silly packumentCache full:https://registry.npmjs.org/@unhead%2fvue cache-miss
250 http fetch GET 200 https://registry.npmjs.org/postcss-nesting 263ms (cache miss)
251 silly packumentCache full:https://registry.npmjs.org/postcss-nesting set size:undefined disposed:false
252 silly fetch manifest @vue/shared@^3.5.33
253 silly packumentCache full:https://registry.npmjs.org/@vue%2fshared cache-miss
254 http fetch GET 200 https://registry.npmjs.org/@iconify%2fvue 846ms (cache miss)
255 silly packumentCache full:https://registry.npmjs.org/@iconify%2fvue set size:undefined disposed:false
256 silly fetch manifest c12@^3.3.4
257 silly packumentCache full:https://registry.npmjs.org/c12 cache-miss
258 http cache https://registry.npmjs.org/c12 3ms (cache hit)
259 silly packumentCache full:https://registry.npmjs.org/c12 set size:188644 disposed:false
260 silly fetch manifest chokidar@^5.0.0
261 silly packumentCache full:https://registry.npmjs.org/chokidar cache-miss
262 http fetch GET 200 https://registry.npmjs.org/chokidar 45ms (cache miss)
263 silly packumentCache full:https://registry.npmjs.org/chokidar set size:undefined disposed:false
264 silly fetch manifest compatx@^0.2.0
265 silly packumentCache full:https://registry.npmjs.org/compatx cache-miss
266 http fetch GET 200 https://registry.npmjs.org/@dxup%2fnuxt 472ms (cache miss)
267 silly packumentCache full:https://registry.npmjs.org/@dxup%2fnuxt set size:undefined disposed:false
268 silly fetch manifest cookie-es@^2.0.1
269 silly packumentCache full:https://registry.npmjs.org/cookie-es cache-miss
270 http fetch GET 200 https://registry.npmjs.org/@nuxt%2fcli 460ms (cache miss)
271 silly packumentCache full:https://registry.npmjs.org/@nuxt%2fcli set size:undefined disposed:false
272 silly fetch manifest defu@^6.1.7
273 silly packumentCache full:https://registry.npmjs.org/defu cache-miss
274 http cache https://registry.npmjs.org/defu 2ms (cache hit)
275 silly packumentCache full:https://registry.npmjs.org/defu set size:87806 disposed:false
276 silly fetch manifest destr@^2.0.5
277 silly packumentCache full:https://registry.npmjs.org/destr cache-miss
278 http fetch GET 200 https://registry.npmjs.org/cookie-es 41ms (cache miss)
279 silly packumentCache full:https://registry.npmjs.org/cookie-es set size:undefined disposed:false
280 silly fetch manifest devalue@^5.7.1
281 silly packumentCache full:https://registry.npmjs.org/devalue cache-miss
282 http fetch GET 200 https://registry.npmjs.org/destr 39ms (cache miss)
283 silly packumentCache full:https://registry.npmjs.org/destr set size:undefined disposed:false
284 silly fetch manifest errx@^0.1.0
285 silly packumentCache full:https://registry.npmjs.org/errx cache-miss
286 http fetch GET 200 https://registry.npmjs.org/devalue 38ms (cache miss)
287 silly packumentCache full:https://registry.npmjs.org/devalue set size:undefined disposed:false
288 silly fetch manifest escape-string-regexp@^5.0.0
289 silly packumentCache full:https://registry.npmjs.org/escape-string-regexp cache-miss
290 http fetch GET 200 https://registry.npmjs.org/@nuxt%2fdevtools 513ms (cache miss)
291 silly packumentCache full:https://registry.npmjs.org/@nuxt%2fdevtools set size:undefined disposed:false
292 silly fetch manifest exsolve@^1.0.8
293 silly packumentCache full:https://registry.npmjs.org/exsolve cache-miss
294 http fetch GET 200 https://registry.npmjs.org/escape-string-regexp 40ms (cache miss)
295 silly packumentCache full:https://registry.npmjs.org/escape-string-regexp set size:undefined disposed:false
296 silly fetch manifest h3@^1.15.11
297 silly packumentCache full:https://registry.npmjs.org/h3 cache-hit
298 silly fetch manifest hookable@^5.5.3
299 silly packumentCache full:https://registry.npmjs.org/hookable cache-miss
300 http fetch GET 200 https://registry.npmjs.org/exsolve 46ms (cache miss)
301 silly packumentCache full:https://registry.npmjs.org/exsolve set size:undefined disposed:false
302 silly fetch manifest ignore@^7.0.5
303 silly packumentCache full:https://registry.npmjs.org/ignore cache-miss
304 http fetch GET 200 https://registry.npmjs.org/compatx 241ms (cache miss)
305 silly packumentCache full:https://registry.npmjs.org/compatx set size:undefined disposed:false
306 silly fetch manifest impound@^1.1.5
307 silly packumentCache full:https://registry.npmjs.org/impound cache-miss
308 http fetch GET 200 https://registry.npmjs.org/@nuxt%2ftelemetry 483ms (cache miss)
309 silly packumentCache full:https://registry.npmjs.org/@nuxt%2ftelemetry set size:undefined disposed:false
310 silly fetch manifest jiti@^2.6.1
311 silly packumentCache full:https://registry.npmjs.org/jiti cache-miss
312 http cache https://registry.npmjs.org/jiti 4ms (cache hit)
313 silly packumentCache full:https://registry.npmjs.org/jiti set size:387989 disposed:false
314 silly fetch manifest knitwork@^1.3.0
315 silly packumentCache full:https://registry.npmjs.org/knitwork cache-miss
316 http fetch GET 200 https://registry.npmjs.org/ignore 60ms (cache miss)
317 silly packumentCache full:https://registry.npmjs.org/ignore set size:undefined disposed:false
318 silly fetch manifest magic-string@^0.30.21
319 silly packumentCache full:https://registry.npmjs.org/magic-string cache-miss
320 http cache https://registry.npmjs.org/magic-string 2ms (cache hit)
321 silly packumentCache full:https://registry.npmjs.org/magic-string set size:331817 disposed:false
322 silly fetch manifest mlly@^1.8.2
323 silly packumentCache full:https://registry.npmjs.org/mlly cache-miss
324 http cache https://registry.npmjs.org/mlly 1ms (cache hit)
325 silly packumentCache full:https://registry.npmjs.org/mlly set size:209209 disposed:false
326 silly fetch manifest nanotar@^0.3.0
327 silly packumentCache full:https://registry.npmjs.org/nanotar cache-miss
328 http fetch GET 200 https://registry.npmjs.org/@unhead%2fvue 510ms (cache miss)
329 silly packumentCache full:https://registry.npmjs.org/@unhead%2fvue set size:undefined disposed:false
330 silly fetch manifest nypm@^0.6.6
331 silly packumentCache full:https://registry.npmjs.org/nypm cache-miss
332 http fetch GET 200 https://registry.npmjs.org/@vue%2fshared 495ms (cache miss)
333 silly packumentCache full:https://registry.npmjs.org/@vue%2fshared set size:undefined disposed:false
334 silly fetch manifest ofetch@^1.5.1
335 silly packumentCache full:https://registry.npmjs.org/ofetch cache-miss
336 http fetch GET 200 https://registry.npmjs.org/nypm 40ms (cache miss)
337 silly packumentCache full:https://registry.npmjs.org/nypm set size:undefined disposed:false
338 silly fetch manifest on-change@^6.0.2
339 silly packumentCache full:https://registry.npmjs.org/on-change cache-miss
340 http fetch GET 200 https://registry.npmjs.org/errx 242ms (cache miss)
341 silly packumentCache full:https://registry.npmjs.org/errx set size:undefined disposed:false
342 silly fetch manifest oxc-minify@^0.128.0
343 silly packumentCache full:https://registry.npmjs.org/oxc-minify cache-miss
344 http fetch GET 200 https://registry.npmjs.org/hookable 275ms (cache miss)
345 silly packumentCache full:https://registry.npmjs.org/hookable set size:undefined disposed:false
346 silly fetch manifest oxc-parser@^0.128.0
347 silly packumentCache full:https://registry.npmjs.org/oxc-parser cache-miss
348 http fetch GET 200 https://registry.npmjs.org/impound 223ms (cache miss)
349 silly packumentCache full:https://registry.npmjs.org/impound set size:undefined disposed:false
350 silly fetch manifest oxc-transform@^0.128.0
351 silly packumentCache full:https://registry.npmjs.org/oxc-transform cache-miss
352 http fetch GET 200 https://registry.npmjs.org/nanotar 240ms (cache miss)
353 silly packumentCache full:https://registry.npmjs.org/nanotar set size:undefined disposed:false
354 silly fetch manifest oxc-walker@^0.7.0
355 silly packumentCache full:https://registry.npmjs.org/oxc-walker cache-miss
356 http fetch GET 200 https://registry.npmjs.org/oxc-transform 50ms (cache miss)
357 silly packumentCache full:https://registry.npmjs.org/oxc-transform set size:undefined disposed:false
358 silly fetch manifest perfect-debounce@^2.1.0
359 silly packumentCache full:https://registry.npmjs.org/perfect-debounce cache-miss
360 http fetch GET 200 https://registry.npmjs.org/perfect-debounce 39ms (cache miss)
361 silly packumentCache full:https://registry.npmjs.org/perfect-debounce set size:undefined disposed:false
362 silly fetch manifest pkg-types@^2.3.1
363 silly packumentCache full:https://registry.npmjs.org/pkg-types cache-miss
364 http cache https://registry.npmjs.org/pkg-types 1ms (cache hit)
365 silly packumentCache full:https://registry.npmjs.org/pkg-types set size:90685 disposed:false
366 silly fetch manifest rou3@^0.8.1
367 silly packumentCache full:https://registry.npmjs.org/rou3 cache-miss
368 http fetch GET 200 https://registry.npmjs.org/ofetch 247ms (cache miss)
369 silly packumentCache full:https://registry.npmjs.org/ofetch set size:undefined disposed:false
370 silly fetch manifest scule@^1.3.0
371 silly packumentCache full:https://registry.npmjs.org/scule cache-miss
372 http fetch GET 200 https://registry.npmjs.org/on-change 235ms (cache miss)
373 silly packumentCache full:https://registry.npmjs.org/on-change set size:undefined disposed:false
374 silly fetch manifest semver@^7.7.4
375 silly packumentCache full:https://registry.npmjs.org/semver cache-miss
376 http fetch GET 200 https://registry.npmjs.org/oxc-minify 235ms (cache miss)
377 silly packumentCache full:https://registry.npmjs.org/oxc-minify set size:undefined disposed:false
378 silly fetch manifest std-env@^4.1.0
379 silly packumentCache full:https://registry.npmjs.org/std-env cache-miss
380 http cache https://registry.npmjs.org/std-env 1ms (cache hit)
381 silly packumentCache full:https://registry.npmjs.org/std-env set size:88574 disposed:false
382 silly fetch manifest tinyglobby@^0.2.16
383 silly packumentCache full:https://registry.npmjs.org/tinyglobby cache-hit
384 silly fetch manifest ufo@^1.6.4
385 silly packumentCache full:https://registry.npmjs.org/ufo cache-hit
386 silly fetch manifest ultrahtml@^1.6.0
387 silly packumentCache full:https://registry.npmjs.org/ultrahtml cache-miss
388 http fetch GET 200 https://registry.npmjs.org/semver 43ms (cache miss)
389 silly packumentCache full:https://registry.npmjs.org/semver set size:undefined disposed:false
390 silly fetch manifest uncrypto@^0.1.3
391 silly packumentCache full:https://registry.npmjs.org/uncrypto cache-miss
392 http fetch GET 200 https://registry.npmjs.org/oxc-parser 238ms (cache miss)
393 silly packumentCache full:https://registry.npmjs.org/oxc-parser set size:undefined disposed:false
394 silly fetch manifest unctx@^2.5.0
395 silly packumentCache full:https://registry.npmjs.org/unctx cache-miss
396 http cache https://registry.npmjs.org/unctx 3ms (cache hit)
397 silly packumentCache full:https://registry.npmjs.org/unctx set size:85376 disposed:false
398 silly fetch manifest unimport@^6.2.0
399 silly packumentCache full:https://registry.npmjs.org/unimport cache-miss
400 http fetch GET 200 https://registry.npmjs.org/oxc-walker 226ms (cache miss)
401 silly packumentCache full:https://registry.npmjs.org/oxc-walker set size:undefined disposed:false
402 silly fetch manifest unplugin@^3.0.0
403 silly packumentCache full:https://registry.npmjs.org/unplugin cache-miss
404 http cache https://registry.npmjs.org/unplugin 2ms (cache hit)
405 silly packumentCache full:https://registry.npmjs.org/unplugin set size:405379 disposed:false
406 silly fetch manifest unplugin-vue-router@^0.19.2
407 silly packumentCache full:https://registry.npmjs.org/unplugin-vue-router cache-miss
408 http fetch GET 200 https://registry.npmjs.org/rou3 228ms (cache miss)
409 silly packumentCache full:https://registry.npmjs.org/rou3 set size:undefined disposed:false
410 silly fetch manifest untyped@^2.0.0
411 silly packumentCache full:https://registry.npmjs.org/untyped cache-miss
412 http fetch GET 200 https://registry.npmjs.org/scule 223ms (cache miss)
413 silly packumentCache full:https://registry.npmjs.org/scule set size:undefined disposed:false
414 silly fetch manifest vue@^3.5.33
415 silly packumentCache full:https://registry.npmjs.org/vue cache-miss
416 http cache https://registry.npmjs.org/vue 5ms (cache hit)
417 silly packumentCache full:https://registry.npmjs.org/vue set size:2032433 disposed:false
418 silly fetch manifest vue-router@^4.6.4
419 silly packumentCache full:https://registry.npmjs.org/vue-router cache-miss
420 http cache https://registry.npmjs.org/vue-router 3ms (cache hit)
421 silly packumentCache full:https://registry.npmjs.org/vue-router set size:982151 disposed:false
422 silly fetch manifest @nuxt/kit@3.21.4
423 silly packumentCache full:https://registry.npmjs.org/@nuxt%2fkit cache-hit
424 silly fetch manifest @nuxt/nitro-server@3.21.4
425 silly packumentCache full:https://registry.npmjs.org/@nuxt%2fnitro-server cache-miss
426 http fetch GET 200 https://registry.npmjs.org/knitwork 582ms (cache miss)
427 silly packumentCache full:https://registry.npmjs.org/knitwork set size:undefined disposed:false
428 silly fetch manifest @nuxt/schema@3.21.4
429 silly packumentCache full:https://registry.npmjs.org/@nuxt%2fschema cache-miss
430 http fetch GET 200 https://registry.npmjs.org/ultrahtml 228ms (cache miss)
431 silly packumentCache full:https://registry.npmjs.org/ultrahtml set size:undefined disposed:false
432 silly fetch manifest @nuxt/vite-builder@3.21.4
433 silly packumentCache full:https://registry.npmjs.org/@nuxt%2fvite-builder cache-miss
434 http fetch GET 200 https://registry.npmjs.org/uncrypto 230ms (cache miss)
435 silly packumentCache full:https://registry.npmjs.org/uncrypto set size:undefined disposed:false
436 silly fetch manifest arg@^5.0.2
437 silly packumentCache full:https://registry.npmjs.org/arg cache-miss
438 http fetch GET 200 https://registry.npmjs.org/arg 39ms (cache miss)
439 silly packumentCache full:https://registry.npmjs.org/arg set size:undefined disposed:false
440 silly fetch manifest dlv@^1.1.3
441 silly packumentCache full:https://registry.npmjs.org/dlv cache-miss
442 http fetch GET 200 https://registry.npmjs.org/dlv 42ms (cache miss)
443 silly packumentCache full:https://registry.npmjs.org/dlv set size:undefined disposed:false
444 silly fetch manifest jiti@^1.21.7
445 silly packumentCache full:https://registry.npmjs.org/jiti cache-hit
446 silly fetch manifest is-glob@^4.0.3
447 silly packumentCache full:https://registry.npmjs.org/is-glob cache-miss
448 http fetch GET 200 https://registry.npmjs.org/unimport 258ms (cache miss)
449 silly packumentCache full:https://registry.npmjs.org/unimport set size:undefined disposed:false
450 silly fetch manifest postcss@^8.4.47
451 silly packumentCache full:https://registry.npmjs.org/postcss cache-miss
452 http cache https://registry.npmjs.org/postcss 3ms (cache hit)
453 silly packumentCache full:https://registry.npmjs.org/postcss set size:720302 disposed:false
454 silly fetch manifest resolve@^1.22.8
455 silly packumentCache full:https://registry.npmjs.org/resolve cache-miss
456 http fetch GET 200 https://registry.npmjs.org/is-glob 38ms (cache miss)
457 silly packumentCache full:https://registry.npmjs.org/is-glob set size:undefined disposed:false
458 silly fetch manifest sucrase@^3.35.0
459 silly packumentCache full:https://registry.npmjs.org/sucrase cache-miss
460 http fetch GET 200 https://registry.npmjs.org/unplugin-vue-router 264ms (cache miss)
461 silly packumentCache full:https://registry.npmjs.org/unplugin-vue-router set size:undefined disposed:false
462 silly fetch manifest chokidar@^3.6.0
463 silly packumentCache full:https://registry.npmjs.org/chokidar cache-miss
464 http cache https://registry.npmjs.org/chokidar 2ms (cache hit)
465 silly packumentCache full:https://registry.npmjs.org/chokidar set size:255902 disposed:false
466 silly fetch manifest fast-glob@^3.3.2
467 silly packumentCache full:https://registry.npmjs.org/fast-glob cache-miss
468 http fetch GET 200 https://registry.npmjs.org/resolve 44ms (cache miss)
469 silly packumentCache full:https://registry.npmjs.org/resolve set size:undefined disposed:false
470 silly fetch manifest lilconfig@^3.1.3
471 silly packumentCache full:https://registry.npmjs.org/lilconfig cache-miss
472 http fetch GET 200 https://registry.npmjs.org/untyped 225ms (cache miss)
473 silly packumentCache full:https://registry.npmjs.org/untyped set size:undefined disposed:false
474 silly fetch manifest didyoumean@^1.2.2
475 silly packumentCache full:https://registry.npmjs.org/didyoumean cache-miss
476 http fetch GET 200 https://registry.npmjs.org/sucrase 49ms (cache miss)
477 silly packumentCache full:https://registry.npmjs.org/sucrase set size:undefined disposed:false
478 silly fetch manifest micromatch@^4.0.8
479 silly packumentCache full:https://registry.npmjs.org/micromatch cache-miss
480 http fetch GET 200 https://registry.npmjs.org/lilconfig 40ms (cache miss)
481 silly packumentCache full:https://registry.npmjs.org/lilconfig set size:undefined disposed:false
482 silly fetch manifest picocolors@^1.1.1
483 silly packumentCache full:https://registry.npmjs.org/picocolors cache-miss
484 http fetch GET 200 https://registry.npmjs.org/didyoumean 39ms (cache miss)
485 silly packumentCache full:https://registry.npmjs.org/didyoumean set size:undefined disposed:false
486 silly fetch manifest postcss-js@^4.0.1
487 silly packumentCache full:https://registry.npmjs.org/postcss-js cache-miss
488 http fetch GET 200 https://registry.npmjs.org/fast-glob 51ms (cache miss)
489 silly packumentCache full:https://registry.npmjs.org/fast-glob set size:undefined disposed:false
490 silly fetch manifest glob-parent@^6.0.2
491 silly packumentCache full:https://registry.npmjs.org/glob-parent cache-miss
492 http fetch GET 200 https://registry.npmjs.org/micromatch 41ms (cache miss)
493 silly packumentCache full:https://registry.npmjs.org/micromatch set size:undefined disposed:false
494 silly fetch manifest object-hash@^3.0.0
495 silly packumentCache full:https://registry.npmjs.org/object-hash cache-miss
496 http fetch GET 200 https://registry.npmjs.org/picocolors 38ms (cache miss)
497 silly packumentCache full:https://registry.npmjs.org/picocolors set size:undefined disposed:false
498 silly fetch manifest normalize-path@^3.0.0
499 silly packumentCache full:https://registry.npmjs.org/normalize-path cache-miss
500 http fetch GET 200 https://registry.npmjs.org/postcss-js 39ms (cache miss)
501 silly packumentCache full:https://registry.npmjs.org/postcss-js set size:undefined disposed:false
502 silly fetch manifest postcss-import@^15.1.0
503 silly packumentCache full:https://registry.npmjs.org/postcss-import cache-miss
504 http fetch GET 200 https://registry.npmjs.org/glob-parent 44ms (cache miss)
505 silly packumentCache full:https://registry.npmjs.org/glob-parent set size:undefined disposed:false
506 silly fetch manifest postcss-nested@^6.2.0
507 silly packumentCache full:https://registry.npmjs.org/postcss-nested cache-miss
508 http fetch GET 200 https://registry.npmjs.org/object-hash 37ms (cache miss)
509 silly packumentCache full:https://registry.npmjs.org/object-hash set size:undefined disposed:false
510 silly fetch manifest @alloc/quick-lru@^5.2.0
511 silly packumentCache full:https://registry.npmjs.org/@alloc%2fquick-lru cache-miss
512 http fetch GET 200 https://registry.npmjs.org/normalize-path 38ms (cache miss)
513 silly packumentCache full:https://registry.npmjs.org/normalize-path set size:undefined disposed:false
514 silly fetch manifest postcss-load-config@^4.0.2 || ^5.0 || ^6.0
515 silly packumentCache full:https://registry.npmjs.org/postcss-load-config cache-miss
516 http fetch GET 200 https://registry.npmjs.org/postcss-import 40ms (cache miss)
517 silly packumentCache full:https://registry.npmjs.org/postcss-import set size:undefined disposed:false
518 silly fetch manifest postcss-selector-parser@^6.1.2
519 silly packumentCache full:https://registry.npmjs.org/postcss-selector-parser cache-miss
520 http fetch GET 200 https://registry.npmjs.org/postcss-nested 51ms (cache miss)
521 silly packumentCache full:https://registry.npmjs.org/postcss-nested set size:undefined disposed:false
522 silly fetch manifest @vue/shared@3.5.34
523 silly packumentCache full:https://registry.npmjs.org/@vue%2fshared cache-miss
524 http cache https://registry.npmjs.org/@vue%2fshared 2ms (cache hit)
525 silly packumentCache full:https://registry.npmjs.org/@vue%2fshared set size:699276 disposed:false
526 silly fetch manifest @vue/runtime-dom@3.5.34
527 silly packumentCache full:https://registry.npmjs.org/@vue%2fruntime-dom cache-miss
528 http fetch GET 200 https://registry.npmjs.org/@alloc%2fquick-lru 49ms (cache miss)
529 silly packumentCache full:https://registry.npmjs.org/@alloc%2fquick-lru set size:undefined disposed:false
530 silly fetch manifest @vue/compiler-dom@3.5.34
531 silly packumentCache full:https://registry.npmjs.org/@vue%2fcompiler-dom cache-miss
532 http fetch GET 200 https://registry.npmjs.org/postcss-load-config 43ms (cache miss)
533 silly packumentCache full:https://registry.npmjs.org/postcss-load-config set size:undefined disposed:false
534 silly fetch manifest @vue/compiler-sfc@3.5.34
535 silly packumentCache full:https://registry.npmjs.org/@vue%2fcompiler-sfc cache-miss
536 http fetch GET 200 https://registry.npmjs.org/postcss-selector-parser 41ms (cache miss)
537 silly packumentCache full:https://registry.npmjs.org/postcss-selector-parser set size:undefined disposed:false
538 silly fetch manifest @vue/server-renderer@3.5.34
539 silly packumentCache full:https://registry.npmjs.org/@vue%2fserver-renderer cache-miss
540 http fetch GET 200 https://registry.npmjs.org/@nuxt%2fnitro-server 494ms (cache miss)
541 silly packumentCache full:https://registry.npmjs.org/@nuxt%2fnitro-server set size:undefined disposed:false
542 silly fetch manifest @vue/devtools-api@^6.6.4
543 silly packumentCache full:https://registry.npmjs.org/@vue%2fdevtools-api cache-miss
544 http fetch GET 200 https://registry.npmjs.org/@nuxt%2fschema 487ms (cache miss)
545 silly packumentCache full:https://registry.npmjs.org/@nuxt%2fschema set size:undefined disposed:false
546 silly fetch manifest @volar/typescript@2.4.15
547 silly packumentCache full:https://registry.npmjs.org/@volar%2ftypescript cache-miss
548 http fetch GET 200 https://registry.npmjs.org/@nuxt%2fvite-builder 503ms (cache miss)
549 silly packumentCache full:https://registry.npmjs.org/@nuxt%2fvite-builder set size:undefined disposed:false
550 silly fetch manifest @vue/language-core@2.2.12
551 silly packumentCache full:https://registry.npmjs.org/@vue%2flanguage-core cache-miss
552 http fetch GET 200 https://registry.npmjs.org/@vue%2flanguage-core 259ms (cache miss)
553 silly packumentCache full:https://registry.npmjs.org/@vue%2flanguage-core set size:undefined disposed:false
554 http fetch GET 200 https://registry.npmjs.org/@vue%2fserver-renderer 456ms (cache miss)
555 silly packumentCache full:https://registry.npmjs.org/@vue%2fserver-renderer set size:undefined disposed:false
556 http fetch GET 200 https://registry.npmjs.org/@vue%2fcompiler-sfc 501ms (cache miss)
557 silly packumentCache full:https://registry.npmjs.org/@vue%2fcompiler-sfc set size:undefined disposed:false
558 http fetch GET 200 https://registry.npmjs.org/@vue%2fruntime-dom 524ms (cache miss)
559 silly packumentCache full:https://registry.npmjs.org/@vue%2fruntime-dom set size:undefined disposed:false
560 http fetch GET 200 https://registry.npmjs.org/@vue%2fdevtools-api 400ms (cache miss)
561 silly packumentCache full:https://registry.npmjs.org/@vue%2fdevtools-api set size:undefined disposed:false
562 http fetch GET 200 https://registry.npmjs.org/@volar%2ftypescript 501ms (cache miss)
563 silly packumentCache full:https://registry.npmjs.org/@volar%2ftypescript set size:undefined disposed:false
564 http fetch GET 200 https://registry.npmjs.org/@vue%2fcompiler-dom 670ms (cache miss)
565 silly packumentCache full:https://registry.npmjs.org/@vue%2fcompiler-dom set size:undefined disposed:false
566 silly fetch manifest @azure/app-configuration@^1.8.0
567 silly packumentCache full:https://registry.npmjs.org/@azure%2fapp-configuration cache-miss
568 http fetch GET 200 https://registry.npmjs.org/@azure%2fapp-configuration 541ms (cache miss)
569 silly packumentCache full:https://registry.npmjs.org/@azure%2fapp-configuration set size:undefined disposed:false
570 silly fetch manifest @azure/cosmos@^4.2.0
571 silly packumentCache full:https://registry.npmjs.org/@azure%2fcosmos cache-miss
572 http fetch GET 200 https://registry.npmjs.org/@azure%2fcosmos 532ms (cache miss)
573 silly packumentCache full:https://registry.npmjs.org/@azure%2fcosmos set size:undefined disposed:false
574 silly fetch manifest @azure/data-tables@^13.3.0
575 silly packumentCache full:https://registry.npmjs.org/@azure%2fdata-tables cache-miss
576 http fetch GET 200 https://registry.npmjs.org/@azure%2fdata-tables 540ms (cache miss)
577 silly packumentCache full:https://registry.npmjs.org/@azure%2fdata-tables set size:undefined disposed:false
578 silly fetch manifest @azure/identity@^4.6.0
579 silly packumentCache full:https://registry.npmjs.org/@azure%2fidentity cache-miss
580 http fetch GET 200 https://registry.npmjs.org/@azure%2fidentity 537ms (cache miss)
581 silly packumentCache full:https://registry.npmjs.org/@azure%2fidentity set size:undefined disposed:false
582 silly fetch manifest @azure/keyvault-secrets@^4.9.0
583 silly packumentCache full:https://registry.npmjs.org/@azure%2fkeyvault-secrets cache-miss
584 http fetch GET 200 https://registry.npmjs.org/@azure%2fkeyvault-secrets 567ms (cache miss)
585 silly packumentCache full:https://registry.npmjs.org/@azure%2fkeyvault-secrets set size:undefined disposed:false
586 silly fetch manifest @azure/storage-blob@^12.26.0
587 silly packumentCache full:https://registry.npmjs.org/@azure%2fstorage-blob cache-miss
588 http fetch GET 200 https://registry.npmjs.org/@azure%2fstorage-blob 491ms (cache miss)
589 silly packumentCache full:https://registry.npmjs.org/@azure%2fstorage-blob set size:undefined disposed:false
590 silly fetch manifest @capacitor/preferences@^6 || ^7 || ^8
591 silly packumentCache full:https://registry.npmjs.org/@capacitor%2fpreferences cache-miss
592 http fetch GET 200 https://registry.npmjs.org/@capacitor%2fpreferences 969ms (cache miss)
593 silly packumentCache full:https://registry.npmjs.org/@capacitor%2fpreferences set size:undefined disposed:false
594 silly fetch manifest @capacitor/core@>=8.0.0
595 silly packumentCache full:https://registry.npmjs.org/@capacitor%2fcore cache-miss
596 http fetch GET 200 https://registry.npmjs.org/@capacitor%2fcore 127ms (cache miss)
597 silly packumentCache full:https://registry.npmjs.org/@capacitor%2fcore set size:undefined disposed:false
598 silly fetch manifest @deno/kv@>=0.9.0
599 silly packumentCache full:https://registry.npmjs.org/@deno%2fkv cache-miss
600 http fetch GET 200 https://registry.npmjs.org/@deno%2fkv 495ms (cache miss)
601 silly packumentCache full:https://registry.npmjs.org/@deno%2fkv set size:undefined disposed:false
602 silly fetch manifest @netlify/blobs@^6.5.0 || ^7.0.0 || ^8.1.0 || ^9.0.0 || ^10.0.0
603 silly packumentCache full:https://registry.npmjs.org/@netlify%2fblobs cache-miss
604 http fetch GET 200 https://registry.npmjs.org/@netlify%2fblobs 495ms (cache miss)
605 silly packumentCache full:https://registry.npmjs.org/@netlify%2fblobs set size:undefined disposed:false
606 silly fetch manifest @planetscale/database@^1.19.0
607 silly packumentCache full:https://registry.npmjs.org/@planetscale%2fdatabase cache-miss
608 http fetch GET 200 https://registry.npmjs.org/@planetscale%2fdatabase 484ms (cache miss)
609 silly packumentCache full:https://registry.npmjs.org/@planetscale%2fdatabase set size:undefined disposed:false
610 silly fetch manifest @upstash/redis@^1.34.3
611 silly packumentCache full:https://registry.npmjs.org/@upstash%2fredis cache-miss
612 http fetch GET 200 https://registry.npmjs.org/@upstash%2fredis 627ms (cache miss)
613 silly packumentCache full:https://registry.npmjs.org/@upstash%2fredis set size:undefined disposed:false
614 silly fetch manifest @vercel/blob@>=0.27.1
615 silly packumentCache full:https://registry.npmjs.org/@vercel%2fblob cache-miss
616 http fetch GET 200 https://registry.npmjs.org/@vercel%2fblob 89ms (cache miss)
617 silly packumentCache full:https://registry.npmjs.org/@vercel%2fblob set size:undefined disposed:false
618 silly fetch manifest @vercel/functions@^2.2.12 || ^3.0.0
619 silly packumentCache full:https://registry.npmjs.org/@vercel%2ffunctions cache-miss
620 http fetch GET 200 https://registry.npmjs.org/@vercel%2ffunctions 484ms (cache miss)
621 silly packumentCache full:https://registry.npmjs.org/@vercel%2ffunctions set size:undefined disposed:false
622 silly fetch manifest @aws-sdk/credential-provider-web-identity@*
623 silly packumentCache full:https://registry.npmjs.org/@aws-sdk%2fcredential-provider-web-identity cache-miss
624 http fetch GET 200 https://registry.npmjs.org/@aws-sdk%2fcredential-provider-web-identity 97ms (cache miss)
625 silly packumentCache full:https://registry.npmjs.org/@aws-sdk%2fcredential-provider-web-identity set size:undefined disposed:false
626 silly fetch manifest @vercel/kv@^1 || ^2 || ^3
627 silly packumentCache full:https://registry.npmjs.org/@vercel%2fkv cache-miss
628 http fetch GET 200 https://registry.npmjs.org/@vercel%2fkv 470ms (cache miss)
629 silly packumentCache full:https://registry.npmjs.org/@vercel%2fkv set size:undefined disposed:false
630 silly fetch manifest aws4fetch@^1.0.20
631 silly packumentCache full:https://registry.npmjs.org/aws4fetch cache-miss
632 http fetch GET 200 https://registry.npmjs.org/aws4fetch 227ms (cache miss)
633 silly packumentCache full:https://registry.npmjs.org/aws4fetch set size:undefined disposed:false
634 silly fetch manifest db0@>=0.2.1
635 silly packumentCache full:https://registry.npmjs.org/db0 cache-miss
636 http fetch GET 200 https://registry.npmjs.org/db0 241ms (cache miss)
637 silly packumentCache full:https://registry.npmjs.org/db0 set size:undefined disposed:false
638 silly fetch manifest @electric-sql/pglite@*
639 silly packumentCache full:https://registry.npmjs.org/@electric-sql%2fpglite cache-miss
640 http fetch GET 200 https://registry.npmjs.org/@electric-sql%2fpglite 474ms (cache miss)
641 silly packumentCache full:https://registry.npmjs.org/@electric-sql%2fpglite set size:undefined disposed:false
642 silly fetch manifest @libsql/client@*
643 silly packumentCache full:https://registry.npmjs.org/@libsql%2fclient cache-miss
644 http fetch GET 200 https://registry.npmjs.org/@libsql%2fclient 489ms (cache miss)
645 silly packumentCache full:https://registry.npmjs.org/@libsql%2fclient set size:undefined disposed:false
646 silly fetch manifest better-sqlite3@*
647 silly packumentCache full:https://registry.npmjs.org/better-sqlite3 cache-miss
648 http fetch GET 200 https://registry.npmjs.org/better-sqlite3 50ms (cache miss)
649 silly packumentCache full:https://registry.npmjs.org/better-sqlite3 set size:undefined disposed:false
650 silly fetch manifest drizzle-orm@*
651 silly packumentCache full:https://registry.npmjs.org/drizzle-orm cache-miss
652 http fetch GET 200 https://registry.npmjs.org/drizzle-orm 6209ms (cache miss)
653 silly packumentCache full:https://registry.npmjs.org/drizzle-orm set size:undefined disposed:false
654 silly fetch manifest @aws-sdk/client-rds-data@>=3
655 silly packumentCache full:https://registry.npmjs.org/@aws-sdk%2fclient-rds-data cache-miss
656 http fetch GET 200 https://registry.npmjs.org/@aws-sdk%2fclient-rds-data 503ms (cache miss)
657 silly packumentCache full:https://registry.npmjs.org/@aws-sdk%2fclient-rds-data set size:undefined disposed:false
658 silly fetch manifest @cloudflare/workers-types@>=4
659 silly packumentCache full:https://registry.npmjs.org/@cloudflare%2fworkers-types cache-miss
660 http fetch GET 200 https://registry.npmjs.org/@cloudflare%2fworkers-types 505ms (cache miss)
661 silly packumentCache full:https://registry.npmjs.org/@cloudflare%2fworkers-types set size:undefined disposed:false
662 silly fetch manifest @libsql/client-wasm@>=0.10.0
663 silly packumentCache full:https://registry.npmjs.org/@libsql%2fclient-wasm cache-miss
664 http fetch GET 200 https://registry.npmjs.org/@libsql%2fclient-wasm 296ms (cache miss)
665 silly packumentCache full:https://registry.npmjs.org/@libsql%2fclient-wasm set size:undefined disposed:false
666 silly fetch manifest @neondatabase/serverless@>=0.10.0
667 silly packumentCache full:https://registry.npmjs.org/@neondatabase%2fserverless cache-miss
668 http fetch GET 200 https://registry.npmjs.org/@neondatabase%2fserverless 285ms (cache miss)
669 silly packumentCache full:https://registry.npmjs.org/@neondatabase%2fserverless set size:undefined disposed:false
670 silly fetch manifest @op-engineering/op-sqlite@>=2
671 silly packumentCache full:https://registry.npmjs.org/@op-engineering%2fop-sqlite cache-miss
672 http fetch GET 200 https://registry.npmjs.org/@op-engineering%2fop-sqlite 898ms (cache miss)
673 silly packumentCache full:https://registry.npmjs.org/@op-engineering%2fop-sqlite set size:undefined disposed:false
674 silly fetch manifest @sqlite.org/sqlite-wasm@*
675 silly packumentCache full:https://registry.npmjs.org/@sqlite.org%2fsqlite-wasm cache-miss
676 http fetch GET 200 https://registry.npmjs.org/@sqlite.org%2fsqlite-wasm 477ms (cache miss)
677 silly packumentCache full:https://registry.npmjs.org/@sqlite.org%2fsqlite-wasm set size:undefined disposed:false
678 silly fetch manifest react@*
679 silly packumentCache full:https://registry.npmjs.org/react cache-miss
680 http fetch GET 200 https://registry.npmjs.org/react 217ms (cache miss)
681 silly packumentCache full:https://registry.npmjs.org/react set size:undefined disposed:false
682 silly fetch manifest react-native@*
683 silly packumentCache full:https://registry.npmjs.org/react-native cache-miss
684 http fetch GET 200 https://registry.npmjs.org/react-native 191ms (cache miss)
685 silly packumentCache full:https://registry.npmjs.org/react-native set size:undefined disposed:false
686 silly fetch manifest @react-native/jest-preset@0.85.3
687 silly packumentCache full:https://registry.npmjs.org/@react-native%2fjest-preset cache-miss
688 http fetch GET 200 https://registry.npmjs.org/@react-native%2fjest-preset 58ms (cache miss)
689 silly packumentCache full:https://registry.npmjs.org/@react-native%2fjest-preset set size:undefined disposed:false
690 silly fetch manifest @types/react@^19.1.1
691 silly packumentCache full:https://registry.npmjs.org/@types%2freact cache-miss
692 http fetch GET 200 https://registry.npmjs.org/@types%2freact 108ms (cache miss)
693 silly packumentCache full:https://registry.npmjs.org/@types%2freact set size:undefined disposed:false
694 silly fetch manifest @opentelemetry/api@^1.4.1
695 silly packumentCache full:https://registry.npmjs.org/@opentelemetry%2fapi cache-miss
696 http fetch GET 200 https://registry.npmjs.org/@opentelemetry%2fapi 64ms (cache miss)
697 silly packumentCache full:https://registry.npmjs.org/@opentelemetry%2fapi set size:undefined disposed:false
698 silly fetch manifest @prisma/client@*
699 silly packumentCache full:https://registry.npmjs.org/@prisma%2fclient cache-miss
700 http fetch GET 200 https://registry.npmjs.org/@prisma%2fclient 886ms (cache miss)
701 silly packumentCache full:https://registry.npmjs.org/@prisma%2fclient set size:undefined disposed:false
702 silly fetch manifest prisma@*
703 silly packumentCache full:https://registry.npmjs.org/prisma cache-miss
704 http fetch GET 200 https://registry.npmjs.org/prisma 687ms (cache miss)
705 silly packumentCache full:https://registry.npmjs.org/prisma set size:undefined disposed:false
706 silly fetch manifest typescript@>=5.4.0
707 silly packumentCache full:https://registry.npmjs.org/typescript cache-miss
708 http cache https://registry.npmjs.org/typescript 18ms (cache hit)
709 silly packumentCache full:https://registry.npmjs.org/typescript set size:15409943 disposed:false
710 silly fetch manifest @tidbcloud/serverless@*
711 silly packumentCache full:https://registry.npmjs.org/@tidbcloud%2fserverless cache-miss
712 http fetch GET 200 https://registry.npmjs.org/@tidbcloud%2fserverless 630ms (cache miss)
713 silly packumentCache full:https://registry.npmjs.org/@tidbcloud%2fserverless set size:undefined disposed:false
714 silly fetch manifest @types/better-sqlite3@*
715 silly packumentCache full:https://registry.npmjs.org/@types%2fbetter-sqlite3 cache-miss
716 http fetch GET 200 https://registry.npmjs.org/@types%2fbetter-sqlite3 255ms (cache miss)
717 silly packumentCache full:https://registry.npmjs.org/@types%2fbetter-sqlite3 set size:undefined disposed:false
718 silly fetch manifest @types/pg@*
719 silly packumentCache full:https://registry.npmjs.org/@types%2fpg cache-miss
720 http fetch GET 200 https://registry.npmjs.org/@types%2fpg 424ms (cache miss)
721 silly packumentCache full:https://registry.npmjs.org/@types%2fpg set size:undefined disposed:false
722 silly fetch manifest @types/sql.js@*
723 silly packumentCache full:https://registry.npmjs.org/@types%2fsql.js cache-miss
724 http fetch GET 200 https://registry.npmjs.org/@types%2fsql.js 489ms (cache miss)
725 silly packumentCache full:https://registry.npmjs.org/@types%2fsql.js set size:undefined disposed:false
726 silly fetch manifest @vercel/postgres@>=0.8.0
727 silly packumentCache full:https://registry.npmjs.org/@vercel%2fpostgres cache-miss
728 http fetch GET 200 https://registry.npmjs.org/@vercel%2fpostgres 574ms (cache miss)
729 silly packumentCache full:https://registry.npmjs.org/@vercel%2fpostgres set size:undefined disposed:false
730 silly fetch manifest @xata.io/client@*
731 silly packumentCache full:https://registry.npmjs.org/@xata.io%2fclient cache-miss
732 http fetch GET 200 https://registry.npmjs.org/@xata.io%2fclient 717ms (cache miss)
733 silly packumentCache full:https://registry.npmjs.org/@xata.io%2fclient set size:undefined disposed:false
734 silly fetch manifest bun-types@*
735 silly packumentCache full:https://registry.npmjs.org/bun-types cache-miss
736 http fetch GET 200 https://registry.npmjs.org/bun-types 278ms (cache miss)
737 silly packumentCache full:https://registry.npmjs.org/bun-types set size:undefined disposed:false
738 silly fetch manifest expo-sqlite@>=14.0.0
739 silly packumentCache full:https://registry.npmjs.org/expo-sqlite cache-miss
740 http fetch GET 200 https://registry.npmjs.org/expo-sqlite 250ms (cache miss)
741 silly packumentCache full:https://registry.npmjs.org/expo-sqlite set size:undefined disposed:false
742 silly fetch manifest expo@*
743 silly packumentCache full:https://registry.npmjs.org/expo cache-miss
744 http fetch GET 200 https://registry.npmjs.org/expo 94ms (cache miss)
745 silly packumentCache full:https://registry.npmjs.org/expo set size:undefined disposed:false
746 silly fetch manifest @expo/dom-webview@*
747 silly packumentCache full:https://registry.npmjs.org/@expo%2fdom-webview cache-miss
748 http fetch GET 200 https://registry.npmjs.org/@expo%2fdom-webview 359ms (cache miss)
749 silly packumentCache full:https://registry.npmjs.org/@expo%2fdom-webview set size:undefined disposed:false
750 silly fetch manifest @expo/metro-runtime@*
751 silly packumentCache full:https://registry.npmjs.org/@expo%2fmetro-runtime cache-miss
752 http fetch GET 200 https://registry.npmjs.org/@expo%2fmetro-runtime 103ms (cache miss)
753 silly packumentCache full:https://registry.npmjs.org/@expo%2fmetro-runtime set size:undefined disposed:false
754 silly fetch manifest react-dom@*
755 silly packumentCache full:https://registry.npmjs.org/react-dom cache-miss
756 http fetch GET 200 https://registry.npmjs.org/react-dom 241ms (cache miss)
757 silly packumentCache full:https://registry.npmjs.org/react-dom set size:undefined disposed:false
758 silly fetch manifest react-native-webview@*
759 silly packumentCache full:https://registry.npmjs.org/react-native-webview cache-miss
760 http fetch GET 200 https://registry.npmjs.org/react-native-webview 88ms (cache miss)
761 silly packumentCache full:https://registry.npmjs.org/react-native-webview set size:undefined disposed:false
762 silly fetch manifest gel@>=2
763 silly packumentCache full:https://registry.npmjs.org/gel cache-miss
764 http fetch GET 200 https://registry.npmjs.org/gel 236ms (cache miss)
765 silly packumentCache full:https://registry.npmjs.org/gel set size:undefined disposed:false
766 silly fetch manifest knex@*
767 silly packumentCache full:https://registry.npmjs.org/knex cache-miss
768 http fetch GET 200 https://registry.npmjs.org/knex 254ms (cache miss)
769 silly packumentCache full:https://registry.npmjs.org/knex set size:undefined disposed:false
770 silly fetch manifest pg-query-stream@^4.14.0
771 silly packumentCache full:https://registry.npmjs.org/pg-query-stream cache-miss
772 http fetch GET 200 https://registry.npmjs.org/pg-query-stream 45ms (cache miss)
773 silly packumentCache full:https://registry.npmjs.org/pg-query-stream set size:undefined disposed:false
774 silly fetch manifest pg@^8
775 silly packumentCache full:https://registry.npmjs.org/pg cache-miss
776 http fetch GET 200 https://registry.npmjs.org/pg 51ms (cache miss)
777 silly packumentCache full:https://registry.npmjs.org/pg set size:undefined disposed:false
778 silly fetch manifest pg-native@>=3.0.1
779 silly packumentCache full:https://registry.npmjs.org/pg-native cache-miss
780 http fetch GET 200 https://registry.npmjs.org/pg-native 45ms (cache miss)
781 silly packumentCache full:https://registry.npmjs.org/pg-native set size:undefined disposed:false
782 silly fetch manifest kysely@*
783 silly packumentCache full:https://registry.npmjs.org/kysely cache-miss
784 http fetch GET 200 https://registry.npmjs.org/kysely 284ms (cache miss)
785 silly packumentCache full:https://registry.npmjs.org/kysely set size:undefined disposed:false
786 silly fetch manifest mysql2@>=2
787 silly packumentCache full:https://registry.npmjs.org/mysql2 cache-miss
788 http fetch GET 200 https://registry.npmjs.org/mysql2 54ms (cache miss)
789 silly packumentCache full:https://registry.npmjs.org/mysql2 set size:undefined disposed:false
790 silly fetch manifest @types/node@>= 8
791 silly packumentCache full:https://registry.npmjs.org/@types%2fnode cache-miss
792 http cache https://registry.npmjs.org/@types%2fnode 17ms (cache hit)
793 silly packumentCache full:https://registry.npmjs.org/@types%2fnode set size:10990115 disposed:false
794 silly fetch manifest postgres@>=3
795 silly packumentCache full:https://registry.npmjs.org/postgres cache-miss
796 http fetch GET 200 https://registry.npmjs.org/postgres 413ms (cache miss)
797 silly packumentCache full:https://registry.npmjs.org/postgres set size:undefined disposed:false
798 silly fetch manifest sql.js@>=1
799 silly packumentCache full:https://registry.npmjs.org/sql.js cache-miss
800 http fetch GET 200 https://registry.npmjs.org/sql.js 42ms (cache miss)
801 silly packumentCache full:https://registry.npmjs.org/sql.js set size:undefined disposed:false
802 silly fetch manifest sqlite3@>=5
803 silly packumentCache full:https://registry.npmjs.org/sqlite3 cache-miss
804 http fetch GET 200 https://registry.npmjs.org/sqlite3 236ms (cache miss)
805 silly packumentCache full:https://registry.npmjs.org/sqlite3 set size:undefined disposed:false
806 silly fetch manifest idb-keyval@^6.2.1
807 silly packumentCache full:https://registry.npmjs.org/idb-keyval cache-miss
808 http fetch GET 200 https://registry.npmjs.org/idb-keyval 228ms (cache miss)
809 silly packumentCache full:https://registry.npmjs.org/idb-keyval set size:undefined disposed:false
810 silly fetch manifest ioredis@^5.4.2
811 silly packumentCache full:https://registry.npmjs.org/ioredis cache-miss
812 http fetch GET 200 https://registry.npmjs.org/ioredis 280ms (cache miss)
813 silly packumentCache full:https://registry.npmjs.org/ioredis set size:undefined disposed:false
814 silly fetch manifest uploadthing@^7.4.4
815 silly packumentCache full:https://registry.npmjs.org/uploadthing cache-miss
816 http fetch GET 200 https://registry.npmjs.org/uploadthing 258ms (cache miss)
817 silly packumentCache full:https://registry.npmjs.org/uploadthing set size:undefined disposed:false
818 silly fetch manifest express@*
819 silly packumentCache full:https://registry.npmjs.org/express cache-miss
820 http fetch GET 200 https://registry.npmjs.org/express 57ms (cache miss)
821 silly packumentCache full:https://registry.npmjs.org/express set size:undefined disposed:false
822 silly fetch manifest tailwindcss@^3.0.0 || ^4.0.0-beta.0
823 silly packumentCache full:https://registry.npmjs.org/tailwindcss cache-miss
824 http cache https://registry.npmjs.org/tailwindcss 12ms (cache hit)
825 silly packumentCache full:https://registry.npmjs.org/tailwindcss set size:10480773 disposed:false
826 silly fetch manifest vite@>=6.0
827 silly packumentCache full:https://registry.npmjs.org/vite cache-miss
828 http fetch GET 200 https://registry.npmjs.org/vite 1182ms (cache miss)
829 silly packumentCache full:https://registry.npmjs.org/vite set size:undefined disposed:false
830 silly fetch manifest @types/node@^20.19.0 || >=22.12.0
831 silly packumentCache full:https://registry.npmjs.org/@types%2fnode cache-miss
832 http cache https://registry.npmjs.org/@types%2fnode 10ms (cache hit)
833 silly packumentCache full:https://registry.npmjs.org/@types%2fnode set size:10990115 disposed:false
834 silly fetch manifest @vitejs/devtools@^0.1.18
835 silly packumentCache full:https://registry.npmjs.org/@vitejs%2fdevtools cache-miss
836 http fetch GET 200 https://registry.npmjs.org/@vitejs%2fdevtools 54ms (cache miss)
837 silly packumentCache full:https://registry.npmjs.org/@vitejs%2fdevtools set size:undefined disposed:false
838 silly fetch manifest esbuild@^0.27.0 || ^0.28.0
839 silly packumentCache full:https://registry.npmjs.org/esbuild cache-miss
840 http cache https://registry.npmjs.org/esbuild 3ms (cache hit)
841 silly packumentCache full:https://registry.npmjs.org/esbuild set size:1254708 disposed:false
842 silly fetch manifest less@^4.0.0
843 silly packumentCache full:https://registry.npmjs.org/less cache-miss
844 http fetch GET 200 https://registry.npmjs.org/less 44ms (cache miss)
845 silly packumentCache full:https://registry.npmjs.org/less set size:undefined disposed:false
846 silly fetch manifest sass@^1.70.0
847 silly packumentCache full:https://registry.npmjs.org/sass cache-miss
848 http fetch GET 200 https://registry.npmjs.org/sass 64ms (cache miss)
849 silly packumentCache full:https://registry.npmjs.org/sass set size:undefined disposed:false
850 silly fetch manifest sass-embedded@^1.70.0
851 silly packumentCache full:https://registry.npmjs.org/sass-embedded cache-miss
852 http fetch GET 200 https://registry.npmjs.org/sass-embedded 56ms (cache miss)
853 silly packumentCache full:https://registry.npmjs.org/sass-embedded set size:undefined disposed:false
854 silly fetch manifest stylus@>=0.54.8
855 silly packumentCache full:https://registry.npmjs.org/stylus cache-miss
856 http fetch GET 200 https://registry.npmjs.org/stylus 51ms (cache miss)
857 silly packumentCache full:https://registry.npmjs.org/stylus set size:undefined disposed:false
858 silly fetch manifest sugarss@^5.0.0
859 silly packumentCache full:https://registry.npmjs.org/sugarss cache-miss
860 http fetch GET 200 https://registry.npmjs.org/sugarss 40ms (cache miss)
861 silly packumentCache full:https://registry.npmjs.org/sugarss set size:undefined disposed:false
862 silly fetch manifest postcss@^8.3.3
863 silly packumentCache full:https://registry.npmjs.org/postcss cache-hit
864 silly fetch manifest terser@^5.16.0
865 silly packumentCache full:https://registry.npmjs.org/terser cache-miss
866 http fetch GET 200 https://registry.npmjs.org/terser 61ms (cache miss)
867 silly packumentCache full:https://registry.npmjs.org/terser set size:undefined disposed:false
868 silly fetch manifest tsx@^4.8.1
869 silly packumentCache full:https://registry.npmjs.org/tsx cache-miss
870 http fetch GET 200 https://registry.npmjs.org/tsx 47ms (cache miss)
871 silly packumentCache full:https://registry.npmjs.org/tsx set size:undefined disposed:false
872 silly fetch manifest yaml@^2.4.2
873 silly packumentCache full:https://registry.npmjs.org/yaml cache-miss
874 http fetch GET 200 https://registry.npmjs.org/yaml 45ms (cache miss)
875 silly packumentCache full:https://registry.npmjs.org/yaml set size:undefined disposed:false
876 silly placeDep ROOT @nuxt/devtools-kit@2.7.0 OK for: @nuxt/fonts@0.11.4 want: ^2.4.0
877 silly placeDep ROOT vite@8.0.11 OK for: @nuxt/devtools-kit@2.7.0 want: >=6.0
878 silly placeDep ROOT @nuxt/kit@3.21.4 OK for: @nuxt/fonts@0.11.4 want: ^3.17.3
879 silly placeDep ROOT consola@3.4.2 OK for: @nuxt/fonts@0.11.4 want: ^3.4.2
880 silly placeDep ROOT css-tree@3.2.1 OK for: @nuxt/fonts@0.11.4 want: ^3.1.0
881 silly placeDep ROOT defu@6.1.7 OK for: @nuxt/fonts@0.11.4 want: ^6.1.4
882 silly placeDep ROOT esbuild@0.25.12 OK for: @nuxt/fonts@0.11.4 want: ^0.25.4
883 silly placeDep ROOT fontaine@0.6.0 OK for: @nuxt/fonts@0.11.4 want: ^0.6.0
884 silly placeDep ROOT h3@1.15.11 OK for: @nuxt/fonts@0.11.4 want: ^1.15.3
885 silly placeDep ROOT jiti@2.7.0 OK for: @nuxt/fonts@0.11.4 want: ^2.4.2
886 silly placeDep ROOT magic-regexp@0.10.0 OK for: @nuxt/fonts@0.11.4 want: ^0.10.0
887 silly placeDep ROOT magic-string@0.30.21 OK for: @nuxt/fonts@0.11.4 want: ^0.30.17
888 silly placeDep ROOT node-fetch-native@1.6.7 OK for: @nuxt/fonts@0.11.4 want: ^1.6.6
889 silly placeDep ROOT ohash@2.0.11 OK for: @nuxt/fonts@0.11.4 want: ^2.0.11
890 silly placeDep ROOT pathe@2.0.3 OK for: @nuxt/fonts@0.11.4 want: ^2.0.3
891 silly placeDep ROOT sirv@3.0.2 OK for: @nuxt/fonts@0.11.4 want: ^3.0.1
892 silly placeDep ROOT tinyglobby@0.2.16 OK for: @nuxt/fonts@0.11.4 want: ^0.2.13
893 silly placeDep ROOT ufo@1.6.4 OK for: @nuxt/fonts@0.11.4 want: ^1.6.1
894 silly placeDep ROOT unifont@0.4.1 OK for: @nuxt/fonts@0.11.4 want: ^0.4.1
895 silly placeDep ROOT unplugin@2.3.11 OK for: @nuxt/fonts@0.11.4 want: ^2.3.3
896 silly placeDep ROOT unstorage@1.17.5 OK for: @nuxt/fonts@0.11.4 want: ^1.16.0
897 silly fetch manifest execa@^8.0.1
898 silly packumentCache full:https://registry.npmjs.org/execa cache-miss
899 silly fetch manifest @nuxt/kit@^3.19.3
900 silly packumentCache full:https://registry.npmjs.org/@nuxt%2fkit cache-hit
901 silly fetch manifest postcss@^8.5.14
902 silly packumentCache full:https://registry.npmjs.org/postcss cache-hit
903 silly fetch manifest rolldown@1.0.0-rc.18
904 silly packumentCache full:https://registry.npmjs.org/rolldown cache-miss
905 silly fetch manifest picomatch@^4.0.4
906 silly packumentCache full:https://registry.npmjs.org/picomatch cache-miss
907 silly fetch manifest lightningcss@^1.32.0
908 silly packumentCache full:https://registry.npmjs.org/lightningcss cache-miss
909 silly fetch manifest fsevents@~2.3.3
910 silly packumentCache full:https://registry.npmjs.org/fsevents cache-miss
911 silly fetch manifest rc9@^3.0.1
912 silly packumentCache full:https://registry.npmjs.org/rc9 cache-miss
913 silly fetch manifest mdn-data@2.27.1
914 silly packumentCache full:https://registry.npmjs.org/mdn-data cache-miss
915 http cache https://registry.npmjs.org/picomatch 4ms (cache hit)
916 silly packumentCache full:https://registry.npmjs.org/picomatch set size:126376 disposed:false
917 silly fetch manifest source-map-js@^1.2.1
918 silly packumentCache full:https://registry.npmjs.org/source-map-js cache-miss
919 http fetch GET 200 https://registry.npmjs.org/rc9 42ms (cache miss)
920 silly packumentCache full:https://registry.npmjs.org/rc9 set size:undefined disposed:false
921 silly fetch manifest @esbuild/aix-ppc64@0.25.12
922 silly packumentCache full:https://registry.npmjs.org/@esbuild%2faix-ppc64 cache-miss
923 http fetch GET 200 https://registry.npmjs.org/fsevents 46ms (cache miss)
924 silly packumentCache full:https://registry.npmjs.org/fsevents set size:undefined disposed:false
925 silly fetch manifest @esbuild/linux-arm@0.25.12
926 silly packumentCache full:https://registry.npmjs.org/@esbuild%2flinux-arm cache-miss
927 http fetch GET 200 https://registry.npmjs.org/execa 50ms (cache miss)
928 silly packumentCache full:https://registry.npmjs.org/execa set size:undefined disposed:false
929 silly fetch manifest @esbuild/linux-x64@0.25.12
930 silly packumentCache full:https://registry.npmjs.org/@esbuild%2flinux-x64 cache-miss
931 http fetch GET 200 https://registry.npmjs.org/mdn-data 50ms (cache miss)
932 silly packumentCache full:https://registry.npmjs.org/mdn-data set size:undefined disposed:false
933 silly fetch manifest @esbuild/sunos-x64@0.25.12
934 silly packumentCache full:https://registry.npmjs.org/@esbuild%2fsunos-x64 cache-miss
935 http fetch GET 200 https://registry.npmjs.org/source-map-js 48ms (cache miss)
936 silly packumentCache full:https://registry.npmjs.org/source-map-js set size:undefined disposed:false
937 silly fetch manifest @esbuild/win32-x64@0.25.12
938 silly packumentCache full:https://registry.npmjs.org/@esbuild%2fwin32-x64 cache-miss
939 http fetch GET 200 https://registry.npmjs.org/lightningcss 60ms (cache miss)
940 silly packumentCache full:https://registry.npmjs.org/lightningcss set size:undefined disposed:false
941 silly fetch manifest @esbuild/darwin-x64@0.25.12
942 silly packumentCache full:https://registry.npmjs.org/@esbuild%2fdarwin-x64 cache-miss
943 http fetch GET 200 https://registry.npmjs.org/@esbuild%2faix-ppc64 50ms (cache miss)
944 silly packumentCache full:https://registry.npmjs.org/@esbuild%2faix-ppc64 set size:undefined disposed:false
945 silly fetch manifest @esbuild/linux-ia32@0.25.12
946 silly packumentCache full:https://registry.npmjs.org/@esbuild%2flinux-ia32 cache-miss
947 http fetch GET 200 https://registry.npmjs.org/@esbuild%2flinux-arm 57ms (cache miss)
948 silly packumentCache full:https://registry.npmjs.org/@esbuild%2flinux-arm set size:undefined disposed:false
949 silly fetch manifest @esbuild/netbsd-x64@0.25.12
950 silly packumentCache full:https://registry.npmjs.org/@esbuild%2fnetbsd-x64 cache-miss
951 http fetch GET 200 https://registry.npmjs.org/@esbuild%2flinux-x64 57ms (cache miss)
952 silly packumentCache full:https://registry.npmjs.org/@esbuild%2flinux-x64 set size:undefined disposed:false
953 silly fetch manifest @esbuild/win32-ia32@0.25.12
954 silly packumentCache full:https://registry.npmjs.org/@esbuild%2fwin32-ia32 cache-miss
955 http fetch GET 200 https://registry.npmjs.org/@esbuild%2fwin32-x64 56ms (cache miss)
956 silly packumentCache full:https://registry.npmjs.org/@esbuild%2fwin32-x64 set size:undefined disposed:false
957 silly fetch manifest @esbuild/android-arm@0.25.12
958 silly packumentCache full:https://registry.npmjs.org/@esbuild%2fandroid-arm cache-miss
959 http fetch GET 200 https://registry.npmjs.org/rolldown 112ms (cache miss)
960 silly packumentCache full:https://registry.npmjs.org/rolldown set size:undefined disposed:false
961 silly fetch manifest @esbuild/android-x64@0.25.12
962 silly packumentCache full:https://registry.npmjs.org/@esbuild%2fandroid-x64 cache-miss
963 http fetch GET 200 https://registry.npmjs.org/@esbuild%2fsunos-x64 72ms (cache miss)
964 silly packumentCache full:https://registry.npmjs.org/@esbuild%2fsunos-x64 set size:undefined disposed:false
965 silly fetch manifest @esbuild/freebsd-x64@0.25.12
966 silly packumentCache full:https://registry.npmjs.org/@esbuild%2ffreebsd-x64 cache-miss
967 http fetch GET 200 https://registry.npmjs.org/@esbuild%2fdarwin-x64 74ms (cache miss)
968 silly packumentCache full:https://registry.npmjs.org/@esbuild%2fdarwin-x64 set size:undefined disposed:false
969 silly fetch manifest @esbuild/linux-arm64@0.25.12
970 silly packumentCache full:https://registry.npmjs.org/@esbuild%2flinux-arm64 cache-miss
971 http fetch GET 200 https://registry.npmjs.org/@esbuild%2flinux-ia32 60ms (cache miss)
972 silly packumentCache full:https://registry.npmjs.org/@esbuild%2flinux-ia32 set size:undefined disposed:false
973 silly fetch manifest @esbuild/linux-ppc64@0.25.12
974 silly packumentCache full:https://registry.npmjs.org/@esbuild%2flinux-ppc64 cache-miss
975 http fetch GET 200 https://registry.npmjs.org/@esbuild%2fandroid-arm 52ms (cache miss)
976 silly packumentCache full:https://registry.npmjs.org/@esbuild%2fandroid-arm set size:undefined disposed:false
977 silly fetch manifest @esbuild/linux-s390x@0.25.12
978 silly packumentCache full:https://registry.npmjs.org/@esbuild%2flinux-s390x cache-miss
979 http fetch GET 200 https://registry.npmjs.org/@esbuild%2fwin32-ia32 56ms (cache miss)
980 silly packumentCache full:https://registry.npmjs.org/@esbuild%2fwin32-ia32 set size:undefined disposed:false
981 silly fetch manifest @esbuild/openbsd-x64@0.25.12
982 silly packumentCache full:https://registry.npmjs.org/@esbuild%2fopenbsd-x64 cache-miss
983 http fetch GET 200 https://registry.npmjs.org/@esbuild%2fnetbsd-x64 63ms (cache miss)
984 silly packumentCache full:https://registry.npmjs.org/@esbuild%2fnetbsd-x64 set size:undefined disposed:false
985 silly fetch manifest @esbuild/win32-arm64@0.25.12
986 silly packumentCache full:https://registry.npmjs.org/@esbuild%2fwin32-arm64 cache-miss
987 http fetch GET 200 https://registry.npmjs.org/@esbuild%2fandroid-x64 53ms (cache miss)
988 silly packumentCache full:https://registry.npmjs.org/@esbuild%2fandroid-x64 set size:undefined disposed:false
989 silly fetch manifest @esbuild/darwin-arm64@0.25.12
990 silly packumentCache full:https://registry.npmjs.org/@esbuild%2fdarwin-arm64 cache-miss
991 http fetch GET 200 https://registry.npmjs.org/@esbuild%2ffreebsd-x64 63ms (cache miss)
992 silly packumentCache full:https://registry.npmjs.org/@esbuild%2ffreebsd-x64 set size:undefined disposed:false
993 silly fetch manifest @esbuild/netbsd-arm64@0.25.12
994 silly packumentCache full:https://registry.npmjs.org/@esbuild%2fnetbsd-arm64 cache-miss
995 http fetch GET 200 https://registry.npmjs.org/@esbuild%2flinux-arm64 61ms (cache miss)
996 silly packumentCache full:https://registry.npmjs.org/@esbuild%2flinux-arm64 set size:undefined disposed:false
997 silly fetch manifest @esbuild/android-arm64@0.25.12
998 silly packumentCache full:https://registry.npmjs.org/@esbuild%2fandroid-arm64 cache-miss
999 http fetch GET 200 https://registry.npmjs.org/@esbuild%2flinux-ppc64 55ms (cache miss)
1000 silly packumentCache full:https://registry.npmjs.org/@esbuild%2flinux-ppc64 set size:undefined disposed:false
1001 silly fetch manifest @esbuild/freebsd-arm64@0.25.12
1002 silly packumentCache full:https://registry.npmjs.org/@esbuild%2ffreebsd-arm64 cache-miss
1003 http fetch GET 200 https://registry.npmjs.org/@esbuild%2fopenbsd-x64 52ms (cache miss)
1004 silly packumentCache full:https://registry.npmjs.org/@esbuild%2fopenbsd-x64 set size:undefined disposed:false
1005 silly fetch manifest @esbuild/linux-loong64@0.25.12
1006 silly packumentCache full:https://registry.npmjs.org/@esbuild%2flinux-loong64 cache-miss
1007 http fetch GET 200 https://registry.npmjs.org/@esbuild%2flinux-s390x 59ms (cache miss)
1008 silly packumentCache full:https://registry.npmjs.org/@esbuild%2flinux-s390x set size:undefined disposed:false
1009 silly fetch manifest @esbuild/linux-riscv64@0.25.12
1010 silly packumentCache full:https://registry.npmjs.org/@esbuild%2flinux-riscv64 cache-miss
1011 http fetch GET 200 https://registry.npmjs.org/@esbuild%2fdarwin-arm64 52ms (cache miss)
1012 silly packumentCache full:https://registry.npmjs.org/@esbuild%2fdarwin-arm64 set size:undefined disposed:false
1013 silly fetch manifest @esbuild/openbsd-arm64@0.25.12
1014 silly packumentCache full:https://registry.npmjs.org/@esbuild%2fopenbsd-arm64 cache-miss
1015 http fetch GET 200 https://registry.npmjs.org/@esbuild%2fwin32-arm64 61ms (cache miss)
1016 silly packumentCache full:https://registry.npmjs.org/@esbuild%2fwin32-arm64 set size:undefined disposed:false
1017 silly fetch manifest @esbuild/linux-mips64el@0.25.12
1018 silly packumentCache full:https://registry.npmjs.org/@esbuild%2flinux-mips64el cache-miss
1019 http fetch GET 200 https://registry.npmjs.org/@esbuild%2fnetbsd-arm64 48ms (cache miss)
1020 silly packumentCache full:https://registry.npmjs.org/@esbuild%2fnetbsd-arm64 set size:undefined disposed:false
1021 silly fetch manifest @esbuild/openharmony-arm64@0.25.12
1022 silly packumentCache full:https://registry.npmjs.org/@esbuild%2fopenharmony-arm64 cache-miss
1023 http fetch GET 200 https://registry.npmjs.org/@esbuild%2fopenbsd-arm64 68ms (cache miss)
1024 silly packumentCache full:https://registry.npmjs.org/@esbuild%2fopenbsd-arm64 set size:undefined disposed:false
1025 silly fetch manifest unplugin@^2.3.2
1026 silly packumentCache full:https://registry.npmjs.org/unplugin cache-hit
1027 silly fetch manifest @capsizecss/unpack@^2.4.0
1028 silly packumentCache full:https://registry.npmjs.org/@capsizecss%2funpack cache-miss
1029 http fetch GET 200 https://registry.npmjs.org/@esbuild%2fandroid-arm64 107ms (cache miss)
1030 silly packumentCache full:https://registry.npmjs.org/@esbuild%2fandroid-arm64 set size:undefined disposed:false
1031 silly fetch manifest @capsizecss/metrics@^3.5.0
1032 silly packumentCache full:https://registry.npmjs.org/@capsizecss%2fmetrics cache-miss
1033 http fetch GET 200 https://registry.npmjs.org/@esbuild%2flinux-riscv64 84ms (cache miss)
1034 silly packumentCache full:https://registry.npmjs.org/@esbuild%2flinux-riscv64 set size:undefined disposed:false
1035 silly fetch manifest ufo@^1.6.3
1036 silly packumentCache full:https://registry.npmjs.org/ufo cache-hit
1037 silly fetch manifest radix3@^1.1.2
1038 silly packumentCache full:https://registry.npmjs.org/radix3 cache-miss
1039 http fetch GET 200 https://registry.npmjs.org/@esbuild%2ffreebsd-arm64 96ms (cache miss)
1040 silly packumentCache full:https://registry.npmjs.org/@esbuild%2ffreebsd-arm64 set size:undefined disposed:false
1041 silly fetch manifest crossws@^0.3.5
1042 silly packumentCache full:https://registry.npmjs.org/crossws cache-miss
1043 http fetch GET 200 https://registry.npmjs.org/@esbuild%2flinux-loong64 91ms (cache miss)
1044 silly packumentCache full:https://registry.npmjs.org/@esbuild%2flinux-loong64 set size:undefined disposed:false
1045 silly fetch manifest cookie-es@^1.2.3
1046 silly packumentCache full:https://registry.npmjs.org/cookie-es cache-miss
1047 http fetch GET 200 https://registry.npmjs.org/@esbuild%2fopenharmony-arm64 74ms (cache miss)
1048 silly packumentCache full:https://registry.npmjs.org/@esbuild%2fopenharmony-arm64 set size:undefined disposed:false
1049 silly fetch manifest iron-webcrypto@^1.2.1
1050 silly packumentCache full:https://registry.npmjs.org/iron-webcrypto cache-miss
1051 http fetch GET 200 https://registry.npmjs.org/@esbuild%2flinux-mips64el 79ms (cache miss)
1052 silly packumentCache full:https://registry.npmjs.org/@esbuild%2flinux-mips64el set size:undefined disposed:false
1053 silly fetch manifest node-mock-http@^1.0.4
1054 silly packumentCache full:https://registry.npmjs.org/node-mock-http cache-miss
1055 http cache https://registry.npmjs.org/cookie-es 3ms (cache hit)
1056 silly packumentCache full:https://registry.npmjs.org/cookie-es set size:30011 disposed:false
1057 silly fetch manifest mlly@^1.7.2
1058 silly packumentCache full:https://registry.npmjs.org/mlly cache-hit
1059 silly fetch manifest unplugin@^2.0.0
1060 silly packumentCache full:https://registry.npmjs.org/unplugin cache-hit
1061 silly fetch manifest regexp-tree@^0.1.27
1062 silly packumentCache full:https://registry.npmjs.org/regexp-tree cache-miss
1063 http fetch GET 200 https://registry.npmjs.org/crossws 41ms (cache miss)
1064 silly packumentCache full:https://registry.npmjs.org/crossws set size:undefined disposed:false
1065 silly fetch manifest magic-string@^0.30.12
1066 silly packumentCache full:https://registry.npmjs.org/magic-string cache-hit
1067 silly fetch manifest estree-walker@^3.0.3
1068 silly packumentCache full:https://registry.npmjs.org/estree-walker cache-miss
1069 http fetch GET 200 https://registry.npmjs.org/estree-walker 38ms (cache miss)
1070 silly packumentCache full:https://registry.npmjs.org/estree-walker set size:undefined disposed:false
1071 silly fetch manifest type-level-regexp@~0.1.17
1072 silly packumentCache full:https://registry.npmjs.org/type-level-regexp cache-miss
1073 http fetch GET 200 https://registry.npmjs.org/radix3 237ms (cache miss)
1074 silly packumentCache full:https://registry.npmjs.org/radix3 set size:undefined disposed:false
1075 silly fetch manifest @jridgewell/sourcemap-codec@^1.5.5
1076 silly packumentCache full:https://registry.npmjs.org/@jridgewell%2fsourcemap-codec cache-miss
1077 http fetch GET 200 https://registry.npmjs.org/regexp-tree 283ms (cache miss)
1078 silly packumentCache full:https://registry.npmjs.org/regexp-tree set size:undefined disposed:false
1079 silly fetch manifest @polka/url@^1.0.0-next.24
1080 silly packumentCache full:https://registry.npmjs.org/@polka%2furl cache-miss
1081 http fetch GET 200 https://registry.npmjs.org/node-mock-http 287ms (cache miss)
1082 silly packumentCache full:https://registry.npmjs.org/node-mock-http set size:undefined disposed:false
1083 silly fetch manifest mrmime@^2.0.0
1084 silly packumentCache full:https://registry.npmjs.org/mrmime cache-miss
1085 http fetch GET 200 https://registry.npmjs.org/iron-webcrypto 290ms (cache miss)
1086 silly packumentCache full:https://registry.npmjs.org/iron-webcrypto set size:undefined disposed:false
1087 silly fetch manifest totalist@^3.0.0
1088 silly packumentCache full:https://registry.npmjs.org/totalist cache-miss
1089 http fetch GET 200 https://registry.npmjs.org/type-level-regexp 220ms (cache miss)
1090 silly packumentCache full:https://registry.npmjs.org/type-level-regexp set size:undefined disposed:false
1091 silly fetch manifest fdir@^6.5.0
1092 silly packumentCache full:https://registry.npmjs.org/fdir cache-miss
1093 http fetch GET 200 https://registry.npmjs.org/@jridgewell%2fsourcemap-codec 77ms (cache miss)
1094 silly packumentCache full:https://registry.npmjs.org/@jridgewell%2fsourcemap-codec set size:undefined disposed:false
1095 silly fetch manifest acorn@^8.15.0
1096 silly packumentCache full:https://registry.npmjs.org/acorn cache-miss
1097 http fetch GET 200 https://registry.npmjs.org/totalist 45ms (cache miss)
1098 silly packumentCache full:https://registry.npmjs.org/totalist set size:undefined disposed:false
1099 silly fetch manifest picomatch@^4.0.3
1100 silly packumentCache full:https://registry.npmjs.org/picomatch cache-hit
1101 silly fetch manifest @jridgewell/remapping@^2.3.5
1102 silly packumentCache full:https://registry.npmjs.org/@jridgewell%2fremapping cache-miss
1103 http fetch GET 200 https://registry.npmjs.org/fdir 38ms (cache miss)
1104 silly packumentCache full:https://registry.npmjs.org/fdir set size:undefined disposed:false
1105 silly fetch manifest webpack-virtual-modules@^0.6.2
1106 silly packumentCache full:https://registry.npmjs.org/webpack-virtual-modules cache-miss
1107 http fetch GET 200 https://registry.npmjs.org/acorn 43ms (cache miss)
1108 silly packumentCache full:https://registry.npmjs.org/acorn set size:undefined disposed:false
1109 silly fetch manifest anymatch@^3.1.3
1110 silly packumentCache full:https://registry.npmjs.org/anymatch cache-miss
1111 http fetch GET 200 https://registry.npmjs.org/@jridgewell%2fremapping 49ms (cache miss)
1112 silly packumentCache full:https://registry.npmjs.org/@jridgewell%2fremapping set size:undefined disposed:false
1113 silly fetch manifest lru-cache@^11.2.7
1114 silly packumentCache full:https://registry.npmjs.org/lru-cache cache-miss
1115 http fetch GET 200 https://registry.npmjs.org/anymatch 38ms (cache miss)
1116 silly packumentCache full:https://registry.npmjs.org/anymatch set size:undefined disposed:false
1117 http fetch GET 200 https://registry.npmjs.org/lru-cache 47ms (cache miss)
1118 silly packumentCache full:https://registry.npmjs.org/lru-cache set size:undefined disposed:false
1119 http fetch GET 200 https://registry.npmjs.org/@capsizecss%2fmetrics 465ms (cache miss)
1120 silly packumentCache full:https://registry.npmjs.org/@capsizecss%2fmetrics set size:undefined disposed:false
1121 http fetch GET 200 https://registry.npmjs.org/@capsizecss%2funpack 474ms (cache miss)
1122 silly packumentCache full:https://registry.npmjs.org/@capsizecss%2funpack set size:undefined disposed:false
1123 http fetch GET 200 https://registry.npmjs.org/mrmime 245ms (cache miss)
1124 silly packumentCache full:https://registry.npmjs.org/mrmime set size:undefined disposed:false
1125 http fetch GET 200 https://registry.npmjs.org/webpack-virtual-modules 201ms (cache miss)
1126 silly packumentCache full:https://registry.npmjs.org/webpack-virtual-modules set size:undefined disposed:false
1127 http fetch GET 200 https://registry.npmjs.org/@polka%2furl 431ms (cache miss)
1128 silly packumentCache full:https://registry.npmjs.org/@polka%2furl set size:undefined disposed:false
1129 silly placeDep ROOT execa@8.0.1 OK for: @nuxt/devtools-kit@2.7.0 want: ^8.0.1
1130 silly fetch manifest onetime@^6.0.0
1131 silly packumentCache full:https://registry.npmjs.org/onetime cache-miss
1132 silly fetch manifest is-stream@^3.0.0
1133 silly packumentCache full:https://registry.npmjs.org/is-stream cache-miss
1134 silly fetch manifest get-stream@^8.0.1
1135 silly packumentCache full:https://registry.npmjs.org/get-stream cache-miss
1136 silly fetch manifest cross-spawn@^7.0.3
1137 silly packumentCache full:https://registry.npmjs.org/cross-spawn cache-miss
1138 silly fetch manifest signal-exit@^4.1.0
1139 silly packumentCache full:https://registry.npmjs.org/signal-exit cache-miss
1140 silly fetch manifest merge-stream@^2.0.0
1141 silly packumentCache full:https://registry.npmjs.org/merge-stream cache-miss
1142 silly fetch manifest npm-run-path@^5.1.0
1143 silly packumentCache full:https://registry.npmjs.org/npm-run-path cache-miss
1144 http fetch GET 200 https://registry.npmjs.org/merge-stream 45ms (cache miss)
1145 silly packumentCache full:https://registry.npmjs.org/merge-stream set size:undefined disposed:false
1146 silly fetch manifest human-signals@^5.0.0
1147 silly packumentCache full:https://registry.npmjs.org/human-signals cache-miss
1148 http fetch GET 200 https://registry.npmjs.org/onetime 47ms (cache miss)
1149 silly packumentCache full:https://registry.npmjs.org/onetime set size:undefined disposed:false
1150 silly fetch manifest strip-final-newline@^3.0.0
1151 silly packumentCache full:https://registry.npmjs.org/strip-final-newline cache-miss
1152 http fetch GET 200 https://registry.npmjs.org/get-stream 50ms (cache miss)
1153 silly packumentCache full:https://registry.npmjs.org/get-stream set size:undefined disposed:false
1154 http fetch GET 200 https://registry.npmjs.org/is-stream 52ms (cache miss)
1155 silly packumentCache full:https://registry.npmjs.org/is-stream set size:undefined disposed:false
1156 http fetch GET 200 https://registry.npmjs.org/npm-run-path 51ms (cache miss)
1157 silly packumentCache full:https://registry.npmjs.org/npm-run-path set size:undefined disposed:false
1158 http fetch GET 200 https://registry.npmjs.org/signal-exit 53ms (cache miss)
1159 silly packumentCache full:https://registry.npmjs.org/signal-exit set size:undefined disposed:false
1160 http fetch GET 200 https://registry.npmjs.org/cross-spawn 54ms (cache miss)
1161 silly packumentCache full:https://registry.npmjs.org/cross-spawn set size:undefined disposed:false
1162 http fetch GET 200 https://registry.npmjs.org/human-signals 40ms (cache miss)
1163 silly packumentCache full:https://registry.npmjs.org/human-signals set size:undefined disposed:false
1164 http fetch GET 200 https://registry.npmjs.org/strip-final-newline 40ms (cache miss)
1165 silly packumentCache full:https://registry.npmjs.org/strip-final-newline set size:undefined disposed:false
1166 silly fetch manifest vue@>=3.0.0
1167 silly packumentCache full:https://registry.npmjs.org/vue cache-miss
1168 http cache https://registry.npmjs.org/vue 4ms (cache hit)
1169 silly packumentCache full:https://registry.npmjs.org/vue set size:2032433 disposed:false
1170 silly fetch manifest typescript@*
1171 silly packumentCache full:https://registry.npmjs.org/typescript cache-miss
1172 http cache https://registry.npmjs.org/typescript 14ms (cache hit)
1173 silly packumentCache full:https://registry.npmjs.org/typescript set size:15409943 disposed:false
1174 silly placeDep ROOT @iconify/collections@1.0.681 OK for: @nuxt/icon@1.15.0 want: ^1.0.563
1175 silly placeDep ROOT @iconify/types@2.0.0 OK for: @nuxt/icon@1.15.0 want: ^2.0.0
1176 silly placeDep ROOT @iconify/utils@2.3.0 OK for: @nuxt/icon@1.15.0 want: ^2.3.0
1177 silly placeDep ROOT @iconify/vue@5.0.1 OK for: @nuxt/icon@1.15.0 want: ^5.0.0
1178 silly placeDep ROOT local-pkg@1.1.2 OK for: @nuxt/icon@1.15.0 want: ^1.1.1
1179 silly placeDep ROOT mlly@1.8.2 OK for: @nuxt/icon@1.15.0 want: ^1.7.4
1180 silly placeDep ROOT picomatch@4.0.4 OK for: @nuxt/icon@1.15.0 want: ^4.0.2
1181 silly placeDep ROOT std-env@3.10.0 OK for: @nuxt/icon@1.15.0 want: ^3.9.0
1182 silly fetch manifest @iconify/types@*
1183 silly packumentCache full:https://registry.npmjs.org/@iconify%2ftypes cache-miss
1184 silly fetch manifest debug@^4.4.0
1185 silly packumentCache full:https://registry.npmjs.org/debug cache-miss
1186 silly fetch manifest globals@^15.14.0
1187 silly packumentCache full:https://registry.npmjs.org/globals cache-miss
1188 silly fetch manifest kolorist@^1.8.0
1189 silly packumentCache full:https://registry.npmjs.org/kolorist cache-miss
1190 silly fetch manifest local-pkg@^1.0.0
1191 silly packumentCache full:https://registry.npmjs.org/local-pkg cache-miss
1192 silly fetch manifest @antfu/utils@^8.1.0
1193 silly packumentCache full:https://registry.npmjs.org/@antfu%2futils cache-miss
1194 silly fetch manifest @antfu/install-pkg@^1.0.0
1195 silly packumentCache full:https://registry.npmjs.org/@antfu%2finstall-pkg cache-miss
1196 http cache https://registry.npmjs.org/@iconify%2ftypes 3ms (cache hit)
1197 silly packumentCache full:https://registry.npmjs.org/@iconify%2ftypes set size:81426 disposed:false
1198 silly fetch manifest pkg-types@^2.3.0
1199 silly packumentCache full:https://registry.npmjs.org/pkg-types cache-hit
1200 silly fetch manifest quansync@^0.2.11
1201 silly packumentCache full:https://registry.npmjs.org/quansync cache-miss
1202 http cache https://registry.npmjs.org/local-pkg 4ms (cache hit)
1203 silly packumentCache full:https://registry.npmjs.org/local-pkg set size:37432 disposed:false
1204 silly fetch manifest acorn@^8.16.0
1205 silly packumentCache full:https://registry.npmjs.org/acorn cache-miss
1206 http cache https://registry.npmjs.org/acorn 2ms (cache hit)
1207 silly packumentCache full:https://registry.npmjs.org/acorn set size:379626 disposed:false
1208 silly fetch manifest pkg-types@^1.3.1
1209 silly packumentCache full:https://registry.npmjs.org/pkg-types cache-hit
1210 http fetch GET 200 https://registry.npmjs.org/debug 43ms (cache miss)
1211 silly packumentCache full:https://registry.npmjs.org/debug set size:undefined disposed:false
1212 http fetch GET 200 https://registry.npmjs.org/globals 45ms (cache miss)
1213 silly packumentCache full:https://registry.npmjs.org/globals set size:undefined disposed:false
1214 http fetch GET 200 https://registry.npmjs.org/@antfu%2finstall-pkg 59ms (cache miss)
1215 silly packumentCache full:https://registry.npmjs.org/@antfu%2finstall-pkg set size:undefined disposed:false
1216 http fetch GET 200 https://registry.npmjs.org/quansync 235ms (cache miss)
1217 silly packumentCache full:https://registry.npmjs.org/quansync set size:undefined disposed:false
1218 http fetch GET 200 https://registry.npmjs.org/kolorist 240ms (cache miss)
1219 silly packumentCache full:https://registry.npmjs.org/kolorist set size:undefined disposed:false
1220 http fetch GET 200 https://registry.npmjs.org/@antfu%2futils 490ms (cache miss)
1221 silly packumentCache full:https://registry.npmjs.org/@antfu%2futils set size:undefined disposed:false
1222 silly placeDep ROOT @antfu/install-pkg@1.1.0 OK for: @iconify/utils@2.3.0 want: ^1.0.0
1223 silly placeDep ROOT @antfu/utils@8.1.1 OK for: @iconify/utils@2.3.0 want: ^8.1.0
1224 silly placeDep ROOT debug@4.4.3 OK for: @iconify/utils@2.3.0 want: ^4.4.0
1225 silly placeDep ROOT globals@15.15.0 OK for: @iconify/utils@2.3.0 want: ^15.14.0
1226 silly placeDep ROOT kolorist@1.8.0 OK for: @iconify/utils@2.3.0 want: ^1.8.0
1227 silly fetch manifest package-manager-detector@^1.3.0
1228 silly packumentCache full:https://registry.npmjs.org/package-manager-detector cache-miss
1229 silly fetch manifest tinyexec@^1.0.1
1230 silly packumentCache full:https://registry.npmjs.org/tinyexec cache-miss
1231 silly fetch manifest ms@^2.1.3
1232 silly packumentCache full:https://registry.npmjs.org/ms cache-miss
1233 http fetch GET 200 https://registry.npmjs.org/tinyexec 44ms (cache miss)
1234 silly packumentCache full:https://registry.npmjs.org/tinyexec set size:undefined disposed:false
1235 http fetch GET 200 https://registry.npmjs.org/ms 45ms (cache miss)
1236 silly packumentCache full:https://registry.npmjs.org/ms set size:undefined disposed:false
1237 http fetch GET 200 https://registry.npmjs.org/package-manager-detector 243ms (cache miss)
1238 silly packumentCache full:https://registry.npmjs.org/package-manager-detector set size:undefined disposed:false
1239 silly placeDep ROOT package-manager-detector@1.6.0 OK for: @antfu/install-pkg@1.1.0 want: ^1.3.0
1240 silly placeDep ROOT tinyexec@1.1.2 OK for: @antfu/install-pkg@1.1.0 want: ^1.0.1
1241 silly fetch manifest magicast@*
1242 silly packumentCache full:https://registry.npmjs.org/magicast cache-miss
1243 http fetch GET 200 https://registry.npmjs.org/magicast 47ms (cache miss)
1244 silly packumentCache full:https://registry.npmjs.org/magicast set size:undefined disposed:false
1245 silly placeDep ROOT c12@3.3.4 OK for: @nuxt/kit@3.21.4 want: ^3.3.4
1246 silly placeDep ROOT destr@2.0.5 OK for: @nuxt/kit@3.21.4 want: ^2.0.5
1247 silly placeDep ROOT errx@0.1.0 OK for: @nuxt/kit@3.21.4 want: ^0.1.0
1248 silly placeDep ROOT exsolve@1.0.8 OK for: @nuxt/kit@3.21.4 want: ^1.0.8
1249 silly placeDep ROOT ignore@7.0.5 OK for: @nuxt/kit@3.21.4 want: ^7.0.5
1250 silly placeDep ROOT klona@2.0.6 OK for: @nuxt/kit@3.21.4 want: ^2.0.6
1251 silly placeDep ROOT knitwork@1.3.0 OK for: @nuxt/kit@3.21.4 want: ^1.3.0
1252 silly placeDep ROOT pkg-types@2.3.1 OK for: @nuxt/kit@3.21.4 want: ^2.3.1
1253 silly placeDep ROOT rc9@3.0.1 OK for: @nuxt/kit@3.21.4 want: ^3.0.1
1254 silly placeDep ROOT scule@1.3.0 OK for: @nuxt/kit@3.21.4 want: ^1.3.0
1255 silly placeDep ROOT semver@7.8.0 OK for: @nuxt/kit@3.21.4 want: ^7.7.4
1256 silly placeDep ROOT unctx@2.5.0 OK for: @nuxt/kit@3.21.4 want: ^2.5.0
1257 silly placeDep ROOT untyped@2.0.0 OK for: @nuxt/kit@3.21.4 want: ^2.0.0
1258 silly fetch manifest giget@^3.2.0
1259 silly packumentCache full:https://registry.npmjs.org/giget cache-miss
1260 silly fetch manifest dotenv@^17.3.1
1261 silly packumentCache full:https://registry.npmjs.org/dotenv cache-miss
1262 silly fetch manifest confbox@^0.2.4
1263 silly packumentCache full:https://registry.npmjs.org/confbox cache-miss
1264 silly fetch manifest confbox@^0.2.4
1265 silly packumentCache full:https://registry.npmjs.org/confbox cache-miss
1266 silly fetch manifest citty@^0.1.6
1267 silly packumentCache full:https://registry.npmjs.org/citty cache-miss
1268 http fetch GET 200 https://registry.npmjs.org/citty 42ms (cache miss)
1269 silly packumentCache full:https://registry.npmjs.org/citty set size:undefined disposed:false
1270 http fetch GET 200 https://registry.npmjs.org/confbox 43ms (cache miss)
1271 silly packumentCache full:https://registry.npmjs.org/confbox set size:undefined disposed:false
1272 http fetch GET 200 https://registry.npmjs.org/giget 51ms (cache miss)
1273 silly packumentCache full:https://registry.npmjs.org/giget set size:undefined disposed:false
1274 http fetch GET 200 https://registry.npmjs.org/confbox 53ms (cache miss)
1275 silly packumentCache full:https://registry.npmjs.org/confbox set size:undefined disposed:false
1276 http fetch GET 200 https://registry.npmjs.org/dotenv 55ms (cache miss)
1277 silly packumentCache full:https://registry.npmjs.org/dotenv set size:undefined disposed:false
1278 silly placeDep ROOT autoprefixer@10.5.0 OK for: @nuxtjs/tailwindcss@6.14.0 want: ^10.4.20
1279 silly placeDep ROOT postcss@8.5.14 OK for: autoprefixer@10.5.0 want: ^8.1.0
1280 silly placeDep ROOT postcss-nesting@13.0.2 OK for: @nuxtjs/tailwindcss@6.14.0 want: ^13.0.1
1281 silly placeDep ROOT tailwind-config-viewer@2.0.4 OK for: @nuxtjs/tailwindcss@6.14.0 want: ^2.0.4
1282 silly fetch manifest browserslist@^4.28.2
1283 silly packumentCache full:https://registry.npmjs.org/browserslist cache-miss
1284 silly fetch manifest caniuse-lite@^1.0.30001787
1285 silly packumentCache full:https://registry.npmjs.org/caniuse-lite cache-miss
1286 silly fetch manifest fraction.js@^5.3.4
1287 silly packumentCache full:https://registry.npmjs.org/fraction.js cache-miss
1288 silly fetch manifest postcss-value-parser@^4.2.0
1289 silly packumentCache full:https://registry.npmjs.org/postcss-value-parser cache-miss
1290 silly fetch manifest nanoid@^3.3.11
1291 silly packumentCache full:https://registry.npmjs.org/nanoid cache-miss
1292 silly fetch manifest postcss-selector-parser@^7.0.0
1293 silly packumentCache full:https://registry.npmjs.org/postcss-selector-parser cache-miss
1294 silly fetch manifest @csstools/selector-specificity@^5.0.0
1295 silly packumentCache full:https://registry.npmjs.org/@csstools%2fselector-specificity cache-miss
1296 http cache https://registry.npmjs.org/postcss-selector-parser 4ms (cache hit)
1297 silly packumentCache full:https://registry.npmjs.org/postcss-selector-parser set size:177140 disposed:false
1298 silly fetch manifest @csstools/selector-resolve-nested@^3.1.0
1299 silly packumentCache full:https://registry.npmjs.org/@csstools%2fselector-resolve-nested cache-miss
1300 http fetch GET 200 https://registry.npmjs.org/postcss-value-parser 47ms (cache miss)
1301 silly packumentCache full:https://registry.npmjs.org/postcss-value-parser set size:undefined disposed:false
1302 silly fetch manifest @koa/router@^12.0.1
1303 silly packumentCache full:https://registry.npmjs.org/@koa%2frouter cache-miss
1304 http fetch GET 200 https://registry.npmjs.org/fraction.js 48ms (cache miss)
1305 silly packumentCache full:https://registry.npmjs.org/fraction.js set size:undefined disposed:false
1306 silly fetch manifest commander@^6.0.0
1307 silly packumentCache full:https://registry.npmjs.org/commander cache-miss
1308 http fetch GET 200 https://registry.npmjs.org/nanoid 51ms (cache miss)
1309 silly packumentCache full:https://registry.npmjs.org/nanoid set size:undefined disposed:false
1310 silly fetch manifest fs-extra@^9.0.1
1311 silly packumentCache full:https://registry.npmjs.org/fs-extra cache-miss
1312 http fetch GET 200 https://registry.npmjs.org/browserslist 56ms (cache miss)
1313 silly packumentCache full:https://registry.npmjs.org/browserslist set size:undefined disposed:false
1314 silly fetch manifest koa@^2.14.2
1315 silly packumentCache full:https://registry.npmjs.org/koa cache-miss
1316 http fetch GET 200 https://registry.npmjs.org/commander 42ms (cache miss)
1317 silly packumentCache full:https://registry.npmjs.org/commander set size:undefined disposed:false
1318 silly fetch manifest koa-static@^5.0.0
1319 silly packumentCache full:https://registry.npmjs.org/koa-static cache-miss
1320 http fetch GET 200 https://registry.npmjs.org/fs-extra 45ms (cache miss)
1321 silly packumentCache full:https://registry.npmjs.org/fs-extra set size:undefined disposed:false
1322 silly fetch manifest open@^7.0.4
1323 silly packumentCache full:https://registry.npmjs.org/open cache-miss
1324 http fetch GET 200 https://registry.npmjs.org/caniuse-lite 104ms (cache miss)
1325 silly packumentCache full:https://registry.npmjs.org/caniuse-lite set size:undefined disposed:false
1326 silly fetch manifest portfinder@^1.0.26
1327 silly packumentCache full:https://registry.npmjs.org/portfinder cache-miss
1328 http fetch GET 200 https://registry.npmjs.org/koa 54ms (cache miss)
1329 silly packumentCache full:https://registry.npmjs.org/koa set size:undefined disposed:false
1330 silly fetch manifest replace-in-file@^6.1.0
1331 silly packumentCache full:https://registry.npmjs.org/replace-in-file cache-miss
1332 http fetch GET 200 https://registry.npmjs.org/open 39ms (cache miss)
1333 silly packumentCache full:https://registry.npmjs.org/open set size:undefined disposed:false
1334 http fetch GET 200 https://registry.npmjs.org/portfinder 45ms (cache miss)
1335 silly packumentCache full:https://registry.npmjs.org/portfinder set size:undefined disposed:false
1336 http fetch GET 200 https://registry.npmjs.org/koa-static 219ms (cache miss)
1337 silly packumentCache full:https://registry.npmjs.org/koa-static set size:undefined disposed:false
1338 http fetch GET 200 https://registry.npmjs.org/replace-in-file 243ms (cache miss)
1339 silly packumentCache full:https://registry.npmjs.org/replace-in-file set size:undefined disposed:false
1340 http fetch GET 200 https://registry.npmjs.org/@csstools%2fselector-specificity 464ms (cache miss)
1341 silly packumentCache full:https://registry.npmjs.org/@csstools%2fselector-specificity set size:undefined disposed:false
1342 http fetch GET 200 https://registry.npmjs.org/@csstools%2fselector-resolve-nested 469ms (cache miss)
1343 silly packumentCache full:https://registry.npmjs.org/@csstools%2fselector-resolve-nested set size:undefined disposed:false
1344 http fetch GET 200 https://registry.npmjs.org/@koa%2frouter 427ms (cache miss)
1345 silly packumentCache full:https://registry.npmjs.org/@koa%2frouter set size:undefined disposed:false
1346 silly placeDep ROOT browserslist@4.28.2 OK for: autoprefixer@10.5.0 want: ^4.28.2
1347 silly placeDep ROOT caniuse-lite@1.0.30001792 OK for: autoprefixer@10.5.0 want: ^1.0.30001787
1348 silly placeDep ROOT fraction.js@5.3.4 OK for: autoprefixer@10.5.0 want: ^5.3.4
1349 silly placeDep ROOT picocolors@1.1.1 OK for: autoprefixer@10.5.0 want: ^1.1.1
1350 silly placeDep ROOT postcss-value-parser@4.2.0 OK for: autoprefixer@10.5.0 want: ^4.2.0
1351 silly fetch manifest baseline-browser-mapping@^2.10.12
1352 silly packumentCache full:https://registry.npmjs.org/baseline-browser-mapping cache-miss
1353 silly fetch manifest caniuse-lite@^1.0.30001782
1354 silly packumentCache full:https://registry.npmjs.org/caniuse-lite cache-miss
1355 silly fetch manifest electron-to-chromium@^1.5.328
1356 silly packumentCache full:https://registry.npmjs.org/electron-to-chromium cache-miss
1357 silly fetch manifest node-releases@^2.0.36
1358 silly packumentCache full:https://registry.npmjs.org/node-releases cache-miss
1359 silly fetch manifest update-browserslist-db@^1.2.3
1360 silly packumentCache full:https://registry.npmjs.org/update-browserslist-db cache-miss
1361 http cache https://registry.npmjs.org/caniuse-lite 8ms (cache hit)
1362 silly packumentCache full:https://registry.npmjs.org/caniuse-lite set size:2291079 disposed:false
1363 http fetch GET 200 https://registry.npmjs.org/update-browserslist-db 41ms (cache miss)
1364 silly packumentCache full:https://registry.npmjs.org/update-browserslist-db set size:undefined disposed:false
1365 http fetch GET 200 https://registry.npmjs.org/baseline-browser-mapping 46ms (cache miss)
1366 silly packumentCache full:https://registry.npmjs.org/baseline-browser-mapping set size:undefined disposed:false
1367 http fetch GET 200 https://registry.npmjs.org/node-releases 57ms (cache miss)
1368 silly packumentCache full:https://registry.npmjs.org/node-releases set size:undefined disposed:false
1369 http fetch GET 200 https://registry.npmjs.org/electron-to-chromium 157ms (cache miss)
1370 silly packumentCache full:https://registry.npmjs.org/electron-to-chromium set size:undefined disposed:false
1371 silly fetch manifest browserslist@>= 4.21.0
1372 silly packumentCache full:https://registry.npmjs.org/browserslist cache-miss
1373 http cache https://registry.npmjs.org/browserslist 4ms (cache hit)
1374 silly packumentCache full:https://registry.npmjs.org/browserslist set size:504681 disposed:false
1375 silly placeDep ROOT baseline-browser-mapping@2.10.28 OK for: browserslist@4.28.2 want: ^2.10.12
1376 silly placeDep ROOT electron-to-chromium@1.5.353 OK for: browserslist@4.28.2 want: ^1.5.328
1377 silly placeDep ROOT node-releases@2.0.38 OK for: browserslist@4.28.2 want: ^2.0.36
1378 silly placeDep ROOT update-browserslist-db@1.2.3 OK for: browserslist@4.28.2 want: ^1.2.3
1379 silly fetch manifest escalade@^3.2.0
1380 silly packumentCache full:https://registry.npmjs.org/escalade cache-miss
1381 http fetch GET 200 https://registry.npmjs.org/escalade 45ms (cache miss)
1382 silly packumentCache full:https://registry.npmjs.org/escalade set size:undefined disposed:false
1383 silly placeDep ROOT chokidar@5.0.0 OK for: c12@3.3.4 want: ^5.0.0
1384 silly placeDep ROOT confbox@0.2.4 OK for: c12@3.3.4 want: ^0.2.4
1385 silly placeDep ROOT dotenv@17.4.2 OK for: c12@3.3.4 want: ^17.3.1
1386 silly placeDep ROOT giget@3.2.0 OK for: c12@3.3.4 want: ^3.2.0
1387 silly placeDep ROOT perfect-debounce@2.1.0 OK for: c12@3.3.4 want: ^2.1.0
1388 silly fetch manifest readdirp@^5.0.0
1389 silly packumentCache full:https://registry.npmjs.org/readdirp cache-miss
1390 http fetch GET 200 https://registry.npmjs.org/readdirp 39ms (cache miss)
1391 silly packumentCache full:https://registry.npmjs.org/readdirp set size:undefined disposed:false
1392 silly placeDep ROOT readdirp@5.0.0 OK for: chokidar@5.0.0 want: ^5.0.0
1393 silly placeDep ROOT mdn-data@2.27.1 OK for: css-tree@3.2.1 want: 2.27.1
1394 silly placeDep ROOT source-map-js@1.2.1 OK for: css-tree@3.2.1 want: ^1.2.1
1395 silly placeDep ROOT ms@2.1.3 OK for: debug@4.4.3 want: ^2.1.3
1396 silly placeDep ROOT @esbuild/aix-ppc64@0.25.12 OK for: esbuild@0.25.12 want: 0.25.12
1397 silly placeDep ROOT @esbuild/android-arm@0.25.12 OK for: esbuild@0.25.12 want: 0.25.12
1398 silly placeDep ROOT @esbuild/android-arm64@0.25.12 OK for: esbuild@0.25.12 want: 0.25.12
1399 silly placeDep ROOT @esbuild/android-x64@0.25.12 OK for: esbuild@0.25.12 want: 0.25.12
1400 silly placeDep ROOT @esbuild/darwin-arm64@0.25.12 OK for: esbuild@0.25.12 want: 0.25.12
1401 silly placeDep ROOT @esbuild/darwin-x64@0.25.12 OK for: esbuild@0.25.12 want: 0.25.12
1402 silly placeDep ROOT @esbuild/freebsd-arm64@0.25.12 OK for: esbuild@0.25.12 want: 0.25.12
1403 silly placeDep ROOT @esbuild/freebsd-x64@0.25.12 OK for: esbuild@0.25.12 want: 0.25.12
1404 silly placeDep ROOT @esbuild/linux-arm@0.25.12 OK for: esbuild@0.25.12 want: 0.25.12
1405 silly placeDep ROOT @esbuild/linux-arm64@0.25.12 OK for: esbuild@0.25.12 want: 0.25.12
1406 silly placeDep ROOT @esbuild/linux-ia32@0.25.12 OK for: esbuild@0.25.12 want: 0.25.12
1407 silly placeDep ROOT @esbuild/linux-loong64@0.25.12 OK for: esbuild@0.25.12 want: 0.25.12
1408 silly placeDep ROOT @esbuild/linux-mips64el@0.25.12 OK for: esbuild@0.25.12 want: 0.25.12
1409 silly placeDep ROOT @esbuild/linux-ppc64@0.25.12 OK for: esbuild@0.25.12 want: 0.25.12
1410 silly placeDep ROOT @esbuild/linux-riscv64@0.25.12 OK for: esbuild@0.25.12 want: 0.25.12
1411 silly placeDep ROOT @esbuild/linux-s390x@0.25.12 OK for: esbuild@0.25.12 want: 0.25.12
1412 silly placeDep ROOT @esbuild/linux-x64@0.25.12 OK for: esbuild@0.25.12 want: 0.25.12
1413 silly placeDep ROOT @esbuild/netbsd-arm64@0.25.12 OK for: esbuild@0.25.12 want: 0.25.12
1414 silly placeDep ROOT @esbuild/netbsd-x64@0.25.12 OK for: esbuild@0.25.12 want: 0.25.12
1415 silly placeDep ROOT @esbuild/openbsd-arm64@0.25.12 OK for: esbuild@0.25.12 want: 0.25.12
1416 silly placeDep ROOT @esbuild/openbsd-x64@0.25.12 OK for: esbuild@0.25.12 want: 0.25.12
1417 silly placeDep ROOT @esbuild/openharmony-arm64@0.25.12 OK for: esbuild@0.25.12 want: 0.25.12
1418 silly placeDep ROOT @esbuild/sunos-x64@0.25.12 OK for: esbuild@0.25.12 want: 0.25.12
1419 silly placeDep ROOT @esbuild/win32-arm64@0.25.12 OK for: esbuild@0.25.12 want: 0.25.12
1420 silly placeDep ROOT @esbuild/win32-ia32@0.25.12 OK for: esbuild@0.25.12 want: 0.25.12
1421 silly placeDep ROOT @esbuild/win32-x64@0.25.12 OK for: esbuild@0.25.12 want: 0.25.12
1422 silly placeDep ROOT cross-spawn@7.0.6 OK for: execa@8.0.1 want: ^7.0.3
1423 silly placeDep ROOT get-stream@8.0.1 OK for: execa@8.0.1 want: ^8.0.1
1424 silly placeDep ROOT human-signals@5.0.0 OK for: execa@8.0.1 want: ^5.0.0
1425 silly placeDep ROOT is-stream@3.0.0 OK for: execa@8.0.1 want: ^3.0.0
1426 silly placeDep ROOT merge-stream@2.0.0 OK for: execa@8.0.1 want: ^2.0.0
1427 silly placeDep ROOT npm-run-path@5.3.0 OK for: execa@8.0.1 want: ^5.1.0
1428 silly placeDep ROOT onetime@6.0.0 OK for: execa@8.0.1 want: ^6.0.0
1429 silly placeDep ROOT signal-exit@4.1.0 OK for: execa@8.0.1 want: ^4.1.0
1430 silly placeDep ROOT strip-final-newline@3.0.0 OK for: execa@8.0.1 want: ^3.0.0
1431 silly fetch manifest which@^2.0.1
1432 silly packumentCache full:https://registry.npmjs.org/which cache-miss
1433 silly fetch manifest path-key@^3.1.0
1434 silly packumentCache full:https://registry.npmjs.org/path-key cache-miss
1435 silly fetch manifest shebang-command@^2.0.0
1436 silly packumentCache full:https://registry.npmjs.org/shebang-command cache-miss
1437 silly fetch manifest path-key@^4.0.0
1438 silly packumentCache full:https://registry.npmjs.org/path-key cache-miss
1439 silly fetch manifest mimic-fn@^4.0.0
1440 silly packumentCache full:https://registry.npmjs.org/mimic-fn cache-miss
1441 http fetch GET 200 https://registry.npmjs.org/shebang-command 39ms (cache miss)
1442 silly packumentCache full:https://registry.npmjs.org/shebang-command set size:undefined disposed:false
1443 http fetch GET 200 https://registry.npmjs.org/path-key 39ms (cache miss)
1444 silly packumentCache full:https://registry.npmjs.org/path-key set size:undefined disposed:false
1445 http fetch GET 200 https://registry.npmjs.org/path-key 40ms (cache miss)
1446 silly packumentCache full:https://registry.npmjs.org/path-key set size:undefined disposed:false
1447 http fetch GET 200 https://registry.npmjs.org/which 40ms (cache miss)
1448 silly packumentCache full:https://registry.npmjs.org/which set size:undefined disposed:false
1449 http fetch GET 200 https://registry.npmjs.org/mimic-fn 44ms (cache miss)
1450 silly packumentCache full:https://registry.npmjs.org/mimic-fn set size:undefined disposed:false
1451 silly placeDep ROOT path-key@3.1.1 OK for: cross-spawn@7.0.6 want: ^3.1.0
1452 silly placeDep ROOT shebang-command@2.0.0 OK for: cross-spawn@7.0.6 want: ^2.0.0
1453 silly placeDep ROOT which@2.0.2 OK for: cross-spawn@7.0.6 want: ^2.0.1
1454 silly fetch manifest shebang-regex@^3.0.0
1455 silly packumentCache full:https://registry.npmjs.org/shebang-regex cache-miss
1456 silly fetch manifest isexe@^2.0.0
1457 silly packumentCache full:https://registry.npmjs.org/isexe cache-miss
1458 http fetch GET 200 https://registry.npmjs.org/isexe 39ms (cache miss)
1459 silly packumentCache full:https://registry.npmjs.org/isexe set size:undefined disposed:false
1460 http fetch GET 200 https://registry.npmjs.org/shebang-regex 43ms (cache miss)
1461 silly packumentCache full:https://registry.npmjs.org/shebang-regex set size:undefined disposed:false
1462 silly placeDep ROOT @capsizecss/metrics@3.7.0 OK for: fontaine@0.6.0 want: ^3.5.0
1463 silly placeDep ROOT @capsizecss/unpack@2.4.0 OK for: fontaine@0.6.0 want: ^2.4.0
1464 silly fetch manifest fontkit@^2.0.2
1465 silly packumentCache full:https://registry.npmjs.org/fontkit cache-miss
1466 silly fetch manifest cross-fetch@^3.0.4
1467 silly packumentCache full:https://registry.npmjs.org/cross-fetch cache-miss
1468 silly fetch manifest blob-to-buffer@^1.2.8
1469 silly packumentCache full:https://registry.npmjs.org/blob-to-buffer cache-miss
1470 http fetch GET 200 https://registry.npmjs.org/cross-fetch 43ms (cache miss)
1471 silly packumentCache full:https://registry.npmjs.org/cross-fetch set size:undefined disposed:false
1472 http fetch GET 200 https://registry.npmjs.org/blob-to-buffer 244ms (cache miss)
1473 silly packumentCache full:https://registry.npmjs.org/blob-to-buffer set size:undefined disposed:false
1474 http fetch GET 200 https://registry.npmjs.org/fontkit 244ms (cache miss)
1475 silly packumentCache full:https://registry.npmjs.org/fontkit set size:undefined disposed:false
1476 silly placeDep ROOT blob-to-buffer@1.2.9 OK for: @capsizecss/unpack@2.4.0 want: ^1.2.8
1477 silly placeDep ROOT cross-fetch@3.2.0 OK for: @capsizecss/unpack@2.4.0 want: ^3.0.4
1478 silly placeDep ROOT fontkit@2.0.4 OK for: @capsizecss/unpack@2.4.0 want: ^2.0.2
1479 silly fetch manifest node-fetch@^2.7.0
1480 silly packumentCache full:https://registry.npmjs.org/node-fetch cache-miss
1481 silly fetch manifest @swc/helpers@^0.5.12
1482 silly packumentCache full:https://registry.npmjs.org/@swc%2fhelpers cache-miss
1483 silly fetch manifest brotli@^1.3.2
1484 silly packumentCache full:https://registry.npmjs.org/brotli cache-miss
1485 silly fetch manifest clone@^2.1.2
1486 silly packumentCache full:https://registry.npmjs.org/clone cache-miss
1487 silly fetch manifest dfa@^1.2.0
1488 silly packumentCache full:https://registry.npmjs.org/dfa cache-miss
1489 silly fetch manifest fast-deep-equal@^3.1.3
1490 silly packumentCache full:https://registry.npmjs.org/fast-deep-equal cache-miss
1491 silly fetch manifest restructure@^3.0.0
1492 silly packumentCache full:https://registry.npmjs.org/restructure cache-miss
1493 http fetch GET 200 https://registry.npmjs.org/fast-deep-equal 38ms (cache miss)
1494 silly packumentCache full:https://registry.npmjs.org/fast-deep-equal set size:undefined disposed:false
1495 silly fetch manifest tiny-inflate@^1.0.3
1496 silly packumentCache full:https://registry.npmjs.org/tiny-inflate cache-miss
1497 http fetch GET 200 https://registry.npmjs.org/clone 47ms (cache miss)
1498 silly packumentCache full:https://registry.npmjs.org/clone set size:undefined disposed:false
1499 silly fetch manifest unicode-properties@^1.4.0
1500 silly packumentCache full:https://registry.npmjs.org/unicode-properties cache-miss
1501 http fetch GET 200 https://registry.npmjs.org/node-fetch 59ms (cache miss)
1502 silly packumentCache full:https://registry.npmjs.org/node-fetch set size:undefined disposed:false
1503 silly fetch manifest unicode-trie@^2.0.0
1504 silly packumentCache full:https://registry.npmjs.org/unicode-trie cache-miss
1505 http fetch GET 200 https://registry.npmjs.org/@swc%2fhelpers 78ms (cache miss)
1506 silly packumentCache full:https://registry.npmjs.org/@swc%2fhelpers set size:undefined disposed:false
1507 http fetch GET 200 https://registry.npmjs.org/brotli 240ms (cache miss)
1508 silly packumentCache full:https://registry.npmjs.org/brotli set size:undefined disposed:false
1509 http fetch GET 200 https://registry.npmjs.org/restructure 244ms (cache miss)
1510 silly packumentCache full:https://registry.npmjs.org/restructure set size:undefined disposed:false
1511 http fetch GET 200 https://registry.npmjs.org/dfa 245ms (cache miss)
1512 silly packumentCache full:https://registry.npmjs.org/dfa set size:undefined disposed:false
1513 http fetch GET 200 https://registry.npmjs.org/tiny-inflate 218ms (cache miss)
1514 silly packumentCache full:https://registry.npmjs.org/tiny-inflate set size:undefined disposed:false
1515 http fetch GET 200 https://registry.npmjs.org/unicode-trie 200ms (cache miss)
1516 silly packumentCache full:https://registry.npmjs.org/unicode-trie set size:undefined disposed:false
1517 http fetch GET 200 https://registry.npmjs.org/unicode-properties 237ms (cache miss)
1518 silly packumentCache full:https://registry.npmjs.org/unicode-properties set size:undefined disposed:false
1519 silly fetch manifest encoding@^0.1.0
1520 silly packumentCache full:https://registry.npmjs.org/encoding cache-miss
1521 http fetch GET 200 https://registry.npmjs.org/encoding 42ms (cache miss)
1522 silly packumentCache full:https://registry.npmjs.org/encoding set size:undefined disposed:false
1523 silly placeDep ROOT node-fetch@2.7.0 OK for: cross-fetch@3.2.0 want: ^2.7.0
1524 silly fetch manifest whatwg-url@^5.0.0
1525 silly packumentCache full:https://registry.npmjs.org/whatwg-url cache-miss
1526 http fetch GET 200 https://registry.npmjs.org/whatwg-url 40ms (cache miss)
1527 silly packumentCache full:https://registry.npmjs.org/whatwg-url set size:undefined disposed:false
1528 silly placeDep ROOT @swc/helpers@0.5.21 OK for: fontkit@2.0.4 want: ^0.5.12
1529 silly placeDep ROOT brotli@1.3.3 OK for: fontkit@2.0.4 want: ^1.3.2
1530 silly placeDep ROOT clone@2.1.2 OK for: fontkit@2.0.4 want: ^2.1.2
1531 silly placeDep ROOT dfa@1.2.0 OK for: fontkit@2.0.4 want: ^1.2.0
1532 silly placeDep ROOT fast-deep-equal@3.1.3 OK for: fontkit@2.0.4 want: ^3.1.3
1533 silly placeDep ROOT restructure@3.0.2 OK for: fontkit@2.0.4 want: ^3.0.0
1534 silly placeDep ROOT tiny-inflate@1.0.3 OK for: fontkit@2.0.4 want: ^1.0.3
1535 silly placeDep ROOT unicode-properties@1.4.1 OK for: fontkit@2.0.4 want: ^1.4.0
1536 silly placeDep ROOT unicode-trie@2.0.0 OK for: fontkit@2.0.4 want: ^2.0.0
1537 silly fetch manifest tslib@^2.8.0
1538 silly packumentCache full:https://registry.npmjs.org/tslib cache-miss
1539 silly fetch manifest base64-js@^1.1.2
1540 silly packumentCache full:https://registry.npmjs.org/base64-js cache-miss
1541 silly fetch manifest base64-js@^1.3.0
1542 silly packumentCache full:https://registry.npmjs.org/base64-js cache-miss
1543 silly fetch manifest pako@^0.2.5
1544 silly packumentCache full:https://registry.npmjs.org/pako cache-miss
1545 http fetch GET 200 https://registry.npmjs.org/base64-js 42ms (cache miss)
1546 silly packumentCache full:https://registry.npmjs.org/base64-js set size:undefined disposed:false
1547 http fetch GET 200 https://registry.npmjs.org/base64-js 42ms (cache miss)
1548 silly packumentCache full:https://registry.npmjs.org/base64-js set size:undefined disposed:false
1549 http fetch GET 200 https://registry.npmjs.org/pako 43ms (cache miss)
1550 silly packumentCache full:https://registry.npmjs.org/pako set size:undefined disposed:false
1551 http fetch GET 200 https://registry.npmjs.org/tslib 44ms (cache miss)
1552 silly packumentCache full:https://registry.npmjs.org/tslib set size:undefined disposed:false
1553 silly placeDep ROOT tslib@2.8.1 OK for: @swc/helpers@0.5.21 want: ^2.8.0
1554 silly placeDep ROOT base64-js@1.5.1 OK for: brotli@1.3.3 want: ^1.1.2
1555 silly placeDep ROOT cookie-es@1.2.3 OK for: h3@1.15.11 want: ^1.2.3
1556 silly placeDep ROOT crossws@0.3.5 OK for: h3@1.15.11 want: ^0.3.5
1557 silly placeDep ROOT iron-webcrypto@1.2.1 OK for: h3@1.15.11 want: ^1.2.1
1558 silly placeDep ROOT node-mock-http@1.0.4 OK for: h3@1.15.11 want: ^1.0.4
1559 silly placeDep ROOT radix3@1.1.2 OK for: h3@1.15.11 want: ^1.1.2
1560 silly placeDep ROOT uncrypto@0.1.3 OK for: h3@1.15.11 want: ^0.1.3
1561 silly placeDep ROOT quansync@0.2.11 OK for: local-pkg@1.1.2 want: ^0.2.11
1562 silly placeDep ROOT estree-walker@3.0.3 OK for: magic-regexp@0.10.0 want: ^3.0.3
1563 silly placeDep ROOT regexp-tree@0.1.27 OK for: magic-regexp@0.10.0 want: ^0.1.27
1564 silly placeDep ROOT type-level-regexp@0.1.17 OK for: magic-regexp@0.10.0 want: ~0.1.17
1565 silly fetch manifest @types/estree@^1.0.0
1566 silly packumentCache full:https://registry.npmjs.org/@types%2festree cache-miss
1567 http fetch GET 200 https://registry.npmjs.org/@types%2festree 65ms (cache miss)
1568 silly packumentCache full:https://registry.npmjs.org/@types%2festree set size:undefined disposed:false
1569 silly placeDep ROOT @types/estree@1.0.9 OK for: estree-walker@3.0.3 want: ^1.0.0
1570 silly placeDep ROOT @jridgewell/sourcemap-codec@1.5.5 OK for: magic-string@0.30.21 want: ^1.5.5
1571 silly placeDep ROOT acorn@8.16.0 OK for: mlly@1.8.2 want: ^8.16.0
1572 silly placeDep node_modules/mlly pkg-types@1.3.1 OK for: mlly@1.8.2 want: ^1.3.1
1573 silly fetch manifest confbox@^0.1.8
1574 silly packumentCache full:https://registry.npmjs.org/confbox cache-miss
1575 http cache https://registry.npmjs.org/confbox 1ms (cache hit)
1576 silly packumentCache full:https://registry.npmjs.org/confbox set size:44789 disposed:false
1577 silly placeDep ROOT whatwg-url@5.0.0 OK for: node-fetch@2.7.0 want: ^5.0.0
1578 silly fetch manifest tr46@~0.0.3
1579 silly packumentCache full:https://registry.npmjs.org/tr46 cache-miss
1580 silly fetch manifest webidl-conversions@^3.0.0
1581 silly packumentCache full:https://registry.npmjs.org/webidl-conversions cache-miss
1582 http fetch GET 200 https://registry.npmjs.org/webidl-conversions 38ms (cache miss)
1583 silly packumentCache full:https://registry.npmjs.org/webidl-conversions set size:undefined disposed:false
1584 http fetch GET 200 https://registry.npmjs.org/tr46 52ms (cache miss)
1585 silly packumentCache full:https://registry.npmjs.org/tr46 set size:undefined disposed:false
1586 silly placeDep node_modules/npm-run-path path-key@4.0.0 OK for: npm-run-path@5.3.0 want: ^4.0.0
1587 silly fetch manifest @nuxt/schema@^4.4.2
1588 silly packumentCache full:https://registry.npmjs.org/@nuxt%2fschema cache-miss
1589 http cache https://registry.npmjs.org/@nuxt%2fschema 2ms (cache hit)
1590 silly packumentCache full:https://registry.npmjs.org/@nuxt%2fschema set size:370791 disposed:false
1591 silly fetch manifest @vitejs/devtools@*
1592 silly packumentCache full:https://registry.npmjs.org/@vitejs%2fdevtools cache-miss
1593 http cache https://registry.npmjs.org/@vitejs%2fdevtools 1ms (cache hit)
1594 silly packumentCache full:https://registry.npmjs.org/@vitejs%2fdevtools set size:199290 disposed:false
1595 silly fetch manifest vite@*
1596 silly packumentCache full:https://registry.npmjs.org/vite cache-miss
1597 http cache https://registry.npmjs.org/vite 41ms (cache hit)
1598 silly packumentCache full:https://registry.npmjs.org/vite set size:38827474 disposed:false
1599 silly fetch manifest @vue/compiler-sfc@^3.5.17
1600 silly packumentCache full:https://registry.npmjs.org/@vue%2fcompiler-sfc cache-miss
1601 http cache https://registry.npmjs.org/@vue%2fcompiler-sfc 2ms (cache hit)
1602 silly packumentCache full:https://registry.npmjs.org/@vue%2fcompiler-sfc set size:969996 disposed:false
1603 silly fetch manifest nuxt@^3.21.4
1604 silly packumentCache full:https://registry.npmjs.org/nuxt cache-miss
1605 http cache https://registry.npmjs.org/nuxt 3ms (cache hit)
1606 silly packumentCache full:https://registry.npmjs.org/nuxt set size:1545799 disposed:false
1607 silly fetch manifest nuxt@3.21.4
1608 silly packumentCache full:https://registry.npmjs.org/nuxt cache-miss
1609 http cache https://registry.npmjs.org/nuxt 2ms (cache hit)
1610 silly packumentCache full:https://registry.npmjs.org/nuxt set size:1545799 disposed:false
1611 silly fetch manifest rolldown@^1.0.0-beta.38
1612 silly packumentCache full:https://registry.npmjs.org/rolldown cache-miss
1613 http cache https://registry.npmjs.org/rolldown 3ms (cache hit)
1614 silly packumentCache full:https://registry.npmjs.org/rolldown set size:3701484 disposed:false
1615 silly fetch manifest rollup-plugin-visualizer@^6.0.0 || ^7.0.1
1616 silly packumentCache full:https://registry.npmjs.org/rollup-plugin-visualizer cache-miss
1617 http fetch GET 200 https://registry.npmjs.org/rollup-plugin-visualizer 239ms (cache miss)
1618 silly packumentCache full:https://registry.npmjs.org/rollup-plugin-visualizer set size:undefined disposed:false
1619 silly fetch manifest rollup@2.x || 3.x || 4.x
1620 silly packumentCache full:https://registry.npmjs.org/rollup cache-miss
1621 http fetch GET 200 https://registry.npmjs.org/rollup 110ms (cache miss)
1622 silly packumentCache full:https://registry.npmjs.org/rollup set size:undefined disposed:false
1623 silly placeDep ROOT @dxup/nuxt@0.4.1 OK for: nuxt@3.21.4 want: ^0.4.1
1624 silly placeDep ROOT @nuxt/cli@3.35.1 OK for: nuxt@3.21.4 want: ^3.35.1
1625 silly placeDep ROOT @nuxt/devtools@3.2.4 OK for: nuxt@3.21.4 want: ^3.2.4
1626 silly placeDep ROOT @nuxt/nitro-server@3.21.4 OK for: nuxt@3.21.4 want: 3.21.4
1627 silly placeDep ROOT @nuxt/schema@3.21.4 OK for: nuxt@3.21.4 want: 3.21.4
1628 silly placeDep ROOT @nuxt/telemetry@2.8.0 OK for: nuxt@3.21.4 want: ^2.8.0
1629 silly placeDep ROOT @nuxt/vite-builder@3.21.4 OK for: nuxt@3.21.4 want: 3.21.4
1630 silly placeDep ROOT @unhead/vue@2.1.15 OK for: nuxt@3.21.4 want: ^2.1.13
1631 silly placeDep ROOT @vue/shared@3.5.34 OK for: nuxt@3.21.4 want: ^3.5.33
1632 silly placeDep ROOT compatx@0.2.0 OK for: nuxt@3.21.4 want: ^0.2.0
1633 silly placeDep node_modules/nuxt cookie-es@2.0.1 OK for: nuxt@3.21.4 want: ^2.0.1
1634 silly placeDep ROOT devalue@5.8.0 OK for: nuxt@3.21.4 want: ^5.7.1
1635 silly placeDep ROOT escape-string-regexp@5.0.0 OK for: nuxt@3.21.4 want: ^5.0.0
1636 silly placeDep ROOT hookable@5.5.3 OK for: nuxt@3.21.4 want: ^5.5.3
1637 silly placeDep ROOT impound@1.1.5 OK for: nuxt@3.21.4 want: ^1.1.5
1638 silly placeDep ROOT nanotar@0.3.0 OK for: nuxt@3.21.4 want: ^0.3.0
1639 silly placeDep ROOT nypm@0.6.6 OK for: nuxt@3.21.4 want: ^0.6.6
1640 silly placeDep ROOT ofetch@1.5.1 OK for: nuxt@3.21.4 want: ^1.5.1
1641 silly placeDep ROOT on-change@6.0.2 OK for: nuxt@3.21.4 want: ^6.0.2
1642 silly placeDep ROOT oxc-minify@0.128.0 OK for: nuxt@3.21.4 want: ^0.128.0
1643 silly placeDep ROOT oxc-parser@0.128.0 OK for: nuxt@3.21.4 want: ^0.128.0
1644 silly placeDep ROOT oxc-transform@0.128.0 OK for: nuxt@3.21.4 want: ^0.128.0
1645 silly placeDep ROOT oxc-walker@0.7.0 OK for: nuxt@3.21.4 want: ^0.7.0
1646 silly placeDep ROOT rou3@0.8.1 OK for: nuxt@3.21.4 want: ^0.8.1
1647 silly placeDep node_modules/nuxt std-env@4.1.0 OK for: nuxt@3.21.4 want: ^4.1.0
1648 silly placeDep ROOT ultrahtml@1.6.0 OK for: nuxt@3.21.4 want: ^1.6.0
1649 silly placeDep ROOT unimport@6.2.0 OK for: nuxt@3.21.4 want: ^6.2.0
1650 silly placeDep node_modules/nuxt unplugin@3.0.0 OK for: nuxt@3.21.4 want: ^3.0.0
1651 silly placeDep ROOT unplugin-vue-router@0.19.2 OK for: nuxt@3.21.4 want: ^0.19.2
1652 silly placeDep ROOT @vue/compiler-sfc@3.5.34 OK for: unplugin-vue-router@0.19.2 want: ^3.5.17
1653 silly fetch manifest @nuxt/kit@^4.4.2
1654 silly packumentCache full:https://registry.npmjs.org/@nuxt%2fkit cache-hit
1655 silly fetch manifest @dxup/unimport@^0.1.2
1656 silly packumentCache full:https://registry.npmjs.org/@dxup%2funimport cache-miss
1657 silly fetch manifest @bomb.sh/tab@^0.0.14
1658 silly packumentCache full:https://registry.npmjs.org/@bomb.sh%2ftab cache-miss
1659 silly fetch manifest @clack/prompts@^1.2.0
1660 silly packumentCache full:https://registry.npmjs.org/@clack%2fprompts cache-miss
1661 silly fetch manifest citty@^0.2.2
1662 silly packumentCache full:https://registry.npmjs.org/citty cache-miss
1663 silly fetch manifest fuse.js@^7.3.0
1664 silly packumentCache full:https://registry.npmjs.org/fuse.js cache-miss
1665 silly fetch manifest fzf@^0.5.2
1666 silly packumentCache full:https://registry.npmjs.org/fzf cache-miss
1667 silly fetch manifest listhen@^1.9.1
1668 silly packumentCache full:https://registry.npmjs.org/listhen cache-miss
1669 http cache https://registry.npmjs.org/citty 2ms (cache hit)
1670 silly packumentCache full:https://registry.npmjs.org/citty set size:38582 disposed:false
1671 silly fetch manifest srvx@^0.11.15
1672 silly packumentCache full:https://registry.npmjs.org/srvx cache-miss
1673 http fetch GET 200 https://registry.npmjs.org/srvx 41ms (cache miss)
1674 silly packumentCache full:https://registry.npmjs.org/srvx set size:undefined disposed:false
1675 silly fetch manifest tinyclip@^0.1.12
1676 silly packumentCache full:https://registry.npmjs.org/tinyclip cache-miss
1677 http fetch GET 200 https://registry.npmjs.org/fzf 47ms (cache miss)
1678 silly packumentCache full:https://registry.npmjs.org/fzf set size:undefined disposed:false
1679 silly fetch manifest youch@^4.1.1
1680 silly packumentCache full:https://registry.npmjs.org/youch cache-miss
1681 http fetch GET 200 https://registry.npmjs.org/fuse.js 48ms (cache miss)
1682 silly packumentCache full:https://registry.npmjs.org/fuse.js set size:undefined disposed:false
1683 silly fetch manifest ws@^8.19.0
1684 silly packumentCache full:https://registry.npmjs.org/ws cache-miss
1685 http fetch GET 200 https://registry.npmjs.org/@clack%2fprompts 63ms (cache miss)
1686 silly packumentCache full:https://registry.npmjs.org/@clack%2fprompts set size:undefined disposed:false
1687 silly fetch manifest nypm@^0.6.5
1688 silly packumentCache full:https://registry.npmjs.org/nypm cache-miss
1689 http cache https://registry.npmjs.org/nypm 2ms (cache hit)
1690 silly packumentCache full:https://registry.npmjs.org/nypm set size:84925 disposed:false
1691 silly fetch manifest birpc@^4.0.0
1692 silly packumentCache full:https://registry.npmjs.org/birpc cache-miss
1693 http fetch GET 200 https://registry.npmjs.org/ws 48ms (cache miss)
1694 silly packumentCache full:https://registry.npmjs.org/ws set size:undefined disposed:false
1695 silly fetch manifest which@^6.0.1
1696 silly packumentCache full:https://registry.npmjs.org/which cache-miss
1697 http cache https://registry.npmjs.org/which 1ms (cache hit)
1698 silly packumentCache full:https://registry.npmjs.org/which set size:70143 disposed:false
1699 silly fetch manifest hookable@^6.1.0
1700 silly packumentCache full:https://registry.npmjs.org/hookable cache-miss
1701 http cache https://registry.npmjs.org/hookable 1ms (cache hit)
1702 silly packumentCache full:https://registry.npmjs.org/hookable set size:114658 disposed:false
1703 silly fetch manifest magicast@^0.5.2
1704 silly packumentCache full:https://registry.npmjs.org/magicast cache-miss
1705 http cache https://registry.npmjs.org/magicast 1ms (cache hit)
1706 silly packumentCache full:https://registry.npmjs.org/magicast set size:81021 disposed:false
1707 silly fetch manifest image-meta@^0.2.2
1708 silly packumentCache full:https://registry.npmjs.org/image-meta cache-miss
1709 http fetch GET 200 https://registry.npmjs.org/listhen 241ms (cache miss)
1710 silly packumentCache full:https://registry.npmjs.org/listhen set size:undefined disposed:false
1711 silly fetch manifest simple-git@^3.33.0
1712 silly packumentCache full:https://registry.npmjs.org/simple-git cache-miss
1713 http fetch GET 200 https://registry.npmjs.org/tinyclip 223ms (cache miss)
1714 silly packumentCache full:https://registry.npmjs.org/tinyclip set size:undefined disposed:false
1715 silly fetch manifest fast-npm-meta@^1.4.2
1716 silly packumentCache full:https://registry.npmjs.org/fast-npm-meta cache-miss
1717 http fetch GET 200 https://registry.npmjs.org/youch 231ms (cache miss)
1718 silly packumentCache full:https://registry.npmjs.org/youch set size:undefined disposed:false
1719 silly fetch manifest launch-editor@^2.13.1
1720 silly packumentCache full:https://registry.npmjs.org/launch-editor cache-miss
1721 http fetch GET 200 https://registry.npmjs.org/simple-git 55ms (cache miss)
1722 silly packumentCache full:https://registry.npmjs.org/simple-git set size:undefined disposed:false
1723 silly fetch manifest get-port-please@^3.2.0
1724 silly packumentCache full:https://registry.npmjs.org/get-port-please cache-miss
1725 http fetch GET 200 https://registry.npmjs.org/birpc 237ms (cache miss)
1726 silly packumentCache full:https://registry.npmjs.org/birpc set size:undefined disposed:false
1727 silly fetch manifest @vue/devtools-kit@^8.1.0
1728 silly packumentCache full:https://registry.npmjs.org/@vue%2fdevtools-kit cache-miss
1729 http fetch GET 200 https://registry.npmjs.org/launch-editor 42ms (cache miss)
1730 silly packumentCache full:https://registry.npmjs.org/launch-editor set size:undefined disposed:false
1731 silly fetch manifest @nuxt/devtools-kit@3.2.4
1732 silly packumentCache full:https://registry.npmjs.org/@nuxt%2fdevtools-kit cache-miss
1733 http cache https://registry.npmjs.org/@nuxt%2fdevtools-kit 3ms (cache hit)
1734 silly packumentCache full:https://registry.npmjs.org/@nuxt%2fdevtools-kit set size:314961 disposed:false
1735 silly fetch manifest @vue/devtools-core@^8.1.0
1736 silly packumentCache full:https://registry.npmjs.org/@vue%2fdevtools-core cache-miss
1737 http fetch GET 200 https://registry.npmjs.org/@vue%2fdevtools-kit 61ms (cache miss)
1738 silly packumentCache full:https://registry.npmjs.org/@vue%2fdevtools-kit set size:undefined disposed:false
1739 silly fetch manifest structured-clone-es@^2.0.0
1740 silly packumentCache full:https://registry.npmjs.org/structured-clone-es cache-miss
1741 http fetch GET 200 https://registry.npmjs.org/fast-npm-meta 227ms (cache miss)
1742 silly packumentCache full:https://registry.npmjs.org/fast-npm-meta set size:undefined disposed:false
1743 silly fetch manifest vite-plugin-inspect@^11.3.3
1744 silly packumentCache full:https://registry.npmjs.org/vite-plugin-inspect cache-miss
1745 http fetch GET 200 https://registry.npmjs.org/@bomb.sh%2ftab 507ms (cache miss)
1746 silly packumentCache full:https://registry.npmjs.org/@bomb.sh%2ftab set size:undefined disposed:false
1747 silly fetch manifest @nuxt/devtools-wizard@3.2.4
1748 silly packumentCache full:https://registry.npmjs.org/@nuxt%2fdevtools-wizard cache-miss
1749 http fetch GET 200 https://registry.npmjs.org/get-port-please 219ms (cache miss)
1750 silly packumentCache full:https://registry.npmjs.org/get-port-please set size:undefined disposed:false
1751 silly fetch manifest error-stack-parser-es@^1.0.5
1752 silly packumentCache full:https://registry.npmjs.org/error-stack-parser-es cache-miss
1753 http fetch GET 200 https://registry.npmjs.org/structured-clone-es 263ms (cache miss)
1754 silly packumentCache full:https://registry.npmjs.org/structured-clone-es set size:undefined disposed:false
1755 silly fetch manifest is-installed-globally@^1.0.0
1756 silly packumentCache full:https://registry.npmjs.org/is-installed-globally cache-miss
1757 http fetch GET 200 https://registry.npmjs.org/image-meta 547ms (cache miss)
1758 silly packumentCache full:https://registry.npmjs.org/image-meta set size:undefined disposed:false
1759 silly fetch manifest vite-plugin-vue-tracer@^1.3.0
1760 silly packumentCache full:https://registry.npmjs.org/vite-plugin-vue-tracer cache-miss
1761 http fetch GET 200 https://registry.npmjs.org/@dxup%2funimport 671ms (cache miss)
1762 silly packumentCache full:https://registry.npmjs.org/@dxup%2funimport set size:undefined disposed:false
1763 silly fetch manifest @nuxt/devalue@^2.0.2
1764 silly packumentCache full:https://registry.npmjs.org/@nuxt%2fdevalue cache-miss
1765 http fetch GET 200 https://registry.npmjs.org/vite-plugin-inspect 245ms (cache miss)
1766 silly packumentCache full:https://registry.npmjs.org/vite-plugin-inspect set size:undefined disposed:false
1767 silly fetch manifest mocked-exports@^0.1.1
1768 silly packumentCache full:https://registry.npmjs.org/mocked-exports cache-miss
1769 http fetch GET 200 https://registry.npmjs.org/error-stack-parser-es 229ms (cache miss)
1770 silly packumentCache full:https://registry.npmjs.org/error-stack-parser-es set size:undefined disposed:false
1771 silly fetch manifest nitropack@^2.13.4
1772 silly packumentCache full:https://registry.npmjs.org/nitropack cache-miss
1773 http fetch GET 200 https://registry.npmjs.org/@vue%2fdevtools-core 509ms (cache miss)
1774 silly packumentCache full:https://registry.npmjs.org/@vue%2fdevtools-core set size:undefined disposed:false
1775 silly fetch manifest vue-bundle-renderer@^2.2.0
1776 silly packumentCache full:https://registry.npmjs.org/vue-bundle-renderer cache-miss
1777 http fetch GET 200 https://registry.npmjs.org/vite-plugin-vue-tracer 223ms (cache miss)
1778 silly packumentCache full:https://registry.npmjs.org/vite-plugin-vue-tracer set size:undefined disposed:false
1779 silly fetch manifest vue-devtools-stub@^0.1.0
1780 silly packumentCache full:https://registry.npmjs.org/vue-devtools-stub cache-miss
1781 http fetch GET 200 https://registry.npmjs.org/is-installed-globally 293ms (cache miss)
1782 silly packumentCache full:https://registry.npmjs.org/is-installed-globally set size:undefined disposed:false
1783 silly fetch manifest citty@^0.2.1
1784 silly packumentCache full:https://registry.npmjs.org/citty cache-hit
1785 silly fetch manifest ofetch@^2.0.0-alpha.3
1786 silly packumentCache full:https://registry.npmjs.org/ofetch cache-miss
1787 http cache https://registry.npmjs.org/ofetch 2ms (cache hit)
1788 silly packumentCache full:https://registry.npmjs.org/ofetch set size:75280 disposed:false
1789 silly fetch manifest std-env@^4.0.0
1790 silly packumentCache full:https://registry.npmjs.org/std-env cache-hit
1791 silly fetch manifest @rollup/plugin-replace@^6.0.3
1792 silly packumentCache full:https://registry.npmjs.org/@rollup%2fplugin-replace cache-miss
1793 http fetch GET 200 https://registry.npmjs.org/@nuxt%2fdevtools-wizard 421ms (cache miss)
1794 silly packumentCache full:https://registry.npmjs.org/@nuxt%2fdevtools-wizard set size:undefined disposed:false
1795 silly fetch manifest @vitejs/plugin-vue@^6.0.6
1796 silly packumentCache full:https://registry.npmjs.org/@vitejs%2fplugin-vue cache-miss
1797 http fetch GET 200 https://registry.npmjs.org/mocked-exports 240ms (cache miss)
1798 silly packumentCache full:https://registry.npmjs.org/mocked-exports set size:undefined disposed:false
1799 silly fetch manifest @vitejs/plugin-vue-jsx@^5.1.5
1800 silly packumentCache full:https://registry.npmjs.org/@vitejs%2fplugin-vue-jsx cache-miss
1801 http fetch GET 200 https://registry.npmjs.org/@vitejs%2fplugin-vue 59ms (cache miss)
1802 silly packumentCache full:https://registry.npmjs.org/@vitejs%2fplugin-vue set size:undefined disposed:false
1803 silly fetch manifest cssnano@^7.1.7
1804 silly packumentCache full:https://registry.npmjs.org/cssnano cache-miss
1805 http fetch GET 200 https://registry.npmjs.org/nitropack 248ms (cache miss)
1806 silly packumentCache full:https://registry.npmjs.org/nitropack set size:undefined disposed:false
1807 silly fetch manifest externality@^1.0.2
1808 silly packumentCache full:https://registry.npmjs.org/externality cache-miss
1809 http fetch GET 200 https://registry.npmjs.org/cssnano 50ms (cache miss)
1810 silly packumentCache full:https://registry.npmjs.org/cssnano set size:undefined disposed:false
1811 silly fetch manifest seroval@^1.5.2
1812 silly packumentCache full:https://registry.npmjs.org/seroval cache-miss
1813 http fetch GET 200 https://registry.npmjs.org/vue-bundle-renderer 233ms (cache miss)
1814 silly packumentCache full:https://registry.npmjs.org/vue-bundle-renderer set size:undefined disposed:false
1815 silly fetch manifest unenv@^2.0.0-rc.24
1816 silly packumentCache full:https://registry.npmjs.org/unenv cache-miss
1817 http fetch GET 200 https://registry.npmjs.org/vue-devtools-stub 241ms (cache miss)
1818 silly packumentCache full:https://registry.npmjs.org/vue-devtools-stub set size:undefined disposed:false
1819 silly fetch manifest vite@^7.3.2
1820 silly packumentCache full:https://registry.npmjs.org/vite cache-miss
1821 http cache https://registry.npmjs.org/vite 49ms (cache hit)
1822 silly packumentCache full:https://registry.npmjs.org/vite set size:38827474 disposed:false
1823 silly fetch manifest vite-node@^5.3.0
1824 silly packumentCache full:https://registry.npmjs.org/vite-node cache-miss
1825 http fetch GET 200 https://registry.npmjs.org/@nuxt%2fdevalue 621ms (cache miss)
1826 silly packumentCache full:https://registry.npmjs.org/@nuxt%2fdevalue set size:undefined disposed:false
1827 silly fetch manifest vite-plugin-checker@^0.13.0
1828 silly packumentCache full:https://registry.npmjs.org/vite-plugin-checker cache-miss
1829 http fetch GET 200 https://registry.npmjs.org/externality 289ms (cache miss)
1830 silly packumentCache full:https://registry.npmjs.org/externality set size:undefined disposed:false
1831 silly fetch manifest hookable@^6.0.1
1832 silly packumentCache full:https://registry.npmjs.org/hookable cache-hit
1833 silly fetch manifest unhead@2.1.15
1834 silly packumentCache full:https://registry.npmjs.org/unhead cache-miss
1835 http fetch GET 200 https://registry.npmjs.org/seroval 247ms (cache miss)
1836 silly packumentCache full:https://registry.npmjs.org/seroval set size:undefined disposed:false
1837 silly fetch manifest @jridgewell/trace-mapping@^0.3.31
1838 silly packumentCache full:https://registry.npmjs.org/@jridgewell%2ftrace-mapping cache-miss
1839 http fetch GET 200 https://registry.npmjs.org/unenv 245ms (cache miss)
1840 silly packumentCache full:https://registry.npmjs.org/unenv set size:undefined disposed:false
1841 silly fetch manifest es-module-lexer@^2.0.0
1842 silly packumentCache full:https://registry.npmjs.org/es-module-lexer cache-miss
1843 http fetch GET 200 https://registry.npmjs.org/vite-node 72ms (cache miss)
1844 silly packumentCache full:https://registry.npmjs.org/vite-node set size:undefined disposed:false
1845 silly fetch manifest unplugin-utils@^0.3.1
1846 silly packumentCache full:https://registry.npmjs.org/unplugin-utils cache-miss
1847 http fetch GET 200 https://registry.npmjs.org/es-module-lexer 50ms (cache miss)
1848 silly packumentCache full:https://registry.npmjs.org/es-module-lexer set size:undefined disposed:false
1849 silly fetch manifest @oxc-minify/binding-darwin-x64@0.128.0
1850 silly packumentCache full:https://registry.npmjs.org/@oxc-minify%2fbinding-darwin-x64 cache-miss
1851 http fetch GET 200 https://registry.npmjs.org/@rollup%2fplugin-replace 503ms (cache miss)
1852 silly packumentCache full:https://registry.npmjs.org/@rollup%2fplugin-replace set size:undefined disposed:false
1853 silly fetch manifest @oxc-minify/binding-freebsd-x64@0.128.0
1854 silly packumentCache full:https://registry.npmjs.org/@oxc-minify%2fbinding-freebsd-x64 cache-miss
1855 http fetch GET 200 https://registry.npmjs.org/@vitejs%2fplugin-vue-jsx 460ms (cache miss)
1856 silly packumentCache full:https://registry.npmjs.org/@vitejs%2fplugin-vue-jsx set size:undefined disposed:false
1857 silly fetch manifest @oxc-minify/binding-wasm32-wasi@0.128.0
1858 silly packumentCache full:https://registry.npmjs.org/@oxc-minify%2fbinding-wasm32-wasi cache-miss
1859 http fetch GET 200 https://registry.npmjs.org/vite-plugin-checker 231ms (cache miss)
1860 silly packumentCache full:https://registry.npmjs.org/vite-plugin-checker set size:undefined disposed:false
1861 silly fetch manifest @oxc-minify/binding-darwin-arm64@0.128.0
1862 silly packumentCache full:https://registry.npmjs.org/@oxc-minify%2fbinding-darwin-arm64 cache-miss
1863 http fetch GET 200 https://registry.npmjs.org/unhead 235ms (cache miss)
1864 silly packumentCache full:https://registry.npmjs.org/unhead set size:undefined disposed:false
1865 silly fetch manifest @oxc-minify/binding-android-arm64@0.128.0
1866 silly packumentCache full:https://registry.npmjs.org/@oxc-minify%2fbinding-android-arm64 cache-miss
1867 http fetch GET 200 https://registry.npmjs.org/@jridgewell%2ftrace-mapping 248ms (cache miss)
1868 silly packumentCache full:https://registry.npmjs.org/@jridgewell%2ftrace-mapping set size:undefined disposed:false
1869 silly fetch manifest @oxc-minify/binding-linux-x64-gnu@0.128.0
1870 silly packumentCache full:https://registry.npmjs.org/@oxc-minify%2fbinding-linux-x64-gnu cache-miss
1871 http fetch GET 200 https://registry.npmjs.org/unplugin-utils 238ms (cache miss)
1872 silly packumentCache full:https://registry.npmjs.org/unplugin-utils set size:undefined disposed:false
1873 silly fetch manifest @oxc-minify/binding-linux-x64-musl@0.128.0
1874 silly packumentCache full:https://registry.npmjs.org/@oxc-minify%2fbinding-linux-x64-musl cache-miss
1875 http fetch GET 200 https://registry.npmjs.org/@oxc-minify%2fbinding-darwin-x64 526ms (cache miss)
1876 silly packumentCache full:https://registry.npmjs.org/@oxc-minify%2fbinding-darwin-x64 set size:undefined disposed:false
1877 silly fetch manifest @oxc-minify/binding-win32-x64-msvc@0.128.0
1878 silly packumentCache full:https://registry.npmjs.org/@oxc-minify%2fbinding-win32-x64-msvc cache-miss
1879 http fetch GET 200 https://registry.npmjs.org/@oxc-minify%2fbinding-freebsd-x64 509ms (cache miss)
1880 silly packumentCache full:https://registry.npmjs.org/@oxc-minify%2fbinding-freebsd-x64 set size:undefined disposed:false
1881 silly fetch manifest @oxc-minify/binding-linux-arm64-gnu@0.128.0
1882 silly packumentCache full:https://registry.npmjs.org/@oxc-minify%2fbinding-linux-arm64-gnu cache-miss
1883 http fetch GET 200 https://registry.npmjs.org/@oxc-minify%2fbinding-android-arm64 463ms (cache miss)
1884 silly packumentCache full:https://registry.npmjs.org/@oxc-minify%2fbinding-android-arm64 set size:undefined disposed:false
1885 silly fetch manifest @oxc-minify/binding-linux-ppc64-gnu@0.128.0
1886 silly packumentCache full:https://registry.npmjs.org/@oxc-minify%2fbinding-linux-ppc64-gnu cache-miss
1887 http fetch GET 200 https://registry.npmjs.org/@oxc-minify%2fbinding-darwin-arm64 481ms (cache miss)
1888 silly packumentCache full:https://registry.npmjs.org/@oxc-minify%2fbinding-darwin-arm64 set size:undefined disposed:false
1889 silly fetch manifest @oxc-minify/binding-linux-s390x-gnu@0.128.0
1890 silly packumentCache full:https://registry.npmjs.org/@oxc-minify%2fbinding-linux-s390x-gnu cache-miss
1891 http fetch GET 200 https://registry.npmjs.org/@oxc-minify%2fbinding-linux-x64-gnu 492ms (cache miss)
1892 silly packumentCache full:https://registry.npmjs.org/@oxc-minify%2fbinding-linux-x64-gnu set size:undefined disposed:false
1893 silly fetch manifest @oxc-minify/binding-win32-ia32-msvc@0.128.0
1894 silly packumentCache full:https://registry.npmjs.org/@oxc-minify%2fbinding-win32-ia32-msvc cache-miss
1895 http fetch GET 200 https://registry.npmjs.org/@oxc-minify%2fbinding-wasm32-wasi 615ms (cache miss)
1896 silly packumentCache full:https://registry.npmjs.org/@oxc-minify%2fbinding-wasm32-wasi set size:undefined disposed:false
1897 silly fetch manifest @oxc-minify/binding-android-arm-eabi@0.128.0
1898 silly packumentCache full:https://registry.npmjs.org/@oxc-minify%2fbinding-android-arm-eabi cache-miss
1899 http fetch GET 200 https://registry.npmjs.org/@oxc-minify%2fbinding-linux-x64-musl 484ms (cache miss)
1900 silly packumentCache full:https://registry.npmjs.org/@oxc-minify%2fbinding-linux-x64-musl set size:undefined disposed:false
1901 silly fetch manifest @oxc-minify/binding-linux-arm64-musl@0.128.0
1902 silly packumentCache full:https://registry.npmjs.org/@oxc-minify%2fbinding-linux-arm64-musl cache-miss
1903 http fetch GET 200 https://registry.npmjs.org/@oxc-minify%2fbinding-linux-ppc64-gnu 517ms (cache miss)
1904 silly packumentCache full:https://registry.npmjs.org/@oxc-minify%2fbinding-linux-ppc64-gnu set size:undefined disposed:false
1905 silly fetch manifest @oxc-minify/binding-win32-arm64-msvc@0.128.0
1906 silly packumentCache full:https://registry.npmjs.org/@oxc-minify%2fbinding-win32-arm64-msvc cache-miss
1907 http fetch GET 200 https://registry.npmjs.org/@oxc-minify%2fbinding-win32-ia32-msvc 478ms (cache miss)
1908 silly packumentCache full:https://registry.npmjs.org/@oxc-minify%2fbinding-win32-ia32-msvc set size:undefined disposed:false
1909 silly fetch manifest @oxc-minify/binding-linux-riscv64-gnu@0.128.0
1910 silly packumentCache full:https://registry.npmjs.org/@oxc-minify%2fbinding-linux-riscv64-gnu cache-miss
1911 http fetch GET 200 https://registry.npmjs.org/@oxc-minify%2fbinding-android-arm-eabi 449ms (cache miss)
1912 silly packumentCache full:https://registry.npmjs.org/@oxc-minify%2fbinding-android-arm-eabi set size:undefined disposed:false
1913 silly fetch manifest @oxc-minify/binding-openharmony-arm64@0.128.0
1914 silly packumentCache full:https://registry.npmjs.org/@oxc-minify%2fbinding-openharmony-arm64 cache-miss
1915 http fetch GET 200 https://registry.npmjs.org/@oxc-minify%2fbinding-win32-x64-msvc 596ms (cache miss)
1916 silly packumentCache full:https://registry.npmjs.org/@oxc-minify%2fbinding-win32-x64-msvc set size:undefined disposed:false
1917 silly fetch manifest @oxc-minify/binding-linux-riscv64-musl@0.128.0
1918 silly packumentCache full:https://registry.npmjs.org/@oxc-minify%2fbinding-linux-riscv64-musl cache-miss
1919 http fetch GET 200 https://registry.npmjs.org/@oxc-minify%2fbinding-linux-arm64-gnu 580ms (cache miss)
1920 silly packumentCache full:https://registry.npmjs.org/@oxc-minify%2fbinding-linux-arm64-gnu set size:undefined disposed:false
1921 silly fetch manifest @oxc-minify/binding-linux-arm-gnueabihf@0.128.0
1922 silly packumentCache full:https://registry.npmjs.org/@oxc-minify%2fbinding-linux-arm-gnueabihf cache-miss
1923 http fetch GET 200 https://registry.npmjs.org/@oxc-minify%2fbinding-linux-arm64-musl 469ms (cache miss)
1924 silly packumentCache full:https://registry.npmjs.org/@oxc-minify%2fbinding-linux-arm64-musl set size:undefined disposed:false
1925 silly fetch manifest @oxc-minify/binding-linux-arm-musleabihf@0.128.0
1926 silly packumentCache full:https://registry.npmjs.org/@oxc-minify%2fbinding-linux-arm-musleabihf cache-miss
1927 http fetch GET 200 https://registry.npmjs.org/@oxc-minify%2fbinding-linux-s390x-gnu 587ms (cache miss)
1928 silly packumentCache full:https://registry.npmjs.org/@oxc-minify%2fbinding-linux-s390x-gnu set size:undefined disposed:false
1929 silly fetch manifest @oxc-project/types@^0.128.0
1930 silly packumentCache full:https://registry.npmjs.org/@oxc-project%2ftypes cache-miss
1931 http fetch GET 200 https://registry.npmjs.org/@oxc-project%2ftypes 56ms (cache miss)
1932 silly packumentCache full:https://registry.npmjs.org/@oxc-project%2ftypes set size:undefined disposed:false
1933 silly fetch manifest @oxc-parser/binding-darwin-x64@0.128.0
1934 silly packumentCache full:https://registry.npmjs.org/@oxc-parser%2fbinding-darwin-x64 cache-miss
1935 http fetch GET 200 https://registry.npmjs.org/@oxc-minify%2fbinding-openharmony-arm64 448ms (cache miss)
1936 silly packumentCache full:https://registry.npmjs.org/@oxc-minify%2fbinding-openharmony-arm64 set size:undefined disposed:false
1937 silly fetch manifest @oxc-parser/binding-freebsd-x64@0.128.0
1938 silly packumentCache full:https://registry.npmjs.org/@oxc-parser%2fbinding-freebsd-x64 cache-miss
1939 http fetch GET 200 https://registry.npmjs.org/@oxc-minify%2fbinding-win32-arm64-msvc 454ms (cache miss)
1940 silly packumentCache full:https://registry.npmjs.org/@oxc-minify%2fbinding-win32-arm64-msvc set size:undefined disposed:false
1941 silly fetch manifest @oxc-parser/binding-wasm32-wasi@0.128.0
1942 silly packumentCache full:https://registry.npmjs.org/@oxc-parser%2fbinding-wasm32-wasi cache-miss
1943 http fetch GET 200 https://registry.npmjs.org/@oxc-minify%2fbinding-linux-arm-gnueabihf 462ms (cache miss)
1944 silly packumentCache full:https://registry.npmjs.org/@oxc-minify%2fbinding-linux-arm-gnueabihf set size:undefined disposed:false
1945 silly fetch manifest @oxc-parser/binding-darwin-arm64@0.128.0
1946 silly packumentCache full:https://registry.npmjs.org/@oxc-parser%2fbinding-darwin-arm64 cache-miss
1947 http fetch GET 200 https://registry.npmjs.org/@oxc-minify%2fbinding-linux-riscv64-musl 468ms (cache miss)
1948 silly packumentCache full:https://registry.npmjs.org/@oxc-minify%2fbinding-linux-riscv64-musl set size:undefined disposed:false
1949 silly fetch manifest @oxc-parser/binding-android-arm64@0.128.0
1950 silly packumentCache full:https://registry.npmjs.org/@oxc-parser%2fbinding-android-arm64 cache-miss
1951 http fetch GET 200 https://registry.npmjs.org/@oxc-minify%2fbinding-linux-riscv64-gnu 480ms (cache miss)
1952 silly packumentCache full:https://registry.npmjs.org/@oxc-minify%2fbinding-linux-riscv64-gnu set size:undefined disposed:false
1953 silly fetch manifest @oxc-parser/binding-linux-x64-gnu@0.128.0
1954 silly packumentCache full:https://registry.npmjs.org/@oxc-parser%2fbinding-linux-x64-gnu cache-miss
1955 http fetch GET 200 https://registry.npmjs.org/@oxc-minify%2fbinding-linux-arm-musleabihf 483ms (cache miss)
1956 silly packumentCache full:https://registry.npmjs.org/@oxc-minify%2fbinding-linux-arm-musleabihf set size:undefined disposed:false
1957 silly fetch manifest @oxc-parser/binding-linux-x64-musl@0.128.0
1958 silly packumentCache full:https://registry.npmjs.org/@oxc-parser%2fbinding-linux-x64-musl cache-miss
1959 http fetch GET 200 https://registry.npmjs.org/@oxc-parser%2fbinding-darwin-x64 709ms (cache miss)
1960 silly packumentCache full:https://registry.npmjs.org/@oxc-parser%2fbinding-darwin-x64 set size:undefined disposed:false
1961 silly fetch manifest @oxc-parser/binding-win32-x64-msvc@0.128.0
1962 silly packumentCache full:https://registry.npmjs.org/@oxc-parser%2fbinding-win32-x64-msvc cache-miss
1963 http fetch GET 200 https://registry.npmjs.org/@oxc-parser%2fbinding-freebsd-x64 455ms (cache miss)
1964 silly packumentCache full:https://registry.npmjs.org/@oxc-parser%2fbinding-freebsd-x64 set size:undefined disposed:false
1965 silly fetch manifest @oxc-parser/binding-linux-arm64-gnu@0.128.0
1966 silly packumentCache full:https://registry.npmjs.org/@oxc-parser%2fbinding-linux-arm64-gnu cache-miss
1967 http fetch GET 200 https://registry.npmjs.org/@oxc-parser%2fbinding-android-arm64 447ms (cache miss)
1968 silly packumentCache full:https://registry.npmjs.org/@oxc-parser%2fbinding-android-arm64 set size:undefined disposed:false
1969 silly fetch manifest @oxc-parser/binding-linux-ppc64-gnu@0.128.0
1970 silly packumentCache full:https://registry.npmjs.org/@oxc-parser%2fbinding-linux-ppc64-gnu cache-miss
1971 http fetch GET 200 https://registry.npmjs.org/@oxc-parser%2fbinding-linux-x64-gnu 469ms (cache miss)
1972 silly packumentCache full:https://registry.npmjs.org/@oxc-parser%2fbinding-linux-x64-gnu set size:undefined disposed:false
1973 silly fetch manifest @oxc-parser/binding-linux-s390x-gnu@0.128.0
1974 silly packumentCache full:https://registry.npmjs.org/@oxc-parser%2fbinding-linux-s390x-gnu cache-miss
1975 http fetch GET 200 https://registry.npmjs.org/@oxc-parser%2fbinding-darwin-arm64 485ms (cache miss)
1976 silly packumentCache full:https://registry.npmjs.org/@oxc-parser%2fbinding-darwin-arm64 set size:undefined disposed:false
1977 silly fetch manifest @oxc-parser/binding-win32-ia32-msvc@0.128.0
1978 silly packumentCache full:https://registry.npmjs.org/@oxc-parser%2fbinding-win32-ia32-msvc cache-miss
1979 http fetch GET 200 https://registry.npmjs.org/@oxc-parser%2fbinding-linux-x64-musl 489ms (cache miss)
1980 silly packumentCache full:https://registry.npmjs.org/@oxc-parser%2fbinding-linux-x64-musl set size:undefined disposed:false
1981 silly fetch manifest @oxc-parser/binding-android-arm-eabi@0.128.0
1982 silly packumentCache full:https://registry.npmjs.org/@oxc-parser%2fbinding-android-arm-eabi cache-miss
1983 http fetch GET 200 https://registry.npmjs.org/@oxc-parser%2fbinding-wasm32-wasi 610ms (cache miss)
1984 silly packumentCache full:https://registry.npmjs.org/@oxc-parser%2fbinding-wasm32-wasi set size:undefined disposed:false
1985 silly fetch manifest @oxc-parser/binding-linux-arm64-musl@0.128.0
1986 silly packumentCache full:https://registry.npmjs.org/@oxc-parser%2fbinding-linux-arm64-musl cache-miss
1987 http fetch GET 200 https://registry.npmjs.org/@oxc-parser%2fbinding-linux-ppc64-gnu 546ms (cache miss)
1988 silly packumentCache full:https://registry.npmjs.org/@oxc-parser%2fbinding-linux-ppc64-gnu set size:undefined disposed:false
1989 silly fetch manifest @oxc-parser/binding-win32-arm64-msvc@0.128.0
1990 silly packumentCache full:https://registry.npmjs.org/@oxc-parser%2fbinding-win32-arm64-msvc cache-miss
1991 http fetch GET 200 https://registry.npmjs.org/@oxc-parser%2fbinding-win32-ia32-msvc 512ms (cache miss)
1992 silly packumentCache full:https://registry.npmjs.org/@oxc-parser%2fbinding-win32-ia32-msvc set size:undefined disposed:false
1993 silly fetch manifest @oxc-parser/binding-linux-riscv64-gnu@0.128.0
1994 silly packumentCache full:https://registry.npmjs.org/@oxc-parser%2fbinding-linux-riscv64-gnu cache-miss
1995 http fetch GET 200 https://registry.npmjs.org/@oxc-parser%2fbinding-linux-s390x-gnu 519ms (cache miss)
1996 silly packumentCache full:https://registry.npmjs.org/@oxc-parser%2fbinding-linux-s390x-gnu set size:undefined disposed:false
1997 silly fetch manifest @oxc-parser/binding-openharmony-arm64@0.128.0
1998 silly packumentCache full:https://registry.npmjs.org/@oxc-parser%2fbinding-openharmony-arm64 cache-miss
1999 http fetch GET 200 https://registry.npmjs.org/@oxc-parser%2fbinding-win32-x64-msvc 617ms (cache miss)
2000 silly packumentCache full:https://registry.npmjs.org/@oxc-parser%2fbinding-win32-x64-msvc set size:undefined disposed:false
2001 silly fetch manifest @oxc-parser/binding-linux-riscv64-musl@0.128.0
2002 silly packumentCache full:https://registry.npmjs.org/@oxc-parser%2fbinding-linux-riscv64-musl cache-miss
2003 http fetch GET 200 https://registry.npmjs.org/@oxc-parser%2fbinding-linux-arm64-gnu 568ms (cache miss)
2004 silly packumentCache full:https://registry.npmjs.org/@oxc-parser%2fbinding-linux-arm64-gnu set size:undefined disposed:false
2005 silly fetch manifest @oxc-parser/binding-linux-arm-gnueabihf@0.128.0
2006 silly packumentCache full:https://registry.npmjs.org/@oxc-parser%2fbinding-linux-arm-gnueabihf cache-miss
2007 http fetch GET 200 https://registry.npmjs.org/@oxc-parser%2fbinding-android-arm-eabi 478ms (cache miss)
2008 silly packumentCache full:https://registry.npmjs.org/@oxc-parser%2fbinding-android-arm-eabi set size:undefined disposed:false
2009 silly fetch manifest @oxc-parser/binding-linux-arm-musleabihf@0.128.0
2010 silly packumentCache full:https://registry.npmjs.org/@oxc-parser%2fbinding-linux-arm-musleabihf cache-miss
2011 http fetch GET 200 https://registry.npmjs.org/@oxc-parser%2fbinding-linux-arm64-musl 467ms (cache miss)
2012 silly packumentCache full:https://registry.npmjs.org/@oxc-parser%2fbinding-linux-arm64-musl set size:undefined disposed:false
2013 silly fetch manifest @oxc-transform/binding-darwin-x64@0.128.0
2014 silly packumentCache full:https://registry.npmjs.org/@oxc-transform%2fbinding-darwin-x64 cache-miss
2015 http fetch GET 200 https://registry.npmjs.org/@oxc-transform%2fbinding-darwin-x64 61ms (cache miss)
2016 silly packumentCache full:https://registry.npmjs.org/@oxc-transform%2fbinding-darwin-x64 set size:undefined disposed:false
2017 silly fetch manifest @oxc-transform/binding-freebsd-x64@0.128.0
2018 silly packumentCache full:https://registry.npmjs.org/@oxc-transform%2fbinding-freebsd-x64 cache-miss
2019 http fetch GET 200 https://registry.npmjs.org/@oxc-transform%2fbinding-freebsd-x64 68ms (cache miss)
2020 silly packumentCache full:https://registry.npmjs.org/@oxc-transform%2fbinding-freebsd-x64 set size:undefined disposed:false
2021 silly fetch manifest @oxc-transform/binding-wasm32-wasi@0.128.0
2022 silly packumentCache full:https://registry.npmjs.org/@oxc-transform%2fbinding-wasm32-wasi cache-miss
2023 http fetch GET 200 https://registry.npmjs.org/@oxc-transform%2fbinding-wasm32-wasi 65ms (cache miss)
2024 silly packumentCache full:https://registry.npmjs.org/@oxc-transform%2fbinding-wasm32-wasi set size:undefined disposed:false
2025 silly fetch manifest @oxc-transform/binding-darwin-arm64@0.128.0
2026 silly packumentCache full:https://registry.npmjs.org/@oxc-transform%2fbinding-darwin-arm64 cache-miss
2027 http fetch GET 200 https://registry.npmjs.org/@oxc-transform%2fbinding-darwin-arm64 61ms (cache miss)
2028 silly packumentCache full:https://registry.npmjs.org/@oxc-transform%2fbinding-darwin-arm64 set size:undefined disposed:false
2029 silly fetch manifest @oxc-transform/binding-android-arm64@0.128.0
2030 silly packumentCache full:https://registry.npmjs.org/@oxc-transform%2fbinding-android-arm64 cache-miss
2031 http fetch GET 200 https://registry.npmjs.org/@oxc-transform%2fbinding-android-arm64 63ms (cache miss)
2032 silly packumentCache full:https://registry.npmjs.org/@oxc-transform%2fbinding-android-arm64 set size:undefined disposed:false
2033 silly fetch manifest @oxc-transform/binding-linux-x64-gnu@0.128.0
2034 silly packumentCache full:https://registry.npmjs.org/@oxc-transform%2fbinding-linux-x64-gnu cache-miss
2035 http fetch GET 200 https://registry.npmjs.org/@oxc-parser%2fbinding-openharmony-arm64 435ms (cache miss)
2036 silly packumentCache full:https://registry.npmjs.org/@oxc-parser%2fbinding-openharmony-arm64 set size:undefined disposed:false
2037 silly fetch manifest @oxc-transform/binding-linux-x64-musl@0.128.0
2038 silly packumentCache full:https://registry.npmjs.org/@oxc-transform%2fbinding-linux-x64-musl cache-miss
2039 http fetch GET 200 https://registry.npmjs.org/@oxc-parser%2fbinding-linux-riscv64-musl 443ms (cache miss)
2040 silly packumentCache full:https://registry.npmjs.org/@oxc-parser%2fbinding-linux-riscv64-musl set size:undefined disposed:false
2041 silly fetch manifest @oxc-transform/binding-win32-x64-msvc@0.128.0
2042 silly packumentCache full:https://registry.npmjs.org/@oxc-transform%2fbinding-win32-x64-msvc cache-miss
2043 http fetch GET 200 https://registry.npmjs.org/@oxc-parser%2fbinding-win32-arm64-msvc 451ms (cache miss)
2044 silly packumentCache full:https://registry.npmjs.org/@oxc-parser%2fbinding-win32-arm64-msvc set size:undefined disposed:false
2045 silly fetch manifest @oxc-transform/binding-linux-arm64-gnu@0.128.0
2046 silly packumentCache full:https://registry.npmjs.org/@oxc-transform%2fbinding-linux-arm64-gnu cache-miss
2047 http fetch GET 200 https://registry.npmjs.org/@oxc-parser%2fbinding-linux-riscv64-gnu 453ms (cache miss)
2048 silly packumentCache full:https://registry.npmjs.org/@oxc-parser%2fbinding-linux-riscv64-gnu set size:undefined disposed:false
2049 silly fetch manifest @oxc-transform/binding-linux-ppc64-gnu@0.128.0
2050 silly packumentCache full:https://registry.npmjs.org/@oxc-transform%2fbinding-linux-ppc64-gnu cache-miss
2051 http fetch GET 200 https://registry.npmjs.org/@oxc-transform%2fbinding-linux-x64-gnu 65ms (cache miss)
2052 silly packumentCache full:https://registry.npmjs.org/@oxc-transform%2fbinding-linux-x64-gnu set size:undefined disposed:false
2053 silly fetch manifest @oxc-transform/binding-linux-s390x-gnu@0.128.0
2054 silly packumentCache full:https://registry.npmjs.org/@oxc-transform%2fbinding-linux-s390x-gnu cache-miss
2055 http fetch GET 200 https://registry.npmjs.org/@oxc-parser%2fbinding-linux-arm-musleabihf 456ms (cache miss)
2056 silly packumentCache full:https://registry.npmjs.org/@oxc-parser%2fbinding-linux-arm-musleabihf set size:undefined disposed:false
2057 silly fetch manifest @oxc-transform/binding-win32-ia32-msvc@0.128.0
2058 silly packumentCache full:https://registry.npmjs.org/@oxc-transform%2fbinding-win32-ia32-msvc cache-miss
2059 http fetch GET 200 https://registry.npmjs.org/@oxc-transform%2fbinding-linux-x64-musl 61ms (cache miss)
2060 silly packumentCache full:https://registry.npmjs.org/@oxc-transform%2fbinding-linux-x64-musl set size:undefined disposed:false
2061 silly fetch manifest @oxc-transform/binding-android-arm-eabi@0.128.0
2062 silly packumentCache full:https://registry.npmjs.org/@oxc-transform%2fbinding-android-arm-eabi cache-miss
2063 http fetch GET 200 https://registry.npmjs.org/@oxc-transform%2fbinding-linux-ppc64-gnu 51ms (cache miss)
2064 silly packumentCache full:https://registry.npmjs.org/@oxc-transform%2fbinding-linux-ppc64-gnu set size:undefined disposed:false
2065 silly fetch manifest @oxc-transform/binding-linux-arm64-musl@0.128.0
2066 silly packumentCache full:https://registry.npmjs.org/@oxc-transform%2fbinding-linux-arm64-musl cache-miss
2067 http fetch GET 200 https://registry.npmjs.org/@oxc-transform%2fbinding-win32-x64-msvc 60ms (cache miss)
2068 silly packumentCache full:https://registry.npmjs.org/@oxc-transform%2fbinding-win32-x64-msvc set size:undefined disposed:false
2069 silly fetch manifest @oxc-transform/binding-win32-arm64-msvc@0.128.0
2070 silly packumentCache full:https://registry.npmjs.org/@oxc-transform%2fbinding-win32-arm64-msvc cache-miss
2071 http fetch GET 200 https://registry.npmjs.org/@oxc-transform%2fbinding-linux-arm64-gnu 78ms (cache miss)
2072 silly packumentCache full:https://registry.npmjs.org/@oxc-transform%2fbinding-linux-arm64-gnu set size:undefined disposed:false
2073 silly fetch manifest @oxc-transform/binding-linux-riscv64-gnu@0.128.0
2074 silly packumentCache full:https://registry.npmjs.org/@oxc-transform%2fbinding-linux-riscv64-gnu cache-miss
2075 http fetch GET 200 https://registry.npmjs.org/@oxc-transform%2fbinding-android-arm-eabi 52ms (cache miss)
2076 silly packumentCache full:https://registry.npmjs.org/@oxc-transform%2fbinding-android-arm-eabi set size:undefined disposed:false
2077 silly fetch manifest @oxc-transform/binding-openharmony-arm64@0.128.0
2078 silly packumentCache full:https://registry.npmjs.org/@oxc-transform%2fbinding-openharmony-arm64 cache-miss
2079 http fetch GET 200 https://registry.npmjs.org/@oxc-transform%2fbinding-linux-s390x-gnu 94ms (cache miss)
2080 silly packumentCache full:https://registry.npmjs.org/@oxc-transform%2fbinding-linux-s390x-gnu set size:undefined disposed:false
2081 silly fetch manifest @oxc-transform/binding-linux-riscv64-musl@0.128.0
2082 silly packumentCache full:https://registry.npmjs.org/@oxc-transform%2fbinding-linux-riscv64-musl cache-miss
2083 http fetch GET 200 https://registry.npmjs.org/@oxc-transform%2fbinding-win32-ia32-msvc 81ms (cache miss)
2084 silly packumentCache full:https://registry.npmjs.org/@oxc-transform%2fbinding-win32-ia32-msvc set size:undefined disposed:false
2085 silly fetch manifest @oxc-transform/binding-linux-arm-gnueabihf@0.128.0
2086 silly packumentCache full:https://registry.npmjs.org/@oxc-transform%2fbinding-linux-arm-gnueabihf cache-miss
2087 http fetch GET 200 https://registry.npmjs.org/@oxc-transform%2fbinding-openharmony-arm64 51ms (cache miss)
2088 silly packumentCache full:https://registry.npmjs.org/@oxc-transform%2fbinding-openharmony-arm64 set size:undefined disposed:false
2089 silly fetch manifest @oxc-transform/binding-linux-arm-musleabihf@0.128.0
2090 silly packumentCache full:https://registry.npmjs.org/@oxc-transform%2fbinding-linux-arm-musleabihf cache-miss
2091 http fetch GET 200 https://registry.npmjs.org/@oxc-transform%2fbinding-linux-riscv64-gnu 82ms (cache miss)
2092 silly packumentCache full:https://registry.npmjs.org/@oxc-transform%2fbinding-linux-riscv64-gnu set size:undefined disposed:false
2093 silly fetch manifest strip-literal@^3.1.0
2094 silly packumentCache full:https://registry.npmjs.org/strip-literal cache-miss
2095 http fetch GET 200 https://registry.npmjs.org/@oxc-transform%2fbinding-linux-arm-gnueabihf 51ms (cache miss)
2096 silly packumentCache full:https://registry.npmjs.org/@oxc-transform%2fbinding-linux-arm-gnueabihf set size:undefined disposed:false
2097 silly fetch manifest yaml@^2.8.2
2098 silly packumentCache full:https://registry.npmjs.org/yaml cache-miss
2099 http fetch GET 200 https://registry.npmjs.org/@oxc-transform%2fbinding-linux-riscv64-musl 62ms (cache miss)
2100 silly packumentCache full:https://registry.npmjs.org/@oxc-transform%2fbinding-linux-riscv64-musl set size:undefined disposed:false
2101 silly fetch manifest json5@^2.2.3
2102 silly packumentCache full:https://registry.npmjs.org/json5 cache-miss
2103 http cache https://registry.npmjs.org/yaml 3ms (cache hit)
2104 silly packumentCache full:https://registry.npmjs.org/yaml set size:375527 disposed:false
2105 silly fetch manifest muggle-string@^0.4.1
2106 silly packumentCache full:https://registry.npmjs.org/muggle-string cache-miss
2107 http fetch GET 200 https://registry.npmjs.org/strip-literal 38ms (cache miss)
2108 silly packumentCache full:https://registry.npmjs.org/strip-literal set size:undefined disposed:false
2109 silly fetch manifest @babel/generator@^7.28.5
2110 silly packumentCache full:https://registry.npmjs.org/@babel%2fgenerator cache-miss
2111 http fetch GET 200 https://registry.npmjs.org/@oxc-transform%2fbinding-linux-arm-musleabihf 49ms (cache miss)
2112 silly packumentCache full:https://registry.npmjs.org/@oxc-transform%2fbinding-linux-arm-musleabihf set size:undefined disposed:false
2113 silly fetch manifest ast-walker-scope@^0.8.3
2114 silly packumentCache full:https://registry.npmjs.org/ast-walker-scope cache-miss
2115 http fetch GET 200 https://registry.npmjs.org/json5 38ms (cache miss)
2116 silly packumentCache full:https://registry.npmjs.org/json5 set size:undefined disposed:false
2117 silly fetch manifest @vue-macros/common@^3.1.1
2118 silly packumentCache full:https://registry.npmjs.org/@vue-macros%2fcommon cache-miss
2119 http fetch GET 200 https://registry.npmjs.org/muggle-string 42ms (cache miss)
2120 silly packumentCache full:https://registry.npmjs.org/muggle-string set size:undefined disposed:false
2121 silly fetch manifest @vue/language-core@^3.2.1
2122 silly packumentCache full:https://registry.npmjs.org/@vue%2flanguage-core cache-miss
2123 http cache https://registry.npmjs.org/@vue%2flanguage-core 2ms (cache hit)
2124 silly packumentCache full:https://registry.npmjs.org/@vue%2flanguage-core set size:244541 disposed:false
2125 silly fetch manifest @babel/parser@^7.29.3
2126 silly packumentCache full:https://registry.npmjs.org/@babel%2fparser cache-miss
2127 http fetch GET 200 https://registry.npmjs.org/@babel%2fgenerator 57ms (cache miss)
2128 silly packumentCache full:https://registry.npmjs.org/@babel%2fgenerator set size:undefined disposed:false
2129 silly fetch manifest estree-walker@^2.0.2
2130 silly packumentCache full:https://registry.npmjs.org/estree-walker cache-miss
2131 http cache https://registry.npmjs.org/estree-walker 2ms (cache hit)
2132 silly packumentCache full:https://registry.npmjs.org/estree-walker set size:60887 disposed:false
2133 silly fetch manifest @vue/compiler-ssr@3.5.34
2134 silly packumentCache full:https://registry.npmjs.org/@vue%2fcompiler-ssr cache-miss
2135 http fetch GET 200 https://registry.npmjs.org/@oxc-parser%2fbinding-linux-arm-gnueabihf 709ms (cache miss)
2136 silly packumentCache full:https://registry.npmjs.org/@oxc-parser%2fbinding-linux-arm-gnueabihf set size:undefined disposed:false
2137 silly fetch manifest @vue/compiler-core@3.5.34
2138 silly packumentCache full:https://registry.npmjs.org/@vue%2fcompiler-core cache-miss
2139 http fetch GET 200 https://registry.npmjs.org/@babel%2fparser 68ms (cache miss)
2140 silly packumentCache full:https://registry.npmjs.org/@babel%2fparser set size:undefined disposed:false
2141 http fetch GET 200 https://registry.npmjs.org/@vue%2fcompiler-ssr 67ms (cache miss)
2142 silly packumentCache full:https://registry.npmjs.org/@vue%2fcompiler-ssr set size:undefined disposed:false
2143 http fetch GET 200 https://registry.npmjs.org/@oxc-transform%2fbinding-linux-arm64-musl 291ms (cache miss)
2144 silly packumentCache full:https://registry.npmjs.org/@oxc-transform%2fbinding-linux-arm64-musl set size:undefined disposed:false
2145 http fetch GET 200 https://registry.npmjs.org/@vue%2fcompiler-core 86ms (cache miss)
2146 silly packumentCache full:https://registry.npmjs.org/@vue%2fcompiler-core set size:undefined disposed:false
2147 http fetch GET 200 https://registry.npmjs.org/@oxc-transform%2fbinding-win32-arm64-msvc 298ms (cache miss)
2148 silly packumentCache full:https://registry.npmjs.org/@oxc-transform%2fbinding-win32-arm64-msvc set size:undefined disposed:false
2149 http fetch GET 200 https://registry.npmjs.org/@vue-macros%2fcommon 439ms (cache miss)
2150 silly packumentCache full:https://registry.npmjs.org/@vue-macros%2fcommon set size:undefined disposed:false
2151 http fetch GET 200 https://registry.npmjs.org/ast-walker-scope 665ms (cache miss)
2152 silly packumentCache full:https://registry.npmjs.org/ast-walker-scope set size:undefined disposed:false
2153 silly placeDep ROOT @dxup/unimport@0.1.2 OK for: @dxup/nuxt@0.4.1 want: ^0.1.2
2154 silly placeDep node_modules/@dxup/nuxt @nuxt/kit@4.4.4 OK for: @dxup/nuxt@0.4.1 want: ^4.4.2
2155 silly fetch manifest cac@^6.7.14
2156 silly packumentCache full:https://registry.npmjs.org/cac cache-miss
2157 http fetch GET 200 https://registry.npmjs.org/cac 57ms (cache miss)
2158 silly packumentCache full:https://registry.npmjs.org/cac set size:undefined disposed:false
2159 silly fetch manifest commander@^13.1.0
2160 silly packumentCache full:https://registry.npmjs.org/commander cache-miss
2161 http cache https://registry.npmjs.org/commander 2ms (cache hit)
2162 silly packumentCache full:https://registry.npmjs.org/commander set size:306301 disposed:false
2163 silly placeDep ROOT @bomb.sh/tab@0.0.14 OK for: @nuxt/cli@3.35.1 want: ^0.0.14
2164 silly placeDep ROOT @clack/prompts@1.3.0 OK for: @nuxt/cli@3.35.1 want: ^1.2.0
2165 silly placeDep ROOT @nuxt/schema@4.4.4 REPLACE for: @nuxt/cli@3.35.1 want: ^4.4.2
2166 silly placeDep ROOT citty@0.2.2 OK for: @nuxt/cli@3.35.1 want: ^0.2.2
2167 silly placeDep ROOT fuse.js@7.3.0 OK for: @nuxt/cli@3.35.1 want: ^7.3.0
2168 silly placeDep ROOT fzf@0.5.2 OK for: @nuxt/cli@3.35.1 want: ^0.5.2
2169 silly placeDep ROOT listhen@1.10.0 OK for: @nuxt/cli@3.35.1 want: ^1.9.1
2170 silly placeDep ROOT srvx@0.11.15 OK for: @nuxt/cli@3.35.1 want: ^0.11.15
2171 silly placeDep node_modules/@nuxt/cli std-env@4.1.0 OK for: @nuxt/cli@3.35.1 want: ^4.1.0
2172 silly placeDep ROOT tinyclip@0.1.12 OK for: @nuxt/cli@3.35.1 want: ^0.1.12
2173 silly placeDep ROOT youch@4.1.1 OK for: @nuxt/cli@3.35.1 want: ^4.1.1
2174 silly fetch manifest fast-string-width@^3.0.2
2175 silly packumentCache full:https://registry.npmjs.org/fast-string-width cache-miss
2176 silly fetch manifest fast-wrap-ansi@^0.2.0
2177 silly packumentCache full:https://registry.npmjs.org/fast-wrap-ansi cache-miss
2178 silly fetch manifest sisteransi@^1.0.5
2179 silly packumentCache full:https://registry.npmjs.org/sisteransi cache-miss
2180 silly fetch manifest @clack/core@1.3.0
2181 silly packumentCache full:https://registry.npmjs.org/@clack%2fcore cache-miss
2182 silly fetch manifest @parcel/watcher@^2.5.6
2183 silly packumentCache full:https://registry.npmjs.org/@parcel%2fwatcher cache-miss
2184 silly fetch manifest @parcel/watcher-wasm@^2.5.6
2185 silly packumentCache full:https://registry.npmjs.org/@parcel%2fwatcher-wasm cache-miss
2186 silly fetch manifest http-shutdown@^1.2.2
2187 silly packumentCache full:https://registry.npmjs.org/http-shutdown cache-miss
2188 http cache https://registry.npmjs.org/@parcel%2fwatcher 3ms (cache hit)
2189 silly packumentCache full:https://registry.npmjs.org/@parcel%2fwatcher set size:121392 disposed:false
2190 silly fetch manifest node-forge@^1.4.0
2191 silly packumentCache full:https://registry.npmjs.org/node-forge cache-miss
2192 http fetch GET 200 https://registry.npmjs.org/fast-string-width 40ms (cache miss)
2193 silly packumentCache full:https://registry.npmjs.org/fast-string-width set size:undefined disposed:false
2194 silly fetch manifest untun@^0.1.3
2195 silly packumentCache full:https://registry.npmjs.org/untun cache-miss
2196 http fetch GET 200 https://registry.npmjs.org/fast-wrap-ansi 42ms (cache miss)
2197 silly packumentCache full:https://registry.npmjs.org/fast-wrap-ansi set size:undefined disposed:false
2198 silly fetch manifest uqr@^0.1.3
2199 silly packumentCache full:https://registry.npmjs.org/uqr cache-miss
2200 http fetch GET 200 https://registry.npmjs.org/sisteransi 44ms (cache miss)
2201 silly packumentCache full:https://registry.npmjs.org/sisteransi set size:undefined disposed:false
2202 silly fetch manifest @poppinss/colors@^4.1.6
2203 silly packumentCache full:https://registry.npmjs.org/@poppinss%2fcolors cache-miss
2204 http fetch GET 200 https://registry.npmjs.org/@clack%2fcore 56ms (cache miss)
2205 silly packumentCache full:https://registry.npmjs.org/@clack%2fcore set size:undefined disposed:false
2206 silly fetch manifest @poppinss/dumper@^0.7.0
2207 silly packumentCache full:https://registry.npmjs.org/@poppinss%2fdumper cache-miss
2208 http fetch GET 200 https://registry.npmjs.org/node-forge 53ms (cache miss)
2209 silly packumentCache full:https://registry.npmjs.org/node-forge set size:undefined disposed:false
2210 silly fetch manifest @speed-highlight/core@^1.2.14
2211 silly packumentCache full:https://registry.npmjs.org/@speed-highlight%2fcore cache-miss
2212 http fetch GET 200 https://registry.npmjs.org/http-shutdown 228ms (cache miss)
2213 silly packumentCache full:https://registry.npmjs.org/http-shutdown set size:undefined disposed:false
2214 silly fetch manifest cookie-es@^3.0.1
2215 silly packumentCache full:https://registry.npmjs.org/cookie-es cache-hit
2216 silly fetch manifest youch-core@^0.3.3
2217 silly packumentCache full:https://registry.npmjs.org/youch-core cache-miss
2218 http fetch GET 200 https://registry.npmjs.org/untun 245ms (cache miss)
2219 silly packumentCache full:https://registry.npmjs.org/untun set size:undefined disposed:false
2220 http fetch GET 200 https://registry.npmjs.org/uqr 243ms (cache miss)
2221 silly packumentCache full:https://registry.npmjs.org/uqr set size:undefined disposed:false
2222 http fetch GET 200 https://registry.npmjs.org/@parcel%2fwatcher-wasm 468ms (cache miss)
2223 silly packumentCache full:https://registry.npmjs.org/@parcel%2fwatcher-wasm set size:undefined disposed:false
2224 http fetch GET 200 https://registry.npmjs.org/@poppinss%2fdumper 445ms (cache miss)
2225 silly packumentCache full:https://registry.npmjs.org/@poppinss%2fdumper set size:undefined disposed:false
2226 http fetch GET 200 https://registry.npmjs.org/@speed-highlight%2fcore 469ms (cache miss)
2227 silly packumentCache full:https://registry.npmjs.org/@speed-highlight%2fcore set size:undefined disposed:false
2228 http fetch GET 200 https://registry.npmjs.org/@poppinss%2fcolors 499ms (cache miss)
2229 silly packumentCache full:https://registry.npmjs.org/@poppinss%2fcolors set size:undefined disposed:false
2230 http fetch GET 200 https://registry.npmjs.org/youch-core 368ms (cache miss)
2231 silly packumentCache full:https://registry.npmjs.org/youch-core set size:undefined disposed:false
2232 silly placeDep ROOT @clack/core@1.3.0 OK for: @clack/prompts@1.3.0 want: 1.3.0
2233 silly placeDep ROOT fast-string-width@3.0.2 OK for: @clack/prompts@1.3.0 want: ^3.0.2
2234 silly placeDep ROOT fast-wrap-ansi@0.2.0 OK for: @clack/prompts@1.3.0 want: ^0.2.0
2235 silly placeDep ROOT sisteransi@1.0.5 OK for: @clack/prompts@1.3.0 want: ^1.0.5
2236 silly fetch manifest fast-string-truncated-width@^3.0.2
2237 silly packumentCache full:https://registry.npmjs.org/fast-string-truncated-width cache-miss
2238 http fetch GET 200 https://registry.npmjs.org/fast-string-truncated-width 44ms (cache miss)
2239 silly packumentCache full:https://registry.npmjs.org/fast-string-truncated-width set size:undefined disposed:false
2240 silly fetch manifest bufferutil@^4.0.1
2241 silly packumentCache full:https://registry.npmjs.org/bufferutil cache-miss
2242 http fetch GET 200 https://registry.npmjs.org/bufferutil 38ms (cache miss)
2243 silly packumentCache full:https://registry.npmjs.org/bufferutil set size:undefined disposed:false
2244 silly fetch manifest utf-8-validate@>=5.0.2
2245 silly packumentCache full:https://registry.npmjs.org/utf-8-validate cache-miss
2246 http fetch GET 200 https://registry.npmjs.org/utf-8-validate 44ms (cache miss)
2247 silly packumentCache full:https://registry.npmjs.org/utf-8-validate set size:undefined disposed:false
2248 silly fetch manifest jiti@>=1.21.0
2249 silly packumentCache full:https://registry.npmjs.org/jiti cache-hit
2250 silly fetch manifest vue@^3.0.0
2251 silly packumentCache full:https://registry.npmjs.org/vue cache-miss
2252 http cache https://registry.npmjs.org/vue 6ms (cache hit)
2253 silly packumentCache full:https://registry.npmjs.org/vue set size:2032433 disposed:false
2254 silly fetch manifest vite@^6.0.0 || ^7.0.0-0
2255 silly packumentCache full:https://registry.npmjs.org/vite cache-miss
2256 http cache https://registry.npmjs.org/vite 33ms (cache hit)
2257 silly packumentCache full:https://registry.npmjs.org/vite set size:38827474 disposed:false
2258 silly fetch manifest lightningcss@^1.21.0
2259 silly packumentCache full:https://registry.npmjs.org/lightningcss cache-miss
2260 http cache https://registry.npmjs.org/lightningcss 2ms (cache hit)
2261 silly packumentCache full:https://registry.npmjs.org/lightningcss set size:186753 disposed:false
2262 silly fetch manifest vite@^6.0.0 || ^7.0.0
2263 silly packumentCache full:https://registry.npmjs.org/vite cache-miss
2264 http cache https://registry.npmjs.org/vite 31ms (cache hit)
2265 silly packumentCache full:https://registry.npmjs.org/vite set size:38827474 disposed:false
2266 silly fetch manifest vue@^3.5.0
2267 silly packumentCache full:https://registry.npmjs.org/vue cache-miss
2268 http cache https://registry.npmjs.org/vue 3ms (cache hit)
2269 silly packumentCache full:https://registry.npmjs.org/vue set size:2032433 disposed:false
2270 silly placeDep node_modules/@nuxt/devtools @nuxt/devtools-kit@3.2.4 OK for: @nuxt/devtools@3.2.4 want: 3.2.4
2271 silly placeDep ROOT @nuxt/devtools-wizard@3.2.4 OK for: @nuxt/devtools@3.2.4 want: 3.2.4
2272 silly placeDep node_modules/@nuxt/devtools @nuxt/kit@4.4.4 OK for: @nuxt/devtools@3.2.4 want: ^4.4.2
2273 silly placeDep ROOT @vue/devtools-core@8.1.2 OK for: @nuxt/devtools@3.2.4 want: ^8.1.0
2274 silly placeDep ROOT @vue/devtools-kit@8.1.2 OK for: @nuxt/devtools@3.2.4 want: ^8.1.0
2275 silly placeDep ROOT birpc@4.0.0 OK for: @nuxt/devtools@3.2.4 want: ^4.0.0
2276 silly placeDep ROOT error-stack-parser-es@1.0.5 OK for: @nuxt/devtools@3.2.4 want: ^1.0.5
2277 silly placeDep ROOT fast-npm-meta@1.5.1 OK for: @nuxt/devtools@3.2.4 want: ^1.4.2
2278 silly placeDep ROOT get-port-please@3.2.0 OK for: @nuxt/devtools@3.2.4 want: ^3.2.0
2279 silly placeDep node_modules/@nuxt/devtools hookable@6.1.1 OK for: @nuxt/devtools@3.2.4 want: ^6.1.0
2280 silly placeDep ROOT image-meta@0.2.2 OK for: @nuxt/devtools@3.2.4 want: ^0.2.2
2281 silly placeDep ROOT is-installed-globally@1.0.0 OK for: @nuxt/devtools@3.2.4 want: ^1.0.0
2282 silly placeDep ROOT launch-editor@2.13.2 OK for: @nuxt/devtools@3.2.4 want: ^2.13.1
2283 silly placeDep ROOT magicast@0.5.2 OK for: @nuxt/devtools@3.2.4 want: ^0.5.2
2284 silly placeDep ROOT simple-git@3.36.0 OK for: @nuxt/devtools@3.2.4 want: ^3.33.0
2285 silly placeDep ROOT structured-clone-es@2.0.0 OK for: @nuxt/devtools@3.2.4 want: ^2.0.0
2286 silly placeDep ROOT vite-plugin-inspect@11.3.3 OK for: @nuxt/devtools@3.2.4 want: ^11.3.3
2287 silly placeDep ROOT vite@7.3.3 REPLACE for: vite-plugin-inspect@11.3.3 want: ^6.0.0 || ^7.0.0-0
2288 silly placeDep ROOT vite-plugin-vue-tracer@1.3.0 OK for: @nuxt/devtools@3.2.4 want: ^1.3.0
2289 silly placeDep node_modules/@nuxt/devtools which@6.0.1 OK for: @nuxt/devtools@3.2.4 want: ^6.0.1
2290 silly placeDep ROOT ws@8.20.0 OK for: @nuxt/devtools@3.2.4 want: ^8.19.0
2291 silly fetch manifest diff@^8.0.3
2292 silly packumentCache full:https://registry.npmjs.org/diff cache-miss
2293 silly fetch manifest @vue/devtools-kit@^8.1.2
2294 silly packumentCache full:https://registry.npmjs.org/@vue%2fdevtools-kit cache-miss
2295 silly fetch manifest @vue/devtools-shared@^8.1.2
2296 silly packumentCache full:https://registry.npmjs.org/@vue%2fdevtools-shared cache-miss
2297 silly fetch manifest birpc@^2.6.1
2298 silly packumentCache full:https://registry.npmjs.org/birpc cache-miss
2299 silly fetch manifest @vue/devtools-shared@^8.1.2
2300 silly packumentCache full:https://registry.npmjs.org/@vue%2fdevtools-shared cache-miss
2301 silly fetch manifest global-directory@^4.0.1
2302 silly packumentCache full:https://registry.npmjs.org/global-directory cache-miss
2303 silly fetch manifest is-path-inside@^4.0.0
2304 silly packumentCache full:https://registry.npmjs.org/is-path-inside cache-miss
2305 http cache https://registry.npmjs.org/birpc 3ms (cache hit)
2306 silly packumentCache full:https://registry.npmjs.org/birpc set size:105195 disposed:false
2307 silly fetch manifest shell-quote@^1.8.3
2308 silly packumentCache full:https://registry.npmjs.org/shell-quote cache-miss
2309 http cache https://registry.npmjs.org/@vue%2fdevtools-kit 4ms (cache hit)
2310 silly packumentCache full:https://registry.npmjs.org/@vue%2fdevtools-kit set size:185944 disposed:false
2311 silly fetch manifest @babel/parser@^7.29.0
2312 silly packumentCache full:https://registry.npmjs.org/@babel%2fparser cache-miss
2313 http cache https://registry.npmjs.org/@babel%2fparser 1ms (cache hit)
2314 silly packumentCache full:https://registry.npmjs.org/@babel%2fparser set size:723297 disposed:false
2315 silly fetch manifest @babel/types@^7.29.0
2316 silly packumentCache full:https://registry.npmjs.org/@babel%2ftypes cache-miss
2317 http fetch GET 200 https://registry.npmjs.org/is-path-inside 48ms (cache miss)
2318 silly packumentCache full:https://registry.npmjs.org/is-path-inside set size:undefined disposed:false
2319 silly fetch manifest @kwsites/file-exists@^1.1.1
2320 silly packumentCache full:https://registry.npmjs.org/@kwsites%2ffile-exists cache-miss
2321 http fetch GET 200 https://registry.npmjs.org/shell-quote 45ms (cache miss)
2322 silly packumentCache full:https://registry.npmjs.org/shell-quote set size:undefined disposed:false
2323 silly fetch manifest @kwsites/promise-deferred@^1.1.1
2324 silly packumentCache full:https://registry.npmjs.org/@kwsites%2fpromise-deferred cache-miss
2325 http fetch GET 200 https://registry.npmjs.org/diff 52ms (cache miss)
2326 silly packumentCache full:https://registry.npmjs.org/diff set size:undefined disposed:false
2327 silly fetch manifest @simple-git/args-pathspec@^1.0.3
2328 silly packumentCache full:https://registry.npmjs.org/@simple-git%2fargs-pathspec cache-miss
2329 http fetch GET 200 https://registry.npmjs.org/@vue%2fdevtools-shared 59ms (cache miss)
2330 silly packumentCache full:https://registry.npmjs.org/@vue%2fdevtools-shared set size:undefined disposed:false
2331 silly fetch manifest @simple-git/argv-parser@^1.1.0
2332 silly packumentCache full:https://registry.npmjs.org/@simple-git%2fargv-parser cache-miss
2333 http fetch GET 200 https://registry.npmjs.org/@babel%2ftypes 59ms (cache miss)
2334 silly packumentCache full:https://registry.npmjs.org/@babel%2ftypes set size:undefined disposed:false
2335 silly fetch manifest open@^10.2.0
2336 silly packumentCache full:https://registry.npmjs.org/open cache-miss
2337 http cache https://registry.npmjs.org/open 2ms (cache hit)
2338 silly packumentCache full:https://registry.npmjs.org/open set size:136392 disposed:false
2339 silly fetch manifest ansis@^4.1.0
2340 silly packumentCache full:https://registry.npmjs.org/ansis cache-miss
2341 http fetch GET 200 https://registry.npmjs.org/@vue%2fdevtools-shared 80ms (cache miss)
2342 silly packumentCache full:https://registry.npmjs.org/@vue%2fdevtools-shared set size:undefined disposed:false
2343 silly fetch manifest vite-dev-rpc@^1.1.0
2344 silly packumentCache full:https://registry.npmjs.org/vite-dev-rpc cache-miss
2345 http fetch GET 200 https://registry.npmjs.org/@kwsites%2fpromise-deferred 48ms (cache miss)
2346 silly packumentCache full:https://registry.npmjs.org/@kwsites%2fpromise-deferred set size:undefined disposed:false
2347 silly fetch manifest unplugin-utils@^0.3.0
2348 silly packumentCache full:https://registry.npmjs.org/unplugin-utils cache-miss
2349 http fetch GET 200 https://registry.npmjs.org/@kwsites%2ffile-exists 48ms (cache miss)
2350 silly packumentCache full:https://registry.npmjs.org/@kwsites%2ffile-exists set size:undefined disposed:false
2351 silly fetch manifest rollup@^4.43.0
2352 silly packumentCache full:https://registry.npmjs.org/rollup cache-miss
2353 http cache https://registry.npmjs.org/unplugin-utils 1ms (cache hit)
2354 silly packumentCache full:https://registry.npmjs.org/unplugin-utils set size:25826 disposed:false
2355 silly fetch manifest esbuild@^0.27.0
2356 silly packumentCache full:https://registry.npmjs.org/esbuild cache-miss
2357 http cache https://registry.npmjs.org/rollup 9ms (cache hit)
2358 silly packumentCache full:https://registry.npmjs.org/rollup set size:6181637 disposed:false
2359 silly fetch manifest isexe@^4.0.0
2360 silly packumentCache full:https://registry.npmjs.org/isexe cache-miss
2361 http cache https://registry.npmjs.org/esbuild 32ms (cache hit)
2362 silly packumentCache full:https://registry.npmjs.org/esbuild set size:1254708 disposed:false
2363 http fetch GET 200 https://registry.npmjs.org/@simple-git%2fargv-parser 77ms (cache miss)
2364 silly packumentCache full:https://registry.npmjs.org/@simple-git%2fargv-parser set size:undefined disposed:false
2365 http cache https://registry.npmjs.org/isexe 8ms (cache hit)
2366 silly packumentCache full:https://registry.npmjs.org/isexe set size:31756 disposed:false
2367 http fetch GET 200 https://registry.npmjs.org/ansis 67ms (cache miss)
2368 silly packumentCache full:https://registry.npmjs.org/ansis set size:undefined disposed:false
2369 http fetch GET 200 https://registry.npmjs.org/global-directory 240ms (cache miss)
2370 silly packumentCache full:https://registry.npmjs.org/global-directory set size:undefined disposed:false
2371 http fetch GET 200 https://registry.npmjs.org/@simple-git%2fargs-pathspec 226ms (cache miss)
2372 silly packumentCache full:https://registry.npmjs.org/@simple-git%2fargs-pathspec set size:undefined disposed:false
2373 http fetch GET 200 https://registry.npmjs.org/vite-dev-rpc 251ms (cache miss)
2374 silly packumentCache full:https://registry.npmjs.org/vite-dev-rpc set size:undefined disposed:false
2375 silly placeDep ROOT diff@8.0.4 OK for: @nuxt/devtools-wizard@3.2.4 want: ^8.0.3
2376 silly fetch manifest xml2js@^0.6.2
2377 silly packumentCache full:https://registry.npmjs.org/xml2js cache-miss
2378 http fetch GET 200 https://registry.npmjs.org/xml2js 43ms (cache miss)
2379 silly packumentCache full:https://registry.npmjs.org/xml2js set size:undefined disposed:false
2380 silly placeDep ROOT @nuxt/devalue@2.0.2 OK for: @nuxt/nitro-server@3.21.4 want: ^2.0.2
2381 silly placeDep ROOT mocked-exports@0.1.1 OK for: @nuxt/nitro-server@3.21.4 want: ^0.1.1
2382 silly placeDep ROOT nitropack@2.13.4 OK for: @nuxt/nitro-server@3.21.4 want: ^2.13.4
2383 silly placeDep node_modules/@nuxt/nitro-server std-env@4.1.0 OK for: @nuxt/nitro-server@3.21.4 want: ^4.1.0
2384 silly placeDep ROOT vue-bundle-renderer@2.2.0 OK for: @nuxt/nitro-server@3.21.4 want: ^2.2.0
2385 silly placeDep ROOT vue-devtools-stub@0.1.0 OK for: @nuxt/nitro-server@3.21.4 want: ^0.1.0
2386 silly fetch manifest @cloudflare/kv-asset-handler@^0.4.2
2387 silly packumentCache full:https://registry.npmjs.org/@cloudflare%2fkv-asset-handler cache-miss
2388 silly fetch manifest @rollup/plugin-alias@^6.0.0
2389 silly packumentCache full:https://registry.npmjs.org/@rollup%2fplugin-alias cache-miss
2390 silly fetch manifest @rollup/plugin-commonjs@^29.0.2
2391 silly packumentCache full:https://registry.npmjs.org/@rollup%2fplugin-commonjs cache-miss
2392 silly fetch manifest @rollup/plugin-inject@^5.0.5
2393 silly packumentCache full:https://registry.npmjs.org/@rollup%2fplugin-inject cache-miss
2394 silly fetch manifest @rollup/plugin-json@^6.1.0
2395 silly packumentCache full:https://registry.npmjs.org/@rollup%2fplugin-json cache-miss
2396 silly fetch manifest @rollup/plugin-node-resolve@^16.0.3
2397 silly packumentCache full:https://registry.npmjs.org/@rollup%2fplugin-node-resolve cache-miss
2398 silly fetch manifest @rollup/plugin-terser@^1.0.0
2399 silly packumentCache full:https://registry.npmjs.org/@rollup%2fplugin-terser cache-miss
2400 http fetch GET 200 https://registry.npmjs.org/@rollup%2fplugin-commonjs 232ms (cache miss)
2401 silly packumentCache full:https://registry.npmjs.org/@rollup%2fplugin-commonjs set size:undefined disposed:false
2402 silly fetch manifest @vercel/nft@^1.5.0
2403 silly packumentCache full:https://registry.npmjs.org/@vercel%2fnft cache-miss
2404 http fetch GET 200 https://registry.npmjs.org/@rollup%2fplugin-node-resolve 243ms (cache miss)
2405 silly packumentCache full:https://registry.npmjs.org/@rollup%2fplugin-node-resolve set size:undefined disposed:false
2406 silly fetch manifest archiver@^7.0.1
2407 silly packumentCache full:https://registry.npmjs.org/archiver cache-miss
2408 http fetch GET 200 https://registry.npmjs.org/@rollup%2fplugin-terser 282ms (cache miss)
2409 silly packumentCache full:https://registry.npmjs.org/@rollup%2fplugin-terser set size:undefined disposed:false
2410 silly fetch manifest croner@^10.0.1
2411 silly packumentCache full:https://registry.npmjs.org/croner cache-miss
2412 http fetch GET 200 https://registry.npmjs.org/archiver 49ms (cache miss)
2413 silly packumentCache full:https://registry.npmjs.org/archiver set size:undefined disposed:false
2414 silly fetch manifest db0@^0.3.4
2415 silly packumentCache full:https://registry.npmjs.org/db0 cache-miss
2416 http cache https://registry.npmjs.org/db0 2ms (cache hit)
2417 silly packumentCache full:https://registry.npmjs.org/db0 set size:71272 disposed:false
2418 silly fetch manifest dot-prop@^10.1.0
2419 silly packumentCache full:https://registry.npmjs.org/dot-prop cache-miss
2420 http fetch GET 200 https://registry.npmjs.org/croner 50ms (cache miss)
2421 silly packumentCache full:https://registry.npmjs.org/croner set size:undefined disposed:false
2422 silly fetch manifest esbuild@^0.28.0
2423 silly packumentCache full:https://registry.npmjs.org/esbuild cache-miss
2424 http cache https://registry.npmjs.org/esbuild 3ms (cache hit)
2425 silly packumentCache full:https://registry.npmjs.org/esbuild set size:1254708 disposed:false
2426 silly fetch manifest etag@^1.8.1
2427 silly packumentCache full:https://registry.npmjs.org/etag cache-miss
2428 http fetch GET 200 https://registry.npmjs.org/dot-prop 50ms (cache miss)
2429 silly packumentCache full:https://registry.npmjs.org/dot-prop set size:undefined disposed:false
2430 silly fetch manifest globby@^16.2.0
2431 silly packumentCache full:https://registry.npmjs.org/globby cache-miss
2432 http fetch GET 200 https://registry.npmjs.org/etag 37ms (cache miss)
2433 silly packumentCache full:https://registry.npmjs.org/etag set size:undefined disposed:false
2434 silly fetch manifest gzip-size@^7.0.0
2435 silly packumentCache full:https://registry.npmjs.org/gzip-size cache-miss
2436 http fetch GET 200 https://registry.npmjs.org/gzip-size 38ms (cache miss)
2437 silly packumentCache full:https://registry.npmjs.org/gzip-size set size:undefined disposed:false
2438 silly fetch manifest httpxy@^0.5.1
2439 silly packumentCache full:https://registry.npmjs.org/httpxy cache-miss
2440 http fetch GET 200 https://registry.npmjs.org/@rollup%2fplugin-inject 463ms (cache miss)
2441 silly packumentCache full:https://registry.npmjs.org/@rollup%2fplugin-inject set size:undefined disposed:false
2442 silly fetch manifest ioredis@^5.10.1
2443 silly packumentCache full:https://registry.npmjs.org/ioredis cache-miss
2444 http cache https://registry.npmjs.org/ioredis 3ms (cache hit)
2445 silly packumentCache full:https://registry.npmjs.org/ioredis set size:842503 disposed:false
2446 silly fetch manifest mime@^4.1.0
2447 silly packumentCache full:https://registry.npmjs.org/mime cache-miss
2448 http fetch GET 200 https://registry.npmjs.org/@rollup%2fplugin-json 480ms (cache miss)
2449 silly packumentCache full:https://registry.npmjs.org/@rollup%2fplugin-json set size:undefined disposed:false
2450 silly fetch manifest pretty-bytes@^7.1.0
2451 silly packumentCache full:https://registry.npmjs.org/pretty-bytes cache-miss
2452 http fetch GET 200 https://registry.npmjs.org/@vercel%2fnft 249ms (cache miss)
2453 silly packumentCache full:https://registry.npmjs.org/@vercel%2fnft set size:undefined disposed:false
2454 silly fetch manifest rollup@^4.60.2
2455 silly packumentCache full:https://registry.npmjs.org/rollup cache-miss
2456 http fetch GET 200 https://registry.npmjs.org/@cloudflare%2fkv-asset-handler 489ms (cache miss)
2457 silly packumentCache full:https://registry.npmjs.org/@cloudflare%2fkv-asset-handler set size:undefined disposed:false
2458 silly fetch manifest rollup-plugin-visualizer@^7.0.1
2459 silly packumentCache full:https://registry.npmjs.org/rollup-plugin-visualizer cache-miss
2460 http cache https://registry.npmjs.org/rollup 8ms (cache hit)
2461 silly packumentCache full:https://registry.npmjs.org/rollup set size:6181637 disposed:false
2462 silly fetch manifest serve-placeholder@^2.0.2
2463 silly packumentCache full:https://registry.npmjs.org/serve-placeholder cache-miss
2464 http fetch GET 200 https://registry.npmjs.org/@rollup%2fplugin-alias 523ms (cache miss)
2465 silly packumentCache full:https://registry.npmjs.org/@rollup%2fplugin-alias set size:undefined disposed:false
2466 silly fetch manifest serve-static@^2.2.1
2467 silly packumentCache full:https://registry.npmjs.org/serve-static cache-miss
2468 http cache https://registry.npmjs.org/rollup-plugin-visualizer 35ms (cache hit)
2469 silly packumentCache full:https://registry.npmjs.org/rollup-plugin-visualizer set size:454938 disposed:false
2470 silly fetch manifest source-map@^0.7.6
2471 silly packumentCache full:https://registry.npmjs.org/source-map cache-miss
2472 http fetch GET 200 https://registry.npmjs.org/mime 55ms (cache miss)
2473 silly packumentCache full:https://registry.npmjs.org/mime set size:undefined disposed:false
2474 silly fetch manifest unenv@2.0.0-rc.24
2475 silly packumentCache full:https://registry.npmjs.org/unenv cache-miss
2476 http fetch GET 200 https://registry.npmjs.org/pretty-bytes 48ms (cache miss)
2477 silly packumentCache full:https://registry.npmjs.org/pretty-bytes set size:undefined disposed:false
2478 silly fetch manifest unwasm@^0.5.3
2479 silly packumentCache full:https://registry.npmjs.org/unwasm cache-miss
2480 http cache https://registry.npmjs.org/unenv 2ms (cache hit)
2481 silly packumentCache full:https://registry.npmjs.org/unenv set size:236480 disposed:false
2482 http fetch GET 200 https://registry.npmjs.org/serve-static 44ms (cache miss)
2483 silly packumentCache full:https://registry.npmjs.org/serve-static set size:undefined disposed:false
2484 http fetch GET 200 https://registry.npmjs.org/source-map 43ms (cache miss)
2485 silly packumentCache full:https://registry.npmjs.org/source-map set size:undefined disposed:false
2486 http fetch GET 200 https://registry.npmjs.org/globby 244ms (cache miss)
2487 silly packumentCache full:https://registry.npmjs.org/globby set size:undefined disposed:false
2488 http fetch GET 200 https://registry.npmjs.org/httpxy 218ms (cache miss)
2489 silly packumentCache full:https://registry.npmjs.org/httpxy set size:undefined disposed:false
2490 http fetch GET 200 https://registry.npmjs.org/serve-placeholder 218ms (cache miss)
2491 silly packumentCache full:https://registry.npmjs.org/serve-placeholder set size:undefined disposed:false
2492 http fetch GET 200 https://registry.npmjs.org/unwasm 246ms (cache miss)
2493 silly packumentCache full:https://registry.npmjs.org/unwasm set size:undefined disposed:false
2494 silly placeDep node_modules/@nuxt/schema std-env@4.1.0 OK for: @nuxt/schema@4.4.4 want: ^4.1.0
2495 silly placeDep node_modules/@nuxt/telemetry ofetch@2.0.0-alpha.3 OK for: @nuxt/telemetry@2.8.0 want: ^2.0.0-alpha.3
2496 silly placeDep node_modules/@nuxt/telemetry std-env@4.1.0 OK for: @nuxt/telemetry@2.8.0 want: ^4.0.0
2497 silly fetch manifest rollup@^1.20.0||^2.0.0||^3.0.0||^4.0.0
2498 silly packumentCache full:https://registry.npmjs.org/rollup cache-miss
2499 http cache https://registry.npmjs.org/rollup 10ms (cache hit)
2500 silly packumentCache full:https://registry.npmjs.org/rollup set size:6181637 disposed:false
2501 silly fetch manifest postcss@^8.5.12
2502 silly packumentCache full:https://registry.npmjs.org/postcss cache-hit
2503 silly fetch manifest vue@^3.3.4
2504 silly packumentCache full:https://registry.npmjs.org/vue cache-miss
2505 http cache https://registry.npmjs.org/vue 4ms (cache hit)
2506 silly packumentCache full:https://registry.npmjs.org/vue set size:2032433 disposed:false
2507 silly fetch manifest @biomejs/biome@>=1.7
2508 silly packumentCache full:https://registry.npmjs.org/@biomejs%2fbiome cache-miss
2509 http fetch GET 200 https://registry.npmjs.org/@biomejs%2fbiome 93ms (cache miss)
2510 silly packumentCache full:https://registry.npmjs.org/@biomejs%2fbiome set size:undefined disposed:false
2511 silly fetch manifest eslint@>=9.39.4
2512 silly packumentCache full:https://registry.npmjs.org/eslint cache-miss
2513 http fetch GET 200 https://registry.npmjs.org/eslint 66ms (cache miss)
2514 silly packumentCache full:https://registry.npmjs.org/eslint set size:undefined disposed:false
2515 silly fetch manifest meow@^13.2.0 || ^14.0.0
2516 silly packumentCache full:https://registry.npmjs.org/meow cache-miss
2517 http fetch GET 200 https://registry.npmjs.org/meow 42ms (cache miss)
2518 silly packumentCache full:https://registry.npmjs.org/meow set size:undefined disposed:false
2519 silly fetch manifest optionator@^0.9.4
2520 silly packumentCache full:https://registry.npmjs.org/optionator cache-miss
2521 http fetch GET 200 https://registry.npmjs.org/optionator 45ms (cache miss)
2522 silly packumentCache full:https://registry.npmjs.org/optionator set size:undefined disposed:false
2523 silly fetch manifest oxlint@>=1
2524 silly packumentCache full:https://registry.npmjs.org/oxlint cache-miss
2525 http fetch GET 200 https://registry.npmjs.org/oxlint 220ms (cache miss)
2526 silly packumentCache full:https://registry.npmjs.org/oxlint set size:undefined disposed:false
2527 silly fetch manifest oxlint-tsgolint@>=0.22.1
2528 silly packumentCache full:https://registry.npmjs.org/oxlint-tsgolint cache-miss
2529 http fetch GET 200 https://registry.npmjs.org/oxlint-tsgolint 483ms (cache miss)
2530 silly packumentCache full:https://registry.npmjs.org/oxlint-tsgolint set size:undefined disposed:false
2531 silly fetch manifest stylelint@>=16.26.1
2532 silly packumentCache full:https://registry.npmjs.org/stylelint cache-miss
2533 http fetch GET 200 https://registry.npmjs.org/stylelint 287ms (cache miss)
2534 silly packumentCache full:https://registry.npmjs.org/stylelint set size:undefined disposed:false
2535 silly fetch manifest vls@*
2536 silly packumentCache full:https://registry.npmjs.org/vls cache-miss
2537 http fetch GET 200 https://registry.npmjs.org/vls 242ms (cache miss)
2538 silly packumentCache full:https://registry.npmjs.org/vls set size:undefined disposed:false
2539 silly fetch manifest vti@*
2540 silly packumentCache full:https://registry.npmjs.org/vti cache-miss
2541 http fetch GET 200 https://registry.npmjs.org/vti 222ms (cache miss)
2542 silly packumentCache full:https://registry.npmjs.org/vti set size:undefined disposed:false
2543 silly fetch manifest vue-tsc@~2.2.10 || ^3.0.0
2544 silly packumentCache full:https://registry.npmjs.org/vue-tsc cache-miss
2545 http cache https://registry.npmjs.org/vue-tsc 5ms (cache hit)
2546 silly packumentCache full:https://registry.npmjs.org/vue-tsc set size:743983 disposed:false
2547 silly placeDep ROOT @rollup/plugin-replace@6.0.3 OK for: @nuxt/vite-builder@3.21.4 want: ^6.0.3
2548 silly placeDep ROOT @vitejs/plugin-vue@6.0.6 OK for: @nuxt/vite-builder@3.21.4 want: ^6.0.6
2549 silly placeDep ROOT @vitejs/plugin-vue-jsx@5.1.5 OK for: @nuxt/vite-builder@3.21.4 want: ^5.1.5
2550 silly placeDep ROOT cssnano@7.1.9 OK for: @nuxt/vite-builder@3.21.4 want: ^7.1.7
2551 silly placeDep ROOT externality@1.0.2 OK for: @nuxt/vite-builder@3.21.4 want: ^1.0.2
2552 silly placeDep ROOT seroval@1.5.4 OK for: @nuxt/vite-builder@3.21.4 want: ^1.5.2
2553 silly placeDep node_modules/@nuxt/vite-builder std-env@4.1.0 OK for: @nuxt/vite-builder@3.21.4 want: ^4.1.0
2554 silly placeDep ROOT unenv@2.0.0-rc.24 OK for: @nuxt/vite-builder@3.21.4 want: ^2.0.0-rc.24
2555 silly placeDep ROOT vite-node@5.3.0 OK for: @nuxt/vite-builder@3.21.4 want: ^5.3.0
2556 silly placeDep ROOT vite-plugin-checker@0.13.0 OK for: @nuxt/vite-builder@3.21.4 want: ^0.13.0
2557 silly fetch manifest @rollup/pluginutils@^5.0.1
2558 silly packumentCache full:https://registry.npmjs.org/@rollup%2fpluginutils cache-miss
2559 silly fetch manifest @rolldown/pluginutils@1.0.0-rc.13
2560 silly packumentCache full:https://registry.npmjs.org/@rolldown%2fpluginutils cache-miss
2561 silly fetch manifest @babel/core@^7.29.0
2562 silly packumentCache full:https://registry.npmjs.org/@babel%2fcore cache-miss
2563 silly fetch manifest @rolldown/pluginutils@^1.0.0-rc.2
2564 silly packumentCache full:https://registry.npmjs.org/@rolldown%2fpluginutils cache-miss
2565 silly fetch manifest @vue/babel-plugin-jsx@^2.0.1
2566 silly packumentCache full:https://registry.npmjs.org/@vue%2fbabel-plugin-jsx cache-miss
2567 silly fetch manifest @babel/plugin-syntax-typescript@^7.28.6
2568 silly packumentCache full:https://registry.npmjs.org/@babel%2fplugin-syntax-typescript cache-miss
2569 silly fetch manifest @babel/plugin-transform-typescript@^7.28.6
2570 silly packumentCache full:https://registry.npmjs.org/@babel%2fplugin-transform-typescript cache-miss
2571 http fetch GET 200 https://registry.npmjs.org/@rolldown%2fpluginutils 56ms (cache miss)
2572 silly packumentCache full:https://registry.npmjs.org/@rolldown%2fpluginutils set size:undefined disposed:false
2573 silly fetch manifest cssnano-preset-default@^7.0.17
2574 silly packumentCache full:https://registry.npmjs.org/cssnano-preset-default cache-miss
2575 http fetch GET 200 https://registry.npmjs.org/@babel%2fplugin-syntax-typescript 66ms (cache miss)
2576 silly packumentCache full:https://registry.npmjs.org/@babel%2fplugin-syntax-typescript set size:undefined disposed:false
2577 silly fetch manifest enhanced-resolve@^5.14.1
2578 silly packumentCache full:https://registry.npmjs.org/enhanced-resolve cache-miss
2579 http fetch GET 200 https://registry.npmjs.org/@babel%2fplugin-transform-typescript 70ms (cache miss)
2580 silly packumentCache full:https://registry.npmjs.org/@babel%2fplugin-transform-typescript set size:undefined disposed:false
2581 silly fetch manifest pathe@^1.1.1
2582 silly packumentCache full:https://registry.npmjs.org/pathe cache-miss
2583 http fetch GET 200 https://registry.npmjs.org/@babel%2fcore 75ms (cache miss)
2584 silly packumentCache full:https://registry.npmjs.org/@babel%2fcore set size:undefined disposed:false
2585 silly fetch manifest obug@^2.1.1
2586 silly packumentCache full:https://registry.npmjs.org/obug cache-miss
2587 http cache https://registry.npmjs.org/pathe 6ms (cache hit)
2588 silly packumentCache full:https://registry.npmjs.org/pathe set size:68788 disposed:false
2589 silly fetch manifest @babel/code-frame@^7.27.1
2590 silly packumentCache full:https://registry.npmjs.org/@babel%2fcode-frame cache-miss
2591 http fetch GET 200 https://registry.npmjs.org/@rolldown%2fpluginutils 80ms (cache miss)
2592 silly packumentCache full:https://registry.npmjs.org/@rolldown%2fpluginutils set size:undefined disposed:false
2593 silly fetch manifest chokidar@^4.0.3
2594 silly packumentCache full:https://registry.npmjs.org/chokidar cache-hit
2595 silly fetch manifest npm-run-path@^6.0.0
2596 silly packumentCache full:https://registry.npmjs.org/npm-run-path cache-miss
2597 http cache https://registry.npmjs.org/npm-run-path 1ms (cache hit)
2598 silly packumentCache full:https://registry.npmjs.org/npm-run-path set size:33596 disposed:false
2599 silly fetch manifest proper-lockfile@^4.1.2
2600 silly packumentCache full:https://registry.npmjs.org/proper-lockfile cache-miss
2601 http fetch GET 200 https://registry.npmjs.org/enhanced-resolve 46ms (cache miss)
2602 silly packumentCache full:https://registry.npmjs.org/enhanced-resolve set size:undefined disposed:false
2603 silly fetch manifest tiny-invariant@^1.3.3
2604 silly packumentCache full:https://registry.npmjs.org/tiny-invariant cache-miss
2605 http fetch GET 200 https://registry.npmjs.org/obug 41ms (cache miss)
2606 silly packumentCache full:https://registry.npmjs.org/obug set size:undefined disposed:false
2607 silly fetch manifest vscode-uri@^3.1.0
2608 silly packumentCache full:https://registry.npmjs.org/vscode-uri cache-miss
2609 http fetch GET 200 https://registry.npmjs.org/proper-lockfile 47ms (cache miss)
2610 silly packumentCache full:https://registry.npmjs.org/proper-lockfile set size:undefined disposed:false
2611 http fetch GET 200 https://registry.npmjs.org/@babel%2fcode-frame 55ms (cache miss)
2612 silly packumentCache full:https://registry.npmjs.org/@babel%2fcode-frame set size:undefined disposed:false
2613 http fetch GET 200 https://registry.npmjs.org/vscode-uri 37ms (cache miss)
2614 silly packumentCache full:https://registry.npmjs.org/vscode-uri set size:undefined disposed:false
2615 http fetch GET 200 https://registry.npmjs.org/tiny-invariant 43ms (cache miss)
2616 silly packumentCache full:https://registry.npmjs.org/tiny-invariant set size:undefined disposed:false
2617 http fetch GET 200 https://registry.npmjs.org/@rollup%2fpluginutils 242ms (cache miss)
2618 silly packumentCache full:https://registry.npmjs.org/@rollup%2fpluginutils set size:undefined disposed:false
2619 http fetch GET 200 https://registry.npmjs.org/cssnano-preset-default 228ms (cache miss)
2620 silly packumentCache full:https://registry.npmjs.org/cssnano-preset-default set size:undefined disposed:false
2621 http fetch GET 200 https://registry.npmjs.org/@vue%2fbabel-plugin-jsx 465ms (cache miss)
2622 silly packumentCache full:https://registry.npmjs.org/@vue%2fbabel-plugin-jsx set size:undefined disposed:false
2623 silly placeDep ROOT @rollup/pluginutils@5.3.0 OK for: @rollup/plugin-replace@6.0.3 want: ^5.0.1
2624 silly placeDep node_modules/@rollup/pluginutils estree-walker@2.0.2 OK for: @rollup/pluginutils@5.3.0 want: ^2.0.2
2625 silly placeDep node_modules/@unhead/vue hookable@6.1.1 OK for: @unhead/vue@2.1.15 want: ^6.0.1
2626 silly placeDep ROOT unhead@2.1.15 OK for: @unhead/vue@2.1.15 want: 2.1.15
2627 silly placeDep ROOT @rolldown/pluginutils@1.0.0-rc.13 OK for: @vitejs/plugin-vue@6.0.6 want: 1.0.0-rc.13
2628 silly placeDep ROOT @babel/core@7.29.0 OK for: @vitejs/plugin-vue-jsx@5.1.5 want: ^7.29.0
2629 silly placeDep ROOT @babel/plugin-syntax-typescript@7.28.6 OK for: @vitejs/plugin-vue-jsx@5.1.5 want: ^7.28.6
2630 silly placeDep ROOT @babel/plugin-transform-typescript@7.28.6 OK for: @vitejs/plugin-vue-jsx@5.1.5 want: ^7.28.6
2631 silly placeDep ROOT @vue/babel-plugin-jsx@2.0.1 OK for: @vitejs/plugin-vue-jsx@5.1.5 want: ^2.0.1
2632 silly fetch manifest semver@^6.3.1
2633 silly packumentCache full:https://registry.npmjs.org/semver cache-miss
2634 silly fetch manifest gensync@^1.0.0-beta.2
2635 silly packumentCache full:https://registry.npmjs.org/gensync cache-miss
2636 silly fetch manifest @babel/helpers@^7.28.6
2637 silly packumentCache full:https://registry.npmjs.org/@babel%2fhelpers cache-miss
2638 silly fetch manifest @babel/template@^7.28.6
2639 silly packumentCache full:https://registry.npmjs.org/@babel%2ftemplate cache-miss
2640 silly fetch manifest @babel/traverse@^7.29.0
2641 silly packumentCache full:https://registry.npmjs.org/@babel%2ftraverse cache-miss
2642 silly fetch manifest @babel/generator@^7.29.0
2643 silly packumentCache full:https://registry.npmjs.org/@babel%2fgenerator cache-miss
2644 silly fetch manifest @babel/code-frame@^7.29.0
2645 silly packumentCache full:https://registry.npmjs.org/@babel%2fcode-frame cache-miss
2646 http cache https://registry.npmjs.org/@babel%2fgenerator 8ms (cache hit)
2647 silly packumentCache full:https://registry.npmjs.org/@babel%2fgenerator set size:509303 disposed:false
2648 silly fetch manifest convert-source-map@^2.0.0
2649 silly packumentCache full:https://registry.npmjs.org/convert-source-map cache-miss
2650 http cache https://registry.npmjs.org/@babel%2fcode-frame 11ms (cache hit)
2651 silly packumentCache full:https://registry.npmjs.org/@babel%2fcode-frame set size:198217 disposed:false
2652 silly fetch manifest @babel/helper-module-transforms@^7.28.6
2653 silly packumentCache full:https://registry.npmjs.org/@babel%2fhelper-module-transforms cache-miss
2654 http cache https://registry.npmjs.org/semver 15ms (cache hit)
2655 silly packumentCache full:https://registry.npmjs.org/semver set size:233058 disposed:false
2656 silly fetch manifest @babel/helper-compilation-targets@^7.28.6
2657 silly packumentCache full:https://registry.npmjs.org/@babel%2fhelper-compilation-targets cache-miss
2658 http fetch GET 200 https://registry.npmjs.org/gensync 47ms (cache miss)
2659 silly packumentCache full:https://registry.npmjs.org/gensync set size:undefined disposed:false
2660 silly fetch manifest @babel/helper-plugin-utils@^7.28.6
2661 silly packumentCache full:https://registry.npmjs.org/@babel%2fhelper-plugin-utils cache-miss
2662 http fetch GET 200 https://registry.npmjs.org/convert-source-map 40ms (cache miss)
2663 silly packumentCache full:https://registry.npmjs.org/convert-source-map set size:undefined disposed:false
2664 silly fetch manifest @babel/helper-plugin-utils@^7.28.6
2665 silly packumentCache full:https://registry.npmjs.org/@babel%2fhelper-plugin-utils cache-miss
2666 http fetch GET 200 https://registry.npmjs.org/@babel%2ftemplate 53ms (cache miss)
2667 silly packumentCache full:https://registry.npmjs.org/@babel%2ftemplate set size:undefined disposed:false
2668 silly fetch manifest @babel/helper-annotate-as-pure@^7.27.3
2669 silly packumentCache full:https://registry.npmjs.org/@babel%2fhelper-annotate-as-pure cache-miss
2670 http fetch GET 200 https://registry.npmjs.org/@babel%2fhelper-module-transforms 53ms (cache miss)
2671 silly packumentCache full:https://registry.npmjs.org/@babel%2fhelper-module-transforms set size:undefined disposed:false
2672 silly fetch manifest @babel/helper-create-class-features-plugin@^7.28.6
2673 silly packumentCache full:https://registry.npmjs.org/@babel%2fhelper-create-class-features-plugin cache-miss
2674 http fetch GET 200 https://registry.npmjs.org/@babel%2ftraverse 68ms (cache miss)
2675 silly packumentCache full:https://registry.npmjs.org/@babel%2ftraverse set size:undefined disposed:false
2676 silly fetch manifest @babel/helper-skip-transparent-expression-wrappers@^7.27.1
2677 silly packumentCache full:https://registry.npmjs.org/@babel%2fhelper-skip-transparent-expression-wrappers cache-miss
2678 http fetch GET 200 https://registry.npmjs.org/@babel%2fhelper-compilation-targets 56ms (cache miss)
2679 silly packumentCache full:https://registry.npmjs.org/@babel%2fhelper-compilation-targets set size:undefined disposed:false
2680 silly fetch manifest @babel/helper-module-imports@^7.27.1
2681 silly packumentCache full:https://registry.npmjs.org/@babel%2fhelper-module-imports cache-miss
2682 http fetch GET 200 https://registry.npmjs.org/@babel%2fhelpers 74ms (cache miss)
2683 silly packumentCache full:https://registry.npmjs.org/@babel%2fhelpers set size:undefined disposed:false
2684 silly fetch manifest @babel/helper-plugin-utils@^7.27.1
2685 silly packumentCache full:https://registry.npmjs.org/@babel%2fhelper-plugin-utils cache-miss
2686 http fetch GET 200 https://registry.npmjs.org/@babel%2fhelper-annotate-as-pure 51ms (cache miss)
2687 silly packumentCache full:https://registry.npmjs.org/@babel%2fhelper-annotate-as-pure set size:undefined disposed:false
2688 silly fetch manifest @babel/plugin-syntax-jsx@^7.27.1
2689 silly packumentCache full:https://registry.npmjs.org/@babel%2fplugin-syntax-jsx cache-miss
2690 http fetch GET 200 https://registry.npmjs.org/@babel%2fhelper-plugin-utils 54ms (cache miss)
2691 silly packumentCache full:https://registry.npmjs.org/@babel%2fhelper-plugin-utils set size:undefined disposed:false
2692 silly fetch manifest @babel/template@^7.27.2
2693 silly packumentCache full:https://registry.npmjs.org/@babel%2ftemplate cache-miss
2694 http fetch GET 200 https://registry.npmjs.org/@babel%2fhelper-plugin-utils 61ms (cache miss)
2695 silly packumentCache full:https://registry.npmjs.org/@babel%2fhelper-plugin-utils set size:undefined disposed:false
2696 silly fetch manifest @babel/traverse@^7.28.4
2697 silly packumentCache full:https://registry.npmjs.org/@babel%2ftraverse cache-miss
2698 http cache https://registry.npmjs.org/@babel%2ftemplate 3ms (cache hit)
2699 silly packumentCache full:https://registry.npmjs.org/@babel%2ftemplate set size:229095 disposed:false
2700 silly fetch manifest @babel/types@^7.28.4
2701 silly packumentCache full:https://registry.npmjs.org/@babel%2ftypes cache-miss
2702 http cache https://registry.npmjs.org/@babel%2ftraverse 3ms (cache hit)
2703 silly packumentCache full:https://registry.npmjs.org/@babel%2ftraverse set size:550946 disposed:false
2704 silly fetch manifest @vue/babel-helper-vue-transform-on@2.0.1
2705 silly packumentCache full:https://registry.npmjs.org/@vue%2fbabel-helper-vue-transform-on cache-miss
2706 http cache https://registry.npmjs.org/@babel%2ftypes 5ms (cache hit)
2707 silly packumentCache full:https://registry.npmjs.org/@babel%2ftypes set size:489931 disposed:false
2708 silly fetch manifest @vue/babel-plugin-resolve-type@2.0.1
2709 silly packumentCache full:https://registry.npmjs.org/@vue%2fbabel-plugin-resolve-type cache-miss
2710 http fetch GET 200 https://registry.npmjs.org/@babel%2fhelper-skip-transparent-expression-wrappers 49ms (cache miss)
2711 silly packumentCache full:https://registry.npmjs.org/@babel%2fhelper-skip-transparent-expression-wrappers set size:undefined disposed:false
2712 http fetch GET 200 https://registry.npmjs.org/@babel%2fhelper-plugin-utils 47ms (cache miss)
2713 silly packumentCache full:https://registry.npmjs.org/@babel%2fhelper-plugin-utils set size:undefined disposed:false
2714 http fetch GET 200 https://registry.npmjs.org/@babel%2fhelper-create-class-features-plugin 55ms (cache miss)
2715 silly packumentCache full:https://registry.npmjs.org/@babel%2fhelper-create-class-features-plugin set size:undefined disposed:false
2716 http fetch GET 200 https://registry.npmjs.org/@babel%2fhelper-module-imports 59ms (cache miss)
2717 silly packumentCache full:https://registry.npmjs.org/@babel%2fhelper-module-imports set size:undefined disposed:false
2718 http fetch GET 200 https://registry.npmjs.org/@vue%2fbabel-helper-vue-transform-on 612ms (cache miss)
2719 silly packumentCache full:https://registry.npmjs.org/@vue%2fbabel-helper-vue-transform-on set size:undefined disposed:false
2720 http fetch GET 200 https://registry.npmjs.org/@vue%2fbabel-plugin-resolve-type 609ms (cache miss)
2721 silly packumentCache full:https://registry.npmjs.org/@vue%2fbabel-plugin-resolve-type set size:undefined disposed:false
2722 http fetch GET 200 https://registry.npmjs.org/@babel%2fplugin-syntax-jsx 655ms (cache miss)
2723 silly packumentCache full:https://registry.npmjs.org/@babel%2fplugin-syntax-jsx set size:undefined disposed:false
2724 silly fetch manifest @babel/core@^7.0.0
2725 silly packumentCache full:https://registry.npmjs.org/@babel%2fcore cache-miss
2726 http cache https://registry.npmjs.org/@babel%2fcore 4ms (cache hit)
2727 silly packumentCache full:https://registry.npmjs.org/@babel%2fcore set size:764052 disposed:false
2728 silly placeDep ROOT @babel/code-frame@7.29.0 OK for: @babel/core@7.29.0 want: ^7.29.0
2729 silly placeDep ROOT @babel/generator@7.29.1 OK for: @babel/core@7.29.0 want: ^7.29.0
2730 silly placeDep ROOT @babel/helper-compilation-targets@7.28.6 OK for: @babel/core@7.29.0 want: ^7.28.6
2731 silly placeDep ROOT @babel/helper-module-transforms@7.28.6 OK for: @babel/core@7.29.0 want: ^7.28.6
2732 silly placeDep ROOT @babel/helpers@7.29.2 OK for: @babel/core@7.29.0 want: ^7.28.6
2733 silly placeDep ROOT @babel/parser@7.29.3 OK for: @babel/core@7.29.0 want: ^7.29.0
2734 silly placeDep ROOT @babel/template@7.28.6 OK for: @babel/core@7.29.0 want: ^7.28.6
2735 silly placeDep ROOT @babel/traverse@7.29.0 OK for: @babel/core@7.29.0 want: ^7.29.0
2736 silly placeDep ROOT @babel/types@7.29.0 OK for: @babel/core@7.29.0 want: ^7.29.0
2737 silly placeDep ROOT @jridgewell/remapping@2.3.5 OK for: @babel/core@7.29.0 want: ^2.3.5
2738 silly placeDep ROOT convert-source-map@2.0.0 OK for: @babel/core@7.29.0 want: ^2.0.0
2739 silly placeDep ROOT gensync@1.0.0-beta.2 OK for: @babel/core@7.29.0 want: ^1.0.0-beta.2
2740 silly placeDep ROOT json5@2.2.3 OK for: @babel/core@7.29.0 want: ^2.2.3
2741 silly placeDep node_modules/@babel/core semver@6.3.1 OK for: @babel/core@7.29.0 want: ^6.3.1
2742 silly fetch manifest js-tokens@^4.0.0
2743 silly packumentCache full:https://registry.npmjs.org/js-tokens cache-miss
2744 silly fetch manifest @babel/helper-validator-identifier@^7.28.5
2745 silly packumentCache full:https://registry.npmjs.org/@babel%2fhelper-validator-identifier cache-miss
2746 silly fetch manifest jsesc@^3.0.2
2747 silly packumentCache full:https://registry.npmjs.org/jsesc cache-miss
2748 silly fetch manifest @jridgewell/gen-mapping@^0.3.12
2749 silly packumentCache full:https://registry.npmjs.org/@jridgewell%2fgen-mapping cache-miss
2750 silly fetch manifest @jridgewell/trace-mapping@^0.3.28
2751 silly packumentCache full:https://registry.npmjs.org/@jridgewell%2ftrace-mapping cache-miss
2752 silly fetch manifest lru-cache@^5.1.1
2753 silly packumentCache full:https://registry.npmjs.org/lru-cache cache-miss
2754 silly fetch manifest @babel/compat-data@^7.28.6
2755 silly packumentCache full:https://registry.npmjs.org/@babel%2fcompat-data cache-miss
2756 http cache https://registry.npmjs.org/@jridgewell%2ftrace-mapping 4ms (cache hit)
2757 silly packumentCache full:https://registry.npmjs.org/@jridgewell%2ftrace-mapping set size:170909 disposed:false
2758 silly fetch manifest @babel/helper-validator-option@^7.27.1
2759 silly packumentCache full:https://registry.npmjs.org/@babel%2fhelper-validator-option cache-miss
2760 http cache https://registry.npmjs.org/lru-cache 6ms (cache hit)
2761 silly packumentCache full:https://registry.npmjs.org/lru-cache set size:443567 disposed:false
2762 silly fetch manifest @babel/traverse@^7.28.6
2763 silly packumentCache full:https://registry.npmjs.org/@babel%2ftraverse cache-hit
2764 silly fetch manifest @babel/helper-module-imports@^7.28.6
2765 silly packumentCache full:https://registry.npmjs.org/@babel%2fhelper-module-imports cache-miss
2766 http cache https://registry.npmjs.org/@babel%2fhelper-module-imports 2ms (cache hit)
2767 silly packumentCache full:https://registry.npmjs.org/@babel%2fhelper-module-imports set size:195374 disposed:false
2768 silly fetch manifest @babel/helper-validator-identifier@^7.28.5
2769 silly packumentCache full:https://registry.npmjs.org/@babel%2fhelper-validator-identifier cache-miss
2770 http fetch GET 200 https://registry.npmjs.org/jsesc 43ms (cache miss)
2771 silly packumentCache full:https://registry.npmjs.org/jsesc set size:undefined disposed:false
2772 silly fetch manifest @babel/types@^7.28.6
2773 silly packumentCache full:https://registry.npmjs.org/@babel%2ftypes cache-hit
2774 silly fetch manifest @babel/helper-globals@^7.28.0
2775 silly packumentCache full:https://registry.npmjs.org/@babel%2fhelper-globals cache-miss
2776 http fetch GET 200 https://registry.npmjs.org/js-tokens 45ms (cache miss)
2777 silly packumentCache full:https://registry.npmjs.org/js-tokens set size:undefined disposed:false
2778 silly fetch manifest @babel/helper-string-parser@^7.27.1
2779 silly packumentCache full:https://registry.npmjs.org/@babel%2fhelper-string-parser cache-miss
2780 http fetch GET 200 https://registry.npmjs.org/@babel%2fhelper-validator-identifier 48ms (cache miss)
2781 silly packumentCache full:https://registry.npmjs.org/@babel%2fhelper-validator-identifier set size:undefined disposed:false
2782 silly fetch manifest @jridgewell/gen-mapping@^0.3.5
2783 silly packumentCache full:https://registry.npmjs.org/@jridgewell%2fgen-mapping cache-miss
2784 http fetch GET 200 https://registry.npmjs.org/@babel%2fhelper-validator-option 52ms (cache miss)
2785 silly packumentCache full:https://registry.npmjs.org/@babel%2fhelper-validator-option set size:undefined disposed:false
2786 silly fetch manifest @jridgewell/trace-mapping@^0.3.24
2787 silly packumentCache full:https://registry.npmjs.org/@jridgewell%2ftrace-mapping cache-hit
2788 http fetch GET 200 https://registry.npmjs.org/@babel%2fhelper-validator-identifier 46ms (cache miss)
2789 silly packumentCache full:https://registry.npmjs.org/@babel%2fhelper-validator-identifier set size:undefined disposed:false
2790 http fetch GET 200 https://registry.npmjs.org/@jridgewell%2fgen-mapping 64ms (cache miss)
2791 silly packumentCache full:https://registry.npmjs.org/@jridgewell%2fgen-mapping set size:undefined disposed:false
2792 http fetch GET 200 https://registry.npmjs.org/@babel%2fcompat-data 72ms (cache miss)
2793 silly packumentCache full:https://registry.npmjs.org/@babel%2fcompat-data set size:undefined disposed:false
2794 http fetch GET 200 https://registry.npmjs.org/@babel%2fhelper-string-parser 45ms (cache miss)
2795 silly packumentCache full:https://registry.npmjs.org/@babel%2fhelper-string-parser set size:undefined disposed:false
2796 http fetch GET 200 https://registry.npmjs.org/@babel%2fhelper-globals 47ms (cache miss)
2797 silly packumentCache full:https://registry.npmjs.org/@babel%2fhelper-globals set size:undefined disposed:false
2798 http fetch GET 200 https://registry.npmjs.org/@jridgewell%2fgen-mapping 51ms (cache miss)
2799 silly packumentCache full:https://registry.npmjs.org/@jridgewell%2fgen-mapping set size:undefined disposed:false
2800 silly placeDep ROOT @babel/helper-validator-identifier@7.28.5 OK for: @babel/code-frame@7.29.0 want: ^7.28.5
2801 silly placeDep ROOT js-tokens@4.0.0 OK for: @babel/code-frame@7.29.0 want: ^4.0.0
2802 silly placeDep ROOT @jridgewell/gen-mapping@0.3.13 OK for: @babel/generator@7.29.1 want: ^0.3.12
2803 silly placeDep ROOT @jridgewell/trace-mapping@0.3.31 OK for: @babel/generator@7.29.1 want: ^0.3.28
2804 silly placeDep ROOT jsesc@3.1.0 OK for: @babel/generator@7.29.1 want: ^3.0.2
2805 silly fetch manifest @jridgewell/resolve-uri@^3.1.0
2806 silly packumentCache full:https://registry.npmjs.org/@jridgewell%2fresolve-uri cache-miss
2807 http fetch GET 200 https://registry.npmjs.org/@jridgewell%2fresolve-uri 51ms (cache miss)
2808 silly packumentCache full:https://registry.npmjs.org/@jridgewell%2fresolve-uri set size:undefined disposed:false
2809 silly placeDep ROOT @babel/compat-data@7.29.3 OK for: @babel/helper-compilation-targets@7.28.6 want: ^7.28.6
2810 silly placeDep ROOT @babel/helper-validator-option@7.27.1 OK for: @babel/helper-compilation-targets@7.28.6 want: ^7.27.1
2811 silly placeDep ROOT lru-cache@5.1.1 OK for: @babel/helper-compilation-targets@7.28.6 want: ^5.1.1
2812 silly placeDep node_modules/@babel/helper-compilation-targets semver@6.3.1 OK for: @babel/helper-compilation-targets@7.28.6 want: ^6.3.1
2813 silly fetch manifest yallist@^3.0.2
2814 silly packumentCache full:https://registry.npmjs.org/yallist cache-miss
2815 http fetch GET 200 https://registry.npmjs.org/yallist 41ms (cache miss)
2816 silly packumentCache full:https://registry.npmjs.org/yallist set size:undefined disposed:false
2817 silly placeDep ROOT @babel/helper-module-imports@7.28.6 OK for: @babel/helper-module-transforms@7.28.6 want: ^7.28.6
2818 silly placeDep ROOT @babel/helper-plugin-utils@7.28.6 OK for: @babel/plugin-syntax-typescript@7.28.6 want: ^7.28.6
2819 silly fetch manifest @babel/core@^7.0.0-0
2820 silly packumentCache full:https://registry.npmjs.org/@babel%2fcore cache-hit
2821 silly placeDep ROOT @babel/helper-annotate-as-pure@7.27.3 OK for: @babel/plugin-transform-typescript@7.28.6 want: ^7.27.3
2822 silly placeDep ROOT @babel/helper-create-class-features-plugin@7.29.3 OK for: @babel/plugin-transform-typescript@7.28.6 want: ^7.28.6
2823 silly placeDep ROOT @babel/helper-skip-transparent-expression-wrappers@7.27.1 OK for: @babel/plugin-transform-typescript@7.28.6 want: ^7.27.1
2824 silly fetch manifest @babel/helper-member-expression-to-functions@^7.28.5
2825 silly packumentCache full:https://registry.npmjs.org/@babel%2fhelper-member-expression-to-functions cache-miss
2826 silly fetch manifest @babel/helper-optimise-call-expression@^7.27.1
2827 silly packumentCache full:https://registry.npmjs.org/@babel%2fhelper-optimise-call-expression cache-miss
2828 silly fetch manifest @babel/helper-replace-supers@^7.28.6
2829 silly packumentCache full:https://registry.npmjs.org/@babel%2fhelper-replace-supers cache-miss
2830 http fetch GET 200 https://registry.npmjs.org/@babel%2fhelper-optimise-call-expression 61ms (cache miss)
2831 silly packumentCache full:https://registry.npmjs.org/@babel%2fhelper-optimise-call-expression set size:undefined disposed:false
2832 http fetch GET 200 https://registry.npmjs.org/@babel%2fhelper-member-expression-to-functions 250ms (cache miss)
2833 silly packumentCache full:https://registry.npmjs.org/@babel%2fhelper-member-expression-to-functions set size:undefined disposed:false
2834 http fetch GET 200 https://registry.npmjs.org/@babel%2fhelper-replace-supers 417ms (cache miss)
2835 silly packumentCache full:https://registry.npmjs.org/@babel%2fhelper-replace-supers set size:undefined disposed:false
2836 silly placeDep ROOT @babel/helper-member-expression-to-functions@7.28.5 OK for: @babel/helper-create-class-features-plugin@7.29.3 want: ^7.28.5
2837 silly placeDep ROOT @babel/helper-optimise-call-expression@7.27.1 OK for: @babel/helper-create-class-features-plugin@7.29.3 want: ^7.27.1
2838 silly placeDep ROOT @babel/helper-replace-supers@7.28.6 OK for: @babel/helper-create-class-features-plugin@7.29.3 want: ^7.28.6
2839 silly placeDep node_modules/@babel/helper-create-class-features-plugin semver@6.3.1 OK for: @babel/helper-create-class-features-plugin@7.29.3 want: ^6.3.1
2840 silly placeDep ROOT @babel/helper-globals@7.28.0 OK for: @babel/traverse@7.29.0 want: ^7.28.0
2841 silly placeDep ROOT @babel/helper-string-parser@7.27.1 OK for: @babel/types@7.29.0 want: ^7.27.1
2842 silly placeDep ROOT @jridgewell/resolve-uri@3.1.2 OK for: @jridgewell/trace-mapping@0.3.31 want: ^3.1.0
2843 silly placeDep ROOT @babel/plugin-syntax-jsx@7.28.6 OK for: @vue/babel-plugin-jsx@2.0.1 want: ^7.27.1
2844 silly placeDep ROOT @vue/babel-helper-vue-transform-on@2.0.1 OK for: @vue/babel-plugin-jsx@2.0.1 want: 2.0.1
2845 silly placeDep ROOT @vue/babel-plugin-resolve-type@2.0.1 OK for: @vue/babel-plugin-jsx@2.0.1 want: 2.0.1
2846 silly placeDep ROOT @vue/compiler-core@3.5.34 OK for: @vue/compiler-sfc@3.5.34 want: 3.5.34
2847 silly placeDep ROOT @vue/compiler-dom@3.5.34 OK for: @vue/compiler-sfc@3.5.34 want: 3.5.34
2848 silly placeDep ROOT @vue/compiler-ssr@3.5.34 OK for: @vue/compiler-sfc@3.5.34 want: 3.5.34
2849 silly placeDep node_modules/@vue/compiler-sfc estree-walker@2.0.2 OK for: @vue/compiler-sfc@3.5.34 want: ^2.0.2
2850 silly fetch manifest entities@^7.0.1
2851 silly packumentCache full:https://registry.npmjs.org/entities cache-miss
2852 http fetch GET 200 https://registry.npmjs.org/entities 43ms (cache miss)
2853 silly packumentCache full:https://registry.npmjs.org/entities set size:undefined disposed:false
2854 silly placeDep ROOT entities@7.0.1 OK for: @vue/compiler-core@3.5.34 want: ^7.0.1
2855 silly placeDep node_modules/@vue/compiler-core estree-walker@2.0.2 OK for: @vue/compiler-core@3.5.34 want: ^2.0.2
2856 silly placeDep ROOT @vue/devtools-shared@8.1.2 OK for: @vue/devtools-core@8.1.2 want: ^8.1.2
2857 silly placeDep node_modules/@vue/devtools-kit birpc@2.9.0 OK for: @vue/devtools-kit@8.1.2 want: ^2.6.1
2858 silly fetch manifest postcss@^8.5.13
2859 silly packumentCache full:https://registry.npmjs.org/postcss cache-hit
2860 silly placeDep ROOT cssnano-preset-default@7.0.17 OK for: cssnano@7.1.9 want: ^7.0.17
2861 silly placeDep ROOT lilconfig@3.1.3 OK for: cssnano@7.1.9 want: ^3.1.3
2862 silly fetch manifest postcss-calc@^10.1.1
2863 silly packumentCache full:https://registry.npmjs.org/postcss-calc cache-miss
2864 silly fetch manifest postcss-svgo@^7.1.3
2865 silly packumentCache full:https://registry.npmjs.org/postcss-svgo cache-miss
2866 silly fetch manifest cssnano-utils@^5.0.3
2867 silly packumentCache full:https://registry.npmjs.org/cssnano-utils cache-miss
2868 silly fetch manifest postcss-colormin@^7.0.10
2869 silly packumentCache full:https://registry.npmjs.org/postcss-colormin cache-miss
2870 silly fetch manifest postcss-merge-rules@^7.0.11
2871 silly packumentCache full:https://registry.npmjs.org/postcss-merge-rules cache-miss
2872 silly fetch manifest postcss-discard-empty@^7.0.3
2873 silly packumentCache full:https://registry.npmjs.org/postcss-discard-empty cache-miss
2874 silly fetch manifest postcss-minify-params@^7.0.9
2875 silly packumentCache full:https://registry.npmjs.org/postcss-minify-params cache-miss
2876 http fetch GET 200 https://registry.npmjs.org/postcss-calc 44ms (cache miss)
2877 silly packumentCache full:https://registry.npmjs.org/postcss-calc set size:undefined disposed:false
2878 silly fetch manifest postcss-normalize-url@^7.0.3
2879 silly packumentCache full:https://registry.npmjs.org/postcss-normalize-url cache-miss
2880 http fetch GET 200 https://registry.npmjs.org/postcss-svgo 47ms (cache miss)
2881 silly packumentCache full:https://registry.npmjs.org/postcss-svgo set size:undefined disposed:false
2882 silly fetch manifest css-declaration-sorter@^7.2.0
2883 silly packumentCache full:https://registry.npmjs.org/css-declaration-sorter cache-miss
2884 http fetch GET 200 https://registry.npmjs.org/postcss-discard-empty 48ms (cache miss)
2885 silly packumentCache full:https://registry.npmjs.org/postcss-discard-empty set size:undefined disposed:false
2886 silly fetch manifest postcss-convert-values@^7.0.12
2887 silly packumentCache full:https://registry.npmjs.org/postcss-convert-values cache-miss
2888 http fetch GET 200 https://registry.npmjs.org/postcss-minify-params 50ms (cache miss)
2889 silly packumentCache full:https://registry.npmjs.org/postcss-minify-params set size:undefined disposed:false
2890 silly fetch manifest postcss-merge-longhand@^7.0.7
2891 silly packumentCache full:https://registry.npmjs.org/postcss-merge-longhand cache-miss
2892 http fetch GET 200 https://registry.npmjs.org/cssnano-utils 53ms (cache miss)
2893 silly packumentCache full:https://registry.npmjs.org/cssnano-utils set size:undefined disposed:false
2894 silly fetch manifest postcss-ordered-values@^7.0.4
2895 silly packumentCache full:https://registry.npmjs.org/postcss-ordered-values cache-miss
2896 http fetch GET 200 https://registry.npmjs.org/postcss-colormin 55ms (cache miss)
2897 silly packumentCache full:https://registry.npmjs.org/postcss-colormin set size:undefined disposed:false
2898 silly fetch manifest postcss-reduce-initial@^7.0.9
2899 silly packumentCache full:https://registry.npmjs.org/postcss-reduce-initial cache-miss
2900 http fetch GET 200 https://registry.npmjs.org/postcss-merge-rules 56ms (cache miss)
2901 silly packumentCache full:https://registry.npmjs.org/postcss-merge-rules set size:undefined disposed:false
2902 silly fetch manifest postcss-discard-comments@^7.0.8
2903 silly packumentCache full:https://registry.npmjs.org/postcss-discard-comments cache-miss
2904 http fetch GET 200 https://registry.npmjs.org/css-declaration-sorter 40ms (cache miss)
2905 silly packumentCache full:https://registry.npmjs.org/css-declaration-sorter set size:undefined disposed:false
2906 silly fetch manifest postcss-minify-gradients@^7.0.5
2907 silly packumentCache full:https://registry.npmjs.org/postcss-minify-gradients cache-miss
2908 http fetch GET 200 https://registry.npmjs.org/postcss-ordered-values 40ms (cache miss)
2909 silly packumentCache full:https://registry.npmjs.org/postcss-ordered-values set size:undefined disposed:false
2910 silly fetch manifest postcss-minify-selectors@^7.1.2
2911 silly packumentCache full:https://registry.npmjs.org/postcss-minify-selectors cache-miss
2912 http fetch GET 200 https://registry.npmjs.org/postcss-merge-longhand 45ms (cache miss)
2913 silly packumentCache full:https://registry.npmjs.org/postcss-merge-longhand set size:undefined disposed:false
2914 silly fetch manifest postcss-normalize-string@^7.0.3
2915 silly packumentCache full:https://registry.npmjs.org/postcss-normalize-string cache-miss
2916 http fetch GET 200 https://registry.npmjs.org/postcss-reduce-initial 48ms (cache miss)
2917 silly packumentCache full:https://registry.npmjs.org/postcss-reduce-initial set size:undefined disposed:false
2918 silly fetch manifest postcss-unique-selectors@^7.0.7
2919 silly packumentCache full:https://registry.npmjs.org/postcss-unique-selectors cache-miss
2920 http fetch GET 200 https://registry.npmjs.org/postcss-discard-comments 48ms (cache miss)
2921 silly packumentCache full:https://registry.npmjs.org/postcss-discard-comments set size:undefined disposed:false
2922 silly fetch manifest postcss-normalize-charset@^7.0.3
2923 silly packumentCache full:https://registry.npmjs.org/postcss-normalize-charset cache-miss
2924 http fetch GET 200 https://registry.npmjs.org/postcss-convert-values 60ms (cache miss)
2925 silly packumentCache full:https://registry.npmjs.org/postcss-convert-values set size:undefined disposed:false
2926 silly fetch manifest postcss-normalize-unicode@^7.0.9
2927 silly packumentCache full:https://registry.npmjs.org/postcss-normalize-unicode cache-miss
2928 http fetch GET 200 https://registry.npmjs.org/postcss-minify-gradients 41ms (cache miss)
2929 silly packumentCache full:https://registry.npmjs.org/postcss-minify-gradients set size:undefined disposed:false
2930 silly fetch manifest postcss-reduce-transforms@^7.0.3
2931 silly packumentCache full:https://registry.npmjs.org/postcss-reduce-transforms cache-miss
2932 http fetch GET 200 https://registry.npmjs.org/postcss-normalize-charset 52ms (cache miss)
2933 silly packumentCache full:https://registry.npmjs.org/postcss-normalize-charset set size:undefined disposed:false
2934 silly fetch manifest postcss-discard-duplicates@^7.0.4
2935 silly packumentCache full:https://registry.npmjs.org/postcss-discard-duplicates cache-miss
2936 http fetch GET 200 https://registry.npmjs.org/postcss-reduce-transforms 43ms (cache miss)
2937 silly packumentCache full:https://registry.npmjs.org/postcss-reduce-transforms set size:undefined disposed:false
2938 silly fetch manifest postcss-discard-overridden@^7.0.3
2939 silly packumentCache full:https://registry.npmjs.org/postcss-discard-overridden cache-miss
2940 http fetch GET 200 https://registry.npmjs.org/postcss-discard-duplicates 49ms (cache miss)
2941 silly packumentCache full:https://registry.npmjs.org/postcss-discard-duplicates set size:undefined disposed:false
2942 silly fetch manifest postcss-minify-font-values@^7.0.3
2943 silly packumentCache full:https://registry.npmjs.org/postcss-minify-font-values cache-miss
2944 http fetch GET 200 https://registry.npmjs.org/postcss-minify-font-values 56ms (cache miss)
2945 silly packumentCache full:https://registry.npmjs.org/postcss-minify-font-values set size:undefined disposed:false
2946 silly fetch manifest postcss-normalize-positions@^7.0.4
2947 silly packumentCache full:https://registry.npmjs.org/postcss-normalize-positions cache-miss
2948 http fetch GET 200 https://registry.npmjs.org/postcss-normalize-url 244ms (cache miss)
2949 silly packumentCache full:https://registry.npmjs.org/postcss-normalize-url set size:undefined disposed:false
2950 silly fetch manifest postcss-normalize-whitespace@^7.0.3
2951 silly packumentCache full:https://registry.npmjs.org/postcss-normalize-whitespace cache-miss
2952 http fetch GET 200 https://registry.npmjs.org/postcss-unique-selectors 214ms (cache miss)
2953 silly packumentCache full:https://registry.npmjs.org/postcss-unique-selectors set size:undefined disposed:false
2954 silly fetch manifest postcss-normalize-repeat-style@^7.0.4
2955 silly packumentCache full:https://registry.npmjs.org/postcss-normalize-repeat-style cache-miss
2956 http fetch GET 200 https://registry.npmjs.org/postcss-normalize-string 225ms (cache miss)
2957 silly packumentCache full:https://registry.npmjs.org/postcss-normalize-string set size:undefined disposed:false
2958 silly fetch manifest postcss-normalize-display-values@^7.0.3
2959 silly packumentCache full:https://registry.npmjs.org/postcss-normalize-display-values cache-miss
2960 http fetch GET 200 https://registry.npmjs.org/postcss-normalize-unicode 233ms (cache miss)
2961 silly packumentCache full:https://registry.npmjs.org/postcss-normalize-unicode set size:undefined disposed:false
2962 silly fetch manifest postcss-normalize-timing-functions@^7.0.3
2963 silly packumentCache full:https://registry.npmjs.org/postcss-normalize-timing-functions cache-miss
2964 http fetch GET 200 https://registry.npmjs.org/postcss-minify-selectors 249ms (cache miss)
2965 silly packumentCache full:https://registry.npmjs.org/postcss-minify-selectors set size:undefined disposed:false
2966 http fetch GET 200 https://registry.npmjs.org/postcss-discard-overridden 226ms (cache miss)
2967 silly packumentCache full:https://registry.npmjs.org/postcss-discard-overridden set size:undefined disposed:false
2968 http fetch GET 200 https://registry.npmjs.org/postcss-normalize-positions 227ms (cache miss)
2969 silly packumentCache full:https://registry.npmjs.org/postcss-normalize-positions set size:undefined disposed:false
2970 http fetch GET 200 https://registry.npmjs.org/postcss-normalize-whitespace 238ms (cache miss)
2971 silly packumentCache full:https://registry.npmjs.org/postcss-normalize-whitespace set size:undefined disposed:false
2972 http fetch GET 200 https://registry.npmjs.org/postcss-normalize-display-values 220ms (cache miss)
2973 silly packumentCache full:https://registry.npmjs.org/postcss-normalize-display-values set size:undefined disposed:false
2974 http fetch GET 200 https://registry.npmjs.org/postcss-normalize-repeat-style 259ms (cache miss)
2975 silly packumentCache full:https://registry.npmjs.org/postcss-normalize-repeat-style set size:undefined disposed:false
2976 http fetch GET 200 https://registry.npmjs.org/postcss-normalize-timing-functions 252ms (cache miss)
2977 silly packumentCache full:https://registry.npmjs.org/postcss-normalize-timing-functions set size:undefined disposed:false
2978 silly placeDep ROOT css-declaration-sorter@7.4.0 OK for: cssnano-preset-default@7.0.17 want: ^7.2.0
2979 silly placeDep ROOT cssnano-utils@5.0.3 OK for: cssnano-preset-default@7.0.17 want: ^5.0.3
2980 silly placeDep ROOT postcss-calc@10.1.1 OK for: cssnano-preset-default@7.0.17 want: ^10.1.1
2981 silly placeDep ROOT postcss-colormin@7.0.10 OK for: cssnano-preset-default@7.0.17 want: ^7.0.10
2982 silly placeDep ROOT postcss-convert-values@7.0.12 OK for: cssnano-preset-default@7.0.17 want: ^7.0.12
2983 silly placeDep ROOT postcss-discard-comments@7.0.8 OK for: cssnano-preset-default@7.0.17 want: ^7.0.8
2984 silly placeDep ROOT postcss-discard-duplicates@7.0.4 OK for: cssnano-preset-default@7.0.17 want: ^7.0.4
2985 silly placeDep ROOT postcss-discard-empty@7.0.3 OK for: cssnano-preset-default@7.0.17 want: ^7.0.3
2986 silly placeDep ROOT postcss-discard-overridden@7.0.3 OK for: cssnano-preset-default@7.0.17 want: ^7.0.3
2987 silly placeDep ROOT postcss-merge-longhand@7.0.7 OK for: cssnano-preset-default@7.0.17 want: ^7.0.7
2988 silly placeDep ROOT postcss-merge-rules@7.0.11 OK for: cssnano-preset-default@7.0.17 want: ^7.0.11
2989 silly placeDep ROOT postcss-minify-font-values@7.0.3 OK for: cssnano-preset-default@7.0.17 want: ^7.0.3
2990 silly placeDep ROOT postcss-minify-gradients@7.0.5 OK for: cssnano-preset-default@7.0.17 want: ^7.0.5
2991 silly placeDep ROOT postcss-minify-params@7.0.9 OK for: cssnano-preset-default@7.0.17 want: ^7.0.9
2992 silly placeDep ROOT postcss-minify-selectors@7.1.2 OK for: cssnano-preset-default@7.0.17 want: ^7.1.2
2993 silly placeDep ROOT postcss-normalize-charset@7.0.3 OK for: cssnano-preset-default@7.0.17 want: ^7.0.3
2994 silly placeDep ROOT postcss-normalize-display-values@7.0.3 OK for: cssnano-preset-default@7.0.17 want: ^7.0.3
2995 silly placeDep ROOT postcss-normalize-positions@7.0.4 OK for: cssnano-preset-default@7.0.17 want: ^7.0.4
2996 silly placeDep ROOT postcss-normalize-repeat-style@7.0.4 OK for: cssnano-preset-default@7.0.17 want: ^7.0.4
2997 silly placeDep ROOT postcss-normalize-string@7.0.3 OK for: cssnano-preset-default@7.0.17 want: ^7.0.3
2998 silly placeDep ROOT postcss-normalize-timing-functions@7.0.3 OK for: cssnano-preset-default@7.0.17 want: ^7.0.3
2999 silly placeDep ROOT postcss-normalize-unicode@7.0.9 OK for: cssnano-preset-default@7.0.17 want: ^7.0.9
3000 silly placeDep ROOT postcss-normalize-url@7.0.3 OK for: cssnano-preset-default@7.0.17 want: ^7.0.3
3001 silly placeDep ROOT postcss-normalize-whitespace@7.0.3 OK for: cssnano-preset-default@7.0.17 want: ^7.0.3
3002 silly placeDep ROOT postcss-ordered-values@7.0.4 OK for: cssnano-preset-default@7.0.17 want: ^7.0.4
3003 silly placeDep ROOT postcss-reduce-initial@7.0.9 OK for: cssnano-preset-default@7.0.17 want: ^7.0.9
3004 silly placeDep ROOT postcss-reduce-transforms@7.0.3 OK for: cssnano-preset-default@7.0.17 want: ^7.0.3
3005 silly placeDep ROOT postcss-svgo@7.1.3 OK for: cssnano-preset-default@7.0.17 want: ^7.1.3
3006 silly placeDep ROOT postcss-unique-selectors@7.0.7 OK for: cssnano-preset-default@7.0.17 want: ^7.0.7
3007 silly fetch manifest caniuse-api@^3.0.0
3008 silly packumentCache full:https://registry.npmjs.org/caniuse-api cache-miss
3009 silly fetch manifest @colordx/core@^5.4.3
3010 silly packumentCache full:https://registry.npmjs.org/@colordx%2fcore cache-miss
3011 silly fetch manifest postcss-selector-parser@^7.1.1
3012 silly packumentCache full:https://registry.npmjs.org/postcss-selector-parser cache-hit
3013 silly fetch manifest stylehacks@^7.0.11
3014 silly packumentCache full:https://registry.npmjs.org/stylehacks cache-miss
3015 silly fetch manifest caniuse-api@^3.0.0
3016 silly packumentCache full:https://registry.npmjs.org/caniuse-api cache-miss
3017 silly fetch manifest postcss-selector-parser@^7.1.1
3018 silly packumentCache full:https://registry.npmjs.org/postcss-selector-parser cache-hit
3019 silly fetch manifest @colordx/core@^5.4.3
3020 silly packumentCache full:https://registry.npmjs.org/@colordx%2fcore cache-miss
3021 silly fetch manifest cssesc@^3.0.0
3022 silly packumentCache full:https://registry.npmjs.org/cssesc cache-miss
3023 silly fetch manifest caniuse-api@^3.0.0
3024 silly packumentCache full:https://registry.npmjs.org/caniuse-api cache-miss
3025 http fetch GET 200 https://registry.npmjs.org/caniuse-api 40ms (cache miss)
3026 silly packumentCache full:https://registry.npmjs.org/caniuse-api set size:undefined disposed:false
3027 silly fetch manifest svgo@^4.0.1
3028 silly packumentCache full:https://registry.npmjs.org/svgo cache-miss
3029 http fetch GET 200 https://registry.npmjs.org/caniuse-api 43ms (cache miss)
3030 silly packumentCache full:https://registry.npmjs.org/caniuse-api set size:undefined disposed:false
3031 http fetch GET 200 https://registry.npmjs.org/caniuse-api 45ms (cache miss)
3032 silly packumentCache full:https://registry.npmjs.org/caniuse-api set size:undefined disposed:false
3033 http fetch GET 200 https://registry.npmjs.org/cssesc 45ms (cache miss)
3034 silly packumentCache full:https://registry.npmjs.org/cssesc set size:undefined disposed:false
3035 http fetch GET 200 https://registry.npmjs.org/svgo 48ms (cache miss)
3036 silly packumentCache full:https://registry.npmjs.org/svgo set size:undefined disposed:false
3037 http fetch GET 200 https://registry.npmjs.org/stylehacks 260ms (cache miss)
3038 silly packumentCache full:https://registry.npmjs.org/stylehacks set size:undefined disposed:false
3039 http fetch GET 200 https://registry.npmjs.org/@colordx%2fcore 600ms (cache miss)
3040 silly packumentCache full:https://registry.npmjs.org/@colordx%2fcore set size:undefined disposed:false
3041 http fetch GET 200 https://registry.npmjs.org/@colordx%2fcore 602ms (cache miss)
3042 silly packumentCache full:https://registry.npmjs.org/@colordx%2fcore set size:undefined disposed:false
3043 silly placeDep ROOT enhanced-resolve@5.21.2 OK for: externality@1.0.2 want: ^5.14.1
3044 silly placeDep node_modules/externality pathe@1.1.2 OK for: externality@1.0.2 want: ^1.1.1
3045 silly fetch manifest graceful-fs@^4.2.4
3046 silly packumentCache full:https://registry.npmjs.org/graceful-fs cache-miss
3047 silly fetch manifest tapable@^2.3.3
3048 silly packumentCache full:https://registry.npmjs.org/tapable cache-miss
3049 http fetch GET 200 https://registry.npmjs.org/graceful-fs 43ms (cache miss)
3050 silly packumentCache full:https://registry.npmjs.org/graceful-fs set size:undefined disposed:false
3051 http fetch GET 200 https://registry.npmjs.org/tapable 46ms (cache miss)
3052 silly packumentCache full:https://registry.npmjs.org/tapable set size:undefined disposed:false
3053 silly placeDep ROOT graceful-fs@4.2.11 OK for: enhanced-resolve@5.21.2 want: ^4.2.4
3054 silly placeDep ROOT tapable@2.3.3 OK for: enhanced-resolve@5.21.2 want: ^2.3.3
3055 silly placeDep ROOT fast-string-truncated-width@3.0.3 OK for: fast-string-width@3.0.2 want: ^3.0.2
3056 silly placeDep ROOT es-module-lexer@2.1.0 OK for: impound@1.1.5 want: ^2.0.0
3057 silly placeDep node_modules/impound unplugin@3.0.0 OK for: impound@1.1.5 want: ^3.0.0
3058 silly placeDep ROOT unplugin-utils@0.3.1 OK for: impound@1.1.5 want: ^0.3.1
3059 silly placeDep ROOT global-directory@4.0.1 OK for: is-installed-globally@1.0.0 want: ^4.0.1
3060 silly placeDep ROOT is-path-inside@4.0.0 OK for: is-installed-globally@1.0.0 want: ^4.0.0
3061 silly fetch manifest ini@4.1.1
3062 silly packumentCache full:https://registry.npmjs.org/ini cache-miss
3063 http fetch GET 200 https://registry.npmjs.org/ini 49ms (cache miss)
3064 silly packumentCache full:https://registry.npmjs.org/ini set size:undefined disposed:false
3065 silly placeDep ROOT ini@4.1.1 OK for: global-directory@4.0.1 want: 4.1.1
3066 silly placeDep ROOT shell-quote@1.8.3 OK for: launch-editor@2.13.2 want: ^1.8.3
3067 silly placeDep ROOT @parcel/watcher@2.5.6 OK for: listhen@1.10.0 want: ^2.5.6
3068 silly placeDep ROOT @parcel/watcher-wasm@2.5.6 OK for: listhen@1.10.0 want: ^2.5.6
3069 silly placeDep ROOT http-shutdown@1.2.2 OK for: listhen@1.10.0 want: ^1.2.2
3070 silly placeDep ROOT node-forge@1.4.0 OK for: listhen@1.10.0 want: ^1.4.0
3071 silly placeDep node_modules/listhen std-env@4.1.0 OK for: listhen@1.10.0 want: ^4.1.0
3072 silly placeDep ROOT untun@0.1.3 OK for: listhen@1.10.0 want: ^0.1.3
3073 silly placeDep ROOT uqr@0.1.3 OK for: listhen@1.10.0 want: ^0.1.3
3074 silly fetch manifest detect-libc@^2.0.3
3075 silly packumentCache full:https://registry.npmjs.org/detect-libc cache-miss
3076 silly fetch manifest node-addon-api@^7.0.0
3077 silly packumentCache full:https://registry.npmjs.org/node-addon-api cache-miss
3078 silly fetch manifest @parcel/watcher-darwin-x64@2.5.6
3079 silly packumentCache full:https://registry.npmjs.org/@parcel%2fwatcher-darwin-x64 cache-miss
3080 silly fetch manifest @parcel/watcher-darwin-arm64@2.5.6
3081 silly packumentCache full:https://registry.npmjs.org/@parcel%2fwatcher-darwin-arm64 cache-miss
3082 silly fetch manifest @parcel/watcher-win32-x64@2.5.6
3083 silly packumentCache full:https://registry.npmjs.org/@parcel%2fwatcher-win32-x64 cache-miss
3084 silly fetch manifest @parcel/watcher-win32-arm64@2.5.6
3085 silly packumentCache full:https://registry.npmjs.org/@parcel%2fwatcher-win32-arm64 cache-miss
3086 silly fetch manifest @parcel/watcher-win32-ia32@2.5.6
3087 silly packumentCache full:https://registry.npmjs.org/@parcel%2fwatcher-win32-ia32 cache-miss
3088 http fetch GET 200 https://registry.npmjs.org/detect-libc 45ms (cache miss)
3089 silly packumentCache full:https://registry.npmjs.org/detect-libc set size:undefined disposed:false
3090 silly fetch manifest @parcel/watcher-linux-x64-glibc@2.5.6
3091 silly packumentCache full:https://registry.npmjs.org/@parcel%2fwatcher-linux-x64-glibc cache-miss
3092 http fetch GET 200 https://registry.npmjs.org/@parcel%2fwatcher-darwin-x64 55ms (cache miss)
3093 silly packumentCache full:https://registry.npmjs.org/@parcel%2fwatcher-darwin-x64 set size:undefined disposed:false
3094 silly fetch manifest @parcel/watcher-linux-x64-musl@2.5.6
3095 silly packumentCache full:https://registry.npmjs.org/@parcel%2fwatcher-linux-x64-musl cache-miss
3096 http fetch GET 200 https://registry.npmjs.org/@parcel%2fwatcher-darwin-arm64 55ms (cache miss)
3097 silly packumentCache full:https://registry.npmjs.org/@parcel%2fwatcher-darwin-arm64 set size:undefined disposed:false
3098 silly fetch manifest @parcel/watcher-linux-arm64-glibc@2.5.6
3099 silly packumentCache full:https://registry.npmjs.org/@parcel%2fwatcher-linux-arm64-glibc cache-miss
3100 http fetch GET 200 https://registry.npmjs.org/node-addon-api 58ms (cache miss)
3101 silly packumentCache full:https://registry.npmjs.org/node-addon-api set size:undefined disposed:false
3102 silly fetch manifest @parcel/watcher-linux-arm64-musl@2.5.6
3103 silly packumentCache full:https://registry.npmjs.org/@parcel%2fwatcher-linux-arm64-musl cache-miss
3104 http fetch GET 200 https://registry.npmjs.org/@parcel%2fwatcher-linux-arm64-glibc 59ms (cache miss)
3105 silly packumentCache full:https://registry.npmjs.org/@parcel%2fwatcher-linux-arm64-glibc set size:undefined disposed:false
3106 silly fetch manifest @parcel/watcher-linux-arm-glibc@2.5.6
3107 silly packumentCache full:https://registry.npmjs.org/@parcel%2fwatcher-linux-arm-glibc cache-miss
3108 http fetch GET 200 https://registry.npmjs.org/@parcel%2fwatcher-linux-x64-glibc 77ms (cache miss)
3109 silly packumentCache full:https://registry.npmjs.org/@parcel%2fwatcher-linux-x64-glibc set size:undefined disposed:false
3110 silly fetch manifest @parcel/watcher-linux-arm-musl@2.5.6
3111 silly packumentCache full:https://registry.npmjs.org/@parcel%2fwatcher-linux-arm-musl cache-miss
3112 http fetch GET 200 https://registry.npmjs.org/@parcel%2fwatcher-linux-x64-musl 75ms (cache miss)
3113 silly packumentCache full:https://registry.npmjs.org/@parcel%2fwatcher-linux-x64-musl set size:undefined disposed:false
3114 silly fetch manifest @parcel/watcher-android-arm64@2.5.6
3115 silly packumentCache full:https://registry.npmjs.org/@parcel%2fwatcher-android-arm64 cache-miss
3116 http fetch GET 200 https://registry.npmjs.org/@parcel%2fwatcher-linux-arm-musl 50ms (cache miss)
3117 silly packumentCache full:https://registry.npmjs.org/@parcel%2fwatcher-linux-arm-musl set size:undefined disposed:false
3118 silly fetch manifest @parcel/watcher-freebsd-x64@2.5.6
3119 silly packumentCache full:https://registry.npmjs.org/@parcel%2fwatcher-freebsd-x64 cache-miss
3120 http fetch GET 200 https://registry.npmjs.org/@parcel%2fwatcher-linux-arm-glibc 62ms (cache miss)
3121 silly packumentCache full:https://registry.npmjs.org/@parcel%2fwatcher-linux-arm-glibc set size:undefined disposed:false
3122 silly fetch manifest citty@^0.1.5
3123 silly packumentCache full:https://registry.npmjs.org/citty cache-hit
3124 http fetch GET 200 https://registry.npmjs.org/@parcel%2fwatcher-android-arm64 72ms (cache miss)
3125 silly packumentCache full:https://registry.npmjs.org/@parcel%2fwatcher-android-arm64 set size:undefined disposed:false
3126 http fetch GET 200 https://registry.npmjs.org/@parcel%2fwatcher-freebsd-x64 51ms (cache miss)
3127 silly packumentCache full:https://registry.npmjs.org/@parcel%2fwatcher-freebsd-x64 set size:undefined disposed:false
3128 http fetch GET 200 https://registry.npmjs.org/@parcel%2fwatcher-win32-x64 280ms (cache miss)
3129 silly packumentCache full:https://registry.npmjs.org/@parcel%2fwatcher-win32-x64 set size:undefined disposed:false
3130 http fetch GET 200 https://registry.npmjs.org/@parcel%2fwatcher-win32-ia32 294ms (cache miss)
3131 silly packumentCache full:https://registry.npmjs.org/@parcel%2fwatcher-win32-ia32 set size:undefined disposed:false
3132 http fetch GET 200 https://registry.npmjs.org/@parcel%2fwatcher-linux-arm64-musl 272ms (cache miss)
3133 silly packumentCache full:https://registry.npmjs.org/@parcel%2fwatcher-linux-arm64-musl set size:undefined disposed:false
3134 http fetch GET 200 https://registry.npmjs.org/@parcel%2fwatcher-win32-arm64 470ms (cache miss)
3135 silly packumentCache full:https://registry.npmjs.org/@parcel%2fwatcher-win32-arm64 set size:undefined disposed:false
3136 silly placeDep ROOT @parcel/watcher-android-arm64@2.5.6 OK for: @parcel/watcher@2.5.6 want: 2.5.6
3137 silly placeDep ROOT @parcel/watcher-darwin-arm64@2.5.6 OK for: @parcel/watcher@2.5.6 want: 2.5.6
3138 silly placeDep ROOT @parcel/watcher-darwin-x64@2.5.6 OK for: @parcel/watcher@2.5.6 want: 2.5.6
3139 silly placeDep ROOT @parcel/watcher-freebsd-x64@2.5.6 OK for: @parcel/watcher@2.5.6 want: 2.5.6
3140 silly placeDep ROOT @parcel/watcher-linux-arm-glibc@2.5.6 OK for: @parcel/watcher@2.5.6 want: 2.5.6
3141 silly placeDep ROOT @parcel/watcher-linux-arm-musl@2.5.6 OK for: @parcel/watcher@2.5.6 want: 2.5.6
3142 silly placeDep ROOT @parcel/watcher-linux-arm64-glibc@2.5.6 OK for: @parcel/watcher@2.5.6 want: 2.5.6
3143 silly placeDep ROOT @parcel/watcher-linux-arm64-musl@2.5.6 OK for: @parcel/watcher@2.5.6 want: 2.5.6
3144 silly placeDep ROOT @parcel/watcher-linux-x64-glibc@2.5.6 OK for: @parcel/watcher@2.5.6 want: 2.5.6
3145 silly placeDep ROOT @parcel/watcher-linux-x64-musl@2.5.6 OK for: @parcel/watcher@2.5.6 want: 2.5.6
3146 silly placeDep ROOT @parcel/watcher-win32-arm64@2.5.6 OK for: @parcel/watcher@2.5.6 want: 2.5.6
3147 silly placeDep ROOT @parcel/watcher-win32-ia32@2.5.6 OK for: @parcel/watcher@2.5.6 want: 2.5.6
3148 silly placeDep ROOT @parcel/watcher-win32-x64@2.5.6 OK for: @parcel/watcher@2.5.6 want: 2.5.6
3149 silly placeDep ROOT detect-libc@2.1.2 OK for: @parcel/watcher@2.5.6 want: ^2.0.3
3150 silly placeDep ROOT is-glob@4.0.3 OK for: @parcel/watcher@2.5.6 want: ^4.0.3
3151 silly placeDep ROOT node-addon-api@7.1.1 OK for: @parcel/watcher@2.5.6 want: ^7.0.0
3152 silly fetch manifest is-extglob@^2.1.1
3153 silly packumentCache full:https://registry.npmjs.org/is-extglob cache-miss
3154 http fetch GET 200 https://registry.npmjs.org/is-extglob 45ms (cache miss)
3155 silly packumentCache full:https://registry.npmjs.org/is-extglob set size:undefined disposed:false
3156 silly placeDep ROOT is-extglob@2.1.1 OK for: is-glob@4.0.3 want: ^2.1.1
3157 silly placeDep ROOT yallist@3.1.1 OK for: lru-cache@5.1.1 want: ^3.0.2
3158 silly fetch manifest @planetscale/database@>=1.13
3159 silly packumentCache full:https://registry.npmjs.org/@planetscale%2fdatabase cache-miss
3160 http cache https://registry.npmjs.org/@planetscale%2fdatabase 2ms (cache hit)
3161 silly packumentCache full:https://registry.npmjs.org/@planetscale%2fdatabase set size:131439 disposed:false
3162 silly fetch manifest @upstash/redis@>=1.34.7
3163 silly packumentCache full:https://registry.npmjs.org/@upstash%2fredis cache-miss
3164 http cache https://registry.npmjs.org/@upstash%2fredis 5ms (cache hit)
3165 silly packumentCache full:https://registry.npmjs.org/@upstash%2fredis set size:3580759 disposed:false
3166 silly fetch manifest rolldown@1.x || ^1.0.0-beta || ^1.0.0-rc
3167 silly packumentCache full:https://registry.npmjs.org/rolldown cache-miss
3168 http cache https://registry.npmjs.org/rolldown 6ms (cache hit)
3169 silly packumentCache full:https://registry.npmjs.org/rolldown set size:3701484 disposed:false
3170 silly placeDep ROOT @cloudflare/kv-asset-handler@0.4.2 OK for: nitropack@2.13.4 want: ^0.4.2
3171 silly placeDep ROOT @rollup/plugin-alias@6.0.0 OK for: nitropack@2.13.4 want: ^6.0.0
3172 silly placeDep ROOT @rollup/plugin-commonjs@29.0.2 OK for: nitropack@2.13.4 want: ^29.0.2
3173 silly placeDep ROOT @rollup/plugin-inject@5.0.5 OK for: nitropack@2.13.4 want: ^5.0.5
3174 silly placeDep ROOT @rollup/plugin-json@6.1.0 OK for: nitropack@2.13.4 want: ^6.1.0
3175 silly placeDep ROOT @rollup/plugin-node-resolve@16.0.3 OK for: nitropack@2.13.4 want: ^16.0.3
3176 silly placeDep ROOT @rollup/plugin-terser@1.0.0 OK for: nitropack@2.13.4 want: ^1.0.0
3177 silly placeDep ROOT @vercel/nft@1.5.0 OK for: nitropack@2.13.4 want: ^1.5.0
3178 silly placeDep ROOT archiver@7.0.1 OK for: nitropack@2.13.4 want: ^7.0.1
3179 silly placeDep node_modules/nitropack cookie-es@2.0.1 OK for: nitropack@2.13.4 want: ^2.0.1
3180 silly placeDep ROOT croner@10.0.1 OK for: nitropack@2.13.4 want: ^10.0.1
3181 silly placeDep ROOT db0@0.3.4 OK for: nitropack@2.13.4 want: ^0.3.4
3182 silly placeDep ROOT dot-prop@10.1.0 OK for: nitropack@2.13.4 want: ^10.1.0
3183 silly placeDep node_modules/nitropack esbuild@0.28.0 OK for: nitropack@2.13.4 want: ^0.28.0
3184 silly placeDep ROOT etag@1.8.1 OK for: nitropack@2.13.4 want: ^1.8.1
3185 silly placeDep ROOT globby@16.2.0 OK for: nitropack@2.13.4 want: ^16.2.0
3186 silly placeDep ROOT gzip-size@7.0.0 OK for: nitropack@2.13.4 want: ^7.0.0
3187 silly placeDep ROOT httpxy@0.5.1 OK for: nitropack@2.13.4 want: ^0.5.1
3188 silly placeDep ROOT ioredis@5.10.1 OK for: nitropack@2.13.4 want: ^5.10.1
3189 silly placeDep ROOT mime@4.1.0 OK for: nitropack@2.13.4 want: ^4.1.0
3190 silly placeDep ROOT pretty-bytes@7.1.0 OK for: nitropack@2.13.4 want: ^7.1.0
3191 silly placeDep ROOT rollup@4.60.3 OK for: nitropack@2.13.4 want: ^4.60.2
3192 silly placeDep ROOT rollup-plugin-visualizer@7.0.1 OK for: nitropack@2.13.4 want: ^7.0.1
3193 silly placeDep ROOT serve-placeholder@2.0.2 OK for: nitropack@2.13.4 want: ^2.0.2
3194 silly placeDep ROOT serve-static@2.2.1 OK for: nitropack@2.13.4 want: ^2.2.1
3195 silly placeDep ROOT source-map@0.7.6 OK for: nitropack@2.13.4 want: ^0.7.6
3196 silly placeDep node_modules/nitropack std-env@4.1.0 OK for: nitropack@2.13.4 want: ^4.1.0
3197 silly placeDep ROOT unwasm@0.5.3 OK for: nitropack@2.13.4 want: ^0.5.3
3198 silly placeDep ROOT youch-core@0.3.3 OK for: nitropack@2.13.4 want: ^0.3.3
3199 silly fetch manifest commondir@^1.0.1
3200 silly packumentCache full:https://registry.npmjs.org/commondir cache-miss
3201 silly fetch manifest fdir@^6.2.0
3202 silly packumentCache full:https://registry.npmjs.org/fdir cache-miss
3203 silly fetch manifest is-reference@1.2.1
3204 silly packumentCache full:https://registry.npmjs.org/is-reference cache-miss
3205 silly fetch manifest @types/resolve@1.20.2
3206 silly packumentCache full:https://registry.npmjs.org/@types%2fresolve cache-miss
3207 silly fetch manifest deepmerge@^4.2.2
3208 silly packumentCache full:https://registry.npmjs.org/deepmerge cache-miss
3209 silly fetch manifest is-module@^1.0.0
3210 silly packumentCache full:https://registry.npmjs.org/is-module cache-miss
3211 silly fetch manifest resolve@^1.22.1
3212 silly packumentCache full:https://registry.npmjs.org/resolve cache-miss
3213 http cache https://registry.npmjs.org/resolve 6ms (cache hit)
3214 silly packumentCache full:https://registry.npmjs.org/resolve set size:252941 disposed:false
3215 silly fetch manifest serialize-javascript@^7.0.3
3216 silly packumentCache full:https://registry.npmjs.org/serialize-javascript cache-miss
3217 http cache https://registry.npmjs.org/fdir 8ms (cache hit)
3218 silly packumentCache full:https://registry.npmjs.org/fdir set size:136182 disposed:false
3219 silly fetch manifest smob@^1.0.0
3220 silly packumentCache full:https://registry.npmjs.org/smob cache-miss
3221 http fetch GET 200 https://registry.npmjs.org/is-module 38ms (cache miss)
3222 silly packumentCache full:https://registry.npmjs.org/is-module set size:undefined disposed:false
3223 silly fetch manifest terser@^5.17.4
3224 silly packumentCache full:https://registry.npmjs.org/terser cache-miss
3225 http cache https://registry.npmjs.org/terser 2ms (cache hit)
3226 silly packumentCache full:https://registry.npmjs.org/terser set size:800268 disposed:false
3227 silly fetch manifest glob@^13.0.0
3228 silly packumentCache full:https://registry.npmjs.org/glob cache-miss
3229 http fetch GET 200 https://registry.npmjs.org/commondir 46ms (cache miss)
3230 silly packumentCache full:https://registry.npmjs.org/commondir set size:undefined disposed:false
3231 silly fetch manifest bindings@^1.4.0
3232 silly packumentCache full:https://registry.npmjs.org/bindings cache-miss
3233 http fetch GET 200 https://registry.npmjs.org/@types%2fresolve 47ms (cache miss)
3234 silly packumentCache full:https://registry.npmjs.org/@types%2fresolve set size:undefined disposed:false
3235 silly fetch manifest async-sema@^3.1.1
3236 silly packumentCache full:https://registry.npmjs.org/async-sema cache-miss
3237 http fetch GET 200 https://registry.npmjs.org/serialize-javascript 41ms (cache miss)
3238 silly packumentCache full:https://registry.npmjs.org/serialize-javascript set size:undefined disposed:false
3239 silly fetch manifest resolve-from@^5.0.0
3240 silly packumentCache full:https://registry.npmjs.org/resolve-from cache-miss
3241 http fetch GET 200 https://registry.npmjs.org/deepmerge 49ms (cache miss)
3242 silly packumentCache full:https://registry.npmjs.org/deepmerge set size:undefined disposed:false
3243 silly fetch manifest estree-walker@2.0.2
3244 silly packumentCache full:https://registry.npmjs.org/estree-walker cache-hit
3245 silly fetch manifest node-gyp-build@^4.2.2
3246 silly packumentCache full:https://registry.npmjs.org/node-gyp-build cache-miss
3247 http fetch GET 200 https://registry.npmjs.org/smob 43ms (cache miss)
3248 silly packumentCache full:https://registry.npmjs.org/smob set size:undefined disposed:false
3249 silly fetch manifest @mapbox/node-pre-gyp@^2.0.0
3250 silly packumentCache full:https://registry.npmjs.org/@mapbox%2fnode-pre-gyp cache-miss
3251 http fetch GET 200 https://registry.npmjs.org/bindings 37ms (cache miss)
3252 silly packumentCache full:https://registry.npmjs.org/bindings set size:undefined disposed:false
3253 silly fetch manifest acorn-import-attributes@^1.9.5
3254 silly packumentCache full:https://registry.npmjs.org/acorn-import-attributes cache-miss
3255 http fetch GET 200 https://registry.npmjs.org/async-sema 40ms (cache miss)
3256 silly packumentCache full:https://registry.npmjs.org/async-sema set size:undefined disposed:false
3257 silly fetch manifest async@^3.2.4
3258 silly packumentCache full:https://registry.npmjs.org/async cache-miss
3259 http fetch GET 200 https://registry.npmjs.org/node-gyp-build 37ms (cache miss)
3260 silly packumentCache full:https://registry.npmjs.org/node-gyp-build set size:undefined disposed:false
3261 silly fetch manifest tar-stream@^3.0.0
3262 silly packumentCache full:https://registry.npmjs.org/tar-stream cache-miss
3263 http fetch GET 200 https://registry.npmjs.org/glob 49ms (cache miss)
3264 silly packumentCache full:https://registry.npmjs.org/glob set size:undefined disposed:false
3265 silly fetch manifest zip-stream@^6.0.1
3266 silly packumentCache full:https://registry.npmjs.org/zip-stream cache-miss
3267 http fetch GET 200 https://registry.npmjs.org/resolve-from 46ms (cache miss)
3268 silly packumentCache full:https://registry.npmjs.org/resolve-from set size:undefined disposed:false
3269 silly fetch manifest buffer-crc32@^1.0.0
3270 silly packumentCache full:https://registry.npmjs.org/buffer-crc32 cache-miss
3271 http fetch GET 200 https://registry.npmjs.org/@mapbox%2fnode-pre-gyp 58ms (cache miss)
3272 silly packumentCache full:https://registry.npmjs.org/@mapbox%2fnode-pre-gyp set size:undefined disposed:false
3273 silly fetch manifest readdir-glob@^1.1.2
3274 silly packumentCache full:https://registry.npmjs.org/readdir-glob cache-miss
3275 http fetch GET 200 https://registry.npmjs.org/acorn-import-attributes 39ms (cache miss)
3276 silly packumentCache full:https://registry.npmjs.org/acorn-import-attributes set size:undefined disposed:false
3277 silly fetch manifest archiver-utils@^5.0.2
3278 silly packumentCache full:https://registry.npmjs.org/archiver-utils cache-miss
3279 http fetch GET 200 https://registry.npmjs.org/tar-stream 41ms (cache miss)
3280 silly packumentCache full:https://registry.npmjs.org/tar-stream set size:undefined disposed:false
3281 silly fetch manifest readable-stream@^4.0.0
3282 silly packumentCache full:https://registry.npmjs.org/readable-stream cache-miss
3283 http fetch GET 200 https://registry.npmjs.org/zip-stream 38ms (cache miss)
3284 silly packumentCache full:https://registry.npmjs.org/zip-stream set size:undefined disposed:false
3285 silly fetch manifest type-fest@^5.0.0
3286 silly packumentCache full:https://registry.npmjs.org/type-fest cache-miss
3287 http fetch GET 200 https://registry.npmjs.org/buffer-crc32 59ms (cache miss)
3288 silly packumentCache full:https://registry.npmjs.org/buffer-crc32 set size:undefined disposed:false
3289 silly fetch manifest @esbuild/aix-ppc64@0.28.0
3290 silly packumentCache full:https://registry.npmjs.org/@esbuild%2faix-ppc64 cache-miss
3291 http cache https://registry.npmjs.org/@esbuild%2faix-ppc64 1ms (cache hit)
3292 silly packumentCache full:https://registry.npmjs.org/@esbuild%2faix-ppc64 set size:64314 disposed:false
3293 silly fetch manifest @esbuild/android-arm@0.28.0
3294 silly packumentCache full:https://registry.npmjs.org/@esbuild%2fandroid-arm cache-miss
3295 http cache https://registry.npmjs.org/@esbuild%2fandroid-arm 1ms (cache hit)
3296 silly packumentCache full:https://registry.npmjs.org/@esbuild%2fandroid-arm set size:221749 disposed:false
3297 silly fetch manifest @esbuild/android-arm64@0.28.0
3298 silly packumentCache full:https://registry.npmjs.org/@esbuild%2fandroid-arm64 cache-miss
3299 http cache https://registry.npmjs.org/@esbuild%2fandroid-arm64 2ms (cache hit)
3300 silly packumentCache full:https://registry.npmjs.org/@esbuild%2fandroid-arm64 set size:200684 disposed:false
3301 silly fetch manifest @esbuild/android-x64@0.28.0
3302 silly packumentCache full:https://registry.npmjs.org/@esbuild%2fandroid-x64 cache-miss
3303 http fetch GET 200 https://registry.npmjs.org/archiver-utils 41ms (cache miss)
3304 silly packumentCache full:https://registry.npmjs.org/archiver-utils set size:undefined disposed:false
3305 silly fetch manifest @esbuild/darwin-arm64@0.28.0
3306 silly packumentCache full:https://registry.npmjs.org/@esbuild%2fdarwin-arm64 cache-miss
3307 http cache https://registry.npmjs.org/@esbuild%2fandroid-x64 2ms (cache hit)
3308 silly packumentCache full:https://registry.npmjs.org/@esbuild%2fandroid-x64 set size:195551 disposed:false
3309 silly fetch manifest @esbuild/darwin-x64@0.28.0
3310 silly packumentCache full:https://registry.npmjs.org/@esbuild%2fdarwin-x64 cache-miss
3311 http cache https://registry.npmjs.org/@esbuild%2fdarwin-arm64 3ms (cache hit)
3312 silly packumentCache full:https://registry.npmjs.org/@esbuild%2fdarwin-arm64 set size:197958 disposed:false
3313 silly fetch manifest @esbuild/freebsd-arm64@0.28.0
3314 silly packumentCache full:https://registry.npmjs.org/@esbuild%2ffreebsd-arm64 cache-miss
3315 http cache https://registry.npmjs.org/@esbuild%2fdarwin-x64 3ms (cache hit)
3316 silly packumentCache full:https://registry.npmjs.org/@esbuild%2fdarwin-x64 set size:196195 disposed:false
3317 silly fetch manifest @esbuild/freebsd-x64@0.28.0
3318 silly packumentCache full:https://registry.npmjs.org/@esbuild%2ffreebsd-x64 cache-miss
3319 http cache https://registry.npmjs.org/@esbuild%2ffreebsd-arm64 2ms (cache hit)
3320 silly packumentCache full:https://registry.npmjs.org/@esbuild%2ffreebsd-arm64 set size:198853 disposed:false
3321 silly fetch manifest @esbuild/linux-arm@0.28.0
3322 silly packumentCache full:https://registry.npmjs.org/@esbuild%2flinux-arm cache-miss
3323 http cache https://registry.npmjs.org/@esbuild%2ffreebsd-x64 2ms (cache hit)
3324 silly packumentCache full:https://registry.npmjs.org/@esbuild%2ffreebsd-x64 set size:197070 disposed:false
3325 silly fetch manifest @esbuild/linux-arm64@0.28.0
3326 silly packumentCache full:https://registry.npmjs.org/@esbuild%2flinux-arm64 cache-miss
3327 http cache https://registry.npmjs.org/@esbuild%2flinux-arm 2ms (cache hit)
3328 silly packumentCache full:https://registry.npmjs.org/@esbuild%2flinux-arm set size:195140 disposed:false
3329 silly fetch manifest @esbuild/linux-ia32@0.28.0
3330 silly packumentCache full:https://registry.npmjs.org/@esbuild%2flinux-ia32 cache-miss
3331 http cache https://registry.npmjs.org/@esbuild%2flinux-arm64 3ms (cache hit)
3332 silly packumentCache full:https://registry.npmjs.org/@esbuild%2flinux-arm64 set size:197274 disposed:false
3333 silly fetch manifest @esbuild/linux-loong64@0.28.0
3334 silly packumentCache full:https://registry.npmjs.org/@esbuild%2flinux-loong64 cache-miss
3335 http cache https://registry.npmjs.org/@esbuild%2flinux-ia32 3ms (cache hit)
3336 silly packumentCache full:https://registry.npmjs.org/@esbuild%2flinux-ia32 set size:196150 disposed:false
3337 silly fetch manifest @esbuild/linux-mips64el@0.28.0
3338 silly packumentCache full:https://registry.npmjs.org/@esbuild%2flinux-mips64el cache-miss
3339 http fetch GET 200 https://registry.npmjs.org/readable-stream 45ms (cache miss)
3340 silly packumentCache full:https://registry.npmjs.org/readable-stream set size:undefined disposed:false
3341 silly fetch manifest @esbuild/linux-ppc64@0.28.0
3342 silly packumentCache full:https://registry.npmjs.org/@esbuild%2flinux-ppc64 cache-miss
3343 http cache https://registry.npmjs.org/@esbuild%2flinux-loong64 5ms (cache hit)
3344 silly packumentCache full:https://registry.npmjs.org/@esbuild%2flinux-loong64 set size:252211 disposed:false
3345 silly fetch manifest @esbuild/linux-riscv64@0.28.0
3346 silly packumentCache full:https://registry.npmjs.org/@esbuild%2flinux-riscv64 cache-miss
3347 http cache https://registry.npmjs.org/@esbuild%2flinux-mips64el 6ms (cache hit)
3348 silly packumentCache full:https://registry.npmjs.org/@esbuild%2flinux-mips64el set size:201062 disposed:false
3349 silly fetch manifest @esbuild/linux-s390x@0.28.0
3350 silly packumentCache full:https://registry.npmjs.org/@esbuild%2flinux-s390x cache-miss
3351 http cache https://registry.npmjs.org/@esbuild%2flinux-ppc64 8ms (cache hit)
3352 silly packumentCache full:https://registry.npmjs.org/@esbuild%2flinux-ppc64 set size:199310 disposed:false
3353 silly fetch manifest @esbuild/linux-x64@0.28.0
3354 silly packumentCache full:https://registry.npmjs.org/@esbuild%2flinux-x64 cache-miss
3355 http cache https://registry.npmjs.org/@esbuild%2flinux-riscv64 9ms (cache hit)
3356 silly packumentCache full:https://registry.npmjs.org/@esbuild%2flinux-riscv64 set size:198981 disposed:false
3357 silly fetch manifest @esbuild/netbsd-arm64@0.28.0
3358 silly packumentCache full:https://registry.npmjs.org/@esbuild%2fnetbsd-arm64 cache-miss
3359 http cache https://registry.npmjs.org/@esbuild%2flinux-s390x 9ms (cache hit)
3360 silly packumentCache full:https://registry.npmjs.org/@esbuild%2flinux-s390x set size:198784 disposed:false
3361 silly fetch manifest @esbuild/netbsd-x64@0.28.0
3362 silly packumentCache full:https://registry.npmjs.org/@esbuild%2fnetbsd-x64 cache-miss
3363 http cache https://registry.npmjs.org/@esbuild%2flinux-x64 10ms (cache hit)
3364 silly packumentCache full:https://registry.npmjs.org/@esbuild%2flinux-x64 set size:195479 disposed:false
3365 silly fetch manifest @esbuild/openbsd-arm64@0.28.0
3366 silly packumentCache full:https://registry.npmjs.org/@esbuild%2fopenbsd-arm64 cache-miss
3367 http cache https://registry.npmjs.org/@esbuild%2fnetbsd-arm64 8ms (cache hit)
3368 silly packumentCache full:https://registry.npmjs.org/@esbuild%2fnetbsd-arm64 set size:40794 disposed:false
3369 silly fetch manifest @esbuild/openbsd-x64@0.28.0
3370 silly packumentCache full:https://registry.npmjs.org/@esbuild%2fopenbsd-x64 cache-miss
3371 http cache https://registry.npmjs.org/@esbuild%2fnetbsd-x64 7ms (cache hit)
3372 silly packumentCache full:https://registry.npmjs.org/@esbuild%2fnetbsd-x64 set size:193883 disposed:false
3373 silly fetch manifest @esbuild/openharmony-arm64@0.28.0
3374 silly packumentCache full:https://registry.npmjs.org/@esbuild%2fopenharmony-arm64 cache-miss
3375 http fetch GET 200 https://registry.npmjs.org/type-fest 65ms (cache miss)
3376 silly packumentCache full:https://registry.npmjs.org/type-fest set size:undefined disposed:false
3377 silly fetch manifest @esbuild/sunos-x64@0.28.0
3378 silly packumentCache full:https://registry.npmjs.org/@esbuild%2fsunos-x64 cache-miss
3379 http cache https://registry.npmjs.org/@esbuild%2fopenbsd-arm64 5ms (cache hit)
3380 silly packumentCache full:https://registry.npmjs.org/@esbuild%2fopenbsd-arm64 set size:46111 disposed:false
3381 silly fetch manifest @esbuild/win32-arm64@0.28.0
3382 silly packumentCache full:https://registry.npmjs.org/@esbuild%2fwin32-arm64 cache-miss
3383 http cache https://registry.npmjs.org/@esbuild%2fopenharmony-arm64 3ms (cache hit)
3384 silly packumentCache full:https://registry.npmjs.org/@esbuild%2fopenharmony-arm64 set size:29494 disposed:false
3385 silly fetch manifest @esbuild/win32-ia32@0.28.0
3386 silly packumentCache full:https://registry.npmjs.org/@esbuild%2fwin32-ia32 cache-miss
3387 http cache https://registry.npmjs.org/@esbuild%2fopenbsd-x64 5ms (cache hit)
3388 silly packumentCache full:https://registry.npmjs.org/@esbuild%2fopenbsd-x64 set size:197080 disposed:false
3389 silly fetch manifest @esbuild/win32-x64@0.28.0
3390 silly packumentCache full:https://registry.npmjs.org/@esbuild%2fwin32-x64 cache-miss
3391 http cache https://registry.npmjs.org/@esbuild%2fsunos-x64 3ms (cache hit)
3392 silly packumentCache full:https://registry.npmjs.org/@esbuild%2fsunos-x64 set size:195721 disposed:false
3393 silly fetch manifest @sindresorhus/merge-streams@^4.0.0
3394 silly packumentCache full:https://registry.npmjs.org/@sindresorhus%2fmerge-streams cache-miss
3395 http cache https://registry.npmjs.org/@esbuild%2fwin32-arm64 3ms (cache hit)
3396 silly packumentCache full:https://registry.npmjs.org/@esbuild%2fwin32-arm64 set size:197504 disposed:false
3397 silly fetch manifest fast-glob@^3.3.3
3398 silly packumentCache full:https://registry.npmjs.org/fast-glob cache-miss
3399 http cache https://registry.npmjs.org/@esbuild%2fwin32-ia32 3ms (cache hit)
3400 silly packumentCache full:https://registry.npmjs.org/@esbuild%2fwin32-ia32 set size:196374 disposed:false
3401 silly fetch manifest slash@^5.1.0
3402 silly packumentCache full:https://registry.npmjs.org/slash cache-miss
3403 http cache https://registry.npmjs.org/@esbuild%2fwin32-x64 4ms (cache hit)
3404 silly packumentCache full:https://registry.npmjs.org/@esbuild%2fwin32-x64 set size:194073 disposed:false
3405 silly fetch manifest unicorn-magic@^0.4.0
3406 silly packumentCache full:https://registry.npmjs.org/unicorn-magic cache-miss
3407 http cache https://registry.npmjs.org/fast-glob 3ms (cache hit)
3408 silly packumentCache full:https://registry.npmjs.org/fast-glob set size:220556 disposed:false
3409 silly fetch manifest duplexer@^0.1.2
3410 silly packumentCache full:https://registry.npmjs.org/duplexer cache-miss
3411 http fetch GET 200 https://registry.npmjs.org/unicorn-magic 37ms (cache miss)
3412 silly packumentCache full:https://registry.npmjs.org/unicorn-magic set size:undefined disposed:false
3413 silly fetch manifest @ioredis/commands@1.5.1
3414 silly packumentCache full:https://registry.npmjs.org/@ioredis%2fcommands cache-miss
3415 http fetch GET 200 https://registry.npmjs.org/duplexer 37ms (cache miss)
3416 silly packumentCache full:https://registry.npmjs.org/duplexer set size:undefined disposed:false
3417 silly fetch manifest cluster-key-slot@^1.1.0
3418 silly packumentCache full:https://registry.npmjs.org/cluster-key-slot cache-miss
3419 http fetch GET 200 https://registry.npmjs.org/slash 49ms (cache miss)
3420 silly packumentCache full:https://registry.npmjs.org/slash set size:undefined disposed:false
3421 silly fetch manifest denque@^2.1.0
3422 silly packumentCache full:https://registry.npmjs.org/denque cache-miss
3423 http fetch GET 200 https://registry.npmjs.org/@sindresorhus%2fmerge-streams 58ms (cache miss)
3424 silly packumentCache full:https://registry.npmjs.org/@sindresorhus%2fmerge-streams set size:undefined disposed:false
3425 silly fetch manifest lodash.defaults@^4.2.0
3426 silly packumentCache full:https://registry.npmjs.org/lodash.defaults cache-miss
3427 http fetch GET 200 https://registry.npmjs.org/cluster-key-slot 37ms (cache miss)
3428 silly packumentCache full:https://registry.npmjs.org/cluster-key-slot set size:undefined disposed:false
3429 silly fetch manifest lodash.isarguments@^3.1.0
3430 silly packumentCache full:https://registry.npmjs.org/lodash.isarguments cache-miss
3431 http fetch GET 200 https://registry.npmjs.org/denque 39ms (cache miss)
3432 silly packumentCache full:https://registry.npmjs.org/denque set size:undefined disposed:false
3433 silly fetch manifest redis-errors@^1.2.0
3434 silly packumentCache full:https://registry.npmjs.org/redis-errors cache-miss
3435 http fetch GET 200 https://registry.npmjs.org/lodash.defaults 47ms (cache miss)
3436 silly packumentCache full:https://registry.npmjs.org/lodash.defaults set size:undefined disposed:false
3437 silly fetch manifest redis-parser@^3.0.0
3438 silly packumentCache full:https://registry.npmjs.org/redis-parser cache-miss
3439 http fetch GET 200 https://registry.npmjs.org/async 234ms (cache miss)
3440 silly packumentCache full:https://registry.npmjs.org/async set size:undefined disposed:false
3441 silly fetch manifest standard-as-callback@^2.1.0
3442 silly packumentCache full:https://registry.npmjs.org/standard-as-callback cache-miss
3443 http fetch GET 200 https://registry.npmjs.org/lodash.isarguments 40ms (cache miss)
3444 silly packumentCache full:https://registry.npmjs.org/lodash.isarguments set size:undefined disposed:false
3445 silly fetch manifest @types/estree@1.0.8
3446 silly packumentCache full:https://registry.npmjs.org/@types%2festree cache-miss
3447 http cache https://registry.npmjs.org/@types%2festree 2ms (cache hit)
3448 silly packumentCache full:https://registry.npmjs.org/@types%2festree set size:76072 disposed:false
3449 silly fetch manifest fsevents@~2.3.2
3450 silly packumentCache full:https://registry.npmjs.org/fsevents cache-miss
3451 http cache https://registry.npmjs.org/fsevents 1ms (cache hit)
3452 silly packumentCache full:https://registry.npmjs.org/fsevents set size:182472 disposed:false
3453 silly fetch manifest @rollup/rollup-darwin-arm64@4.60.3
3454 silly packumentCache full:https://registry.npmjs.org/@rollup%2frollup-darwin-arm64 cache-miss
3455 http fetch GET 200 https://registry.npmjs.org/@ioredis%2fcommands 103ms (cache miss)
3456 silly packumentCache full:https://registry.npmjs.org/@ioredis%2fcommands set size:undefined disposed:false
3457 silly fetch manifest @rollup/rollup-android-arm64@4.60.3
3458 silly packumentCache full:https://registry.npmjs.org/@rollup%2frollup-android-arm64 cache-miss
3459 http fetch GET 200 https://registry.npmjs.org/redis-parser 41ms (cache miss)
3460 silly packumentCache full:https://registry.npmjs.org/redis-parser set size:undefined disposed:false
3461 silly fetch manifest @rollup/rollup-win32-arm64-msvc@4.60.3
3462 silly packumentCache full:https://registry.npmjs.org/@rollup%2frollup-win32-arm64-msvc cache-miss
3463 http fetch GET 200 https://registry.npmjs.org/readdir-glob 247ms (cache miss)
3464 silly packumentCache full:https://registry.npmjs.org/readdir-glob set size:undefined disposed:false
3465 silly fetch manifest @rollup/rollup-freebsd-arm64@4.60.3
3466 silly packumentCache full:https://registry.npmjs.org/@rollup%2frollup-freebsd-arm64 cache-miss
3467 http fetch GET 200 https://registry.npmjs.org/@rollup%2frollup-darwin-arm64 58ms (cache miss)
3468 silly packumentCache full:https://registry.npmjs.org/@rollup%2frollup-darwin-arm64 set size:undefined disposed:false
3469 silly fetch manifest @rollup/rollup-linux-arm64-gnu@4.60.3
3470 silly packumentCache full:https://registry.npmjs.org/@rollup%2frollup-linux-arm64-gnu cache-miss
3471 http fetch GET 200 https://registry.npmjs.org/@rollup%2frollup-android-arm64 58ms (cache miss)
3472 silly packumentCache full:https://registry.npmjs.org/@rollup%2frollup-android-arm64 set size:undefined disposed:false
3473 silly fetch manifest @rollup/rollup-linux-arm64-musl@4.60.3
3474 silly packumentCache full:https://registry.npmjs.org/@rollup%2frollup-linux-arm64-musl cache-miss
3475 http fetch GET 200 https://registry.npmjs.org/@rollup%2frollup-win32-arm64-msvc 67ms (cache miss)
3476 silly packumentCache full:https://registry.npmjs.org/@rollup%2frollup-win32-arm64-msvc set size:undefined disposed:false
3477 silly fetch manifest @rollup/rollup-android-arm-eabi@4.60.3
3478 silly packumentCache full:https://registry.npmjs.org/@rollup%2frollup-android-arm-eabi cache-miss
3479 http fetch GET 200 https://registry.npmjs.org/is-reference 426ms (cache miss)
3480 silly packumentCache full:https://registry.npmjs.org/is-reference set size:undefined disposed:false
3481 silly fetch manifest @rollup/rollup-linux-arm-gnueabihf@4.60.3
3482 silly packumentCache full:https://registry.npmjs.org/@rollup%2frollup-linux-arm-gnueabihf cache-miss
3483 http fetch GET 200 https://registry.npmjs.org/@rollup%2frollup-linux-arm64-gnu 57ms (cache miss)
3484 silly packumentCache full:https://registry.npmjs.org/@rollup%2frollup-linux-arm64-gnu set size:undefined disposed:false
3485 silly fetch manifest @rollup/rollup-linux-arm-musleabihf@4.60.3
3486 silly packumentCache full:https://registry.npmjs.org/@rollup%2frollup-linux-arm-musleabihf cache-miss
3487 http fetch GET 200 https://registry.npmjs.org/@rollup%2frollup-freebsd-arm64 98ms (cache miss)
3488 silly packumentCache full:https://registry.npmjs.org/@rollup%2frollup-freebsd-arm64 set size:undefined disposed:false
3489 silly fetch manifest @rollup/rollup-win32-ia32-msvc@4.60.3
3490 silly packumentCache full:https://registry.npmjs.org/@rollup%2frollup-win32-ia32-msvc cache-miss
3491 http fetch GET 200 https://registry.npmjs.org/@rollup%2frollup-linux-arm64-musl 52ms (cache miss)
3492 silly packumentCache full:https://registry.npmjs.org/@rollup%2frollup-linux-arm64-musl set size:undefined disposed:false
3493 silly fetch manifest @rollup/rollup-linux-loong64-gnu@4.60.3
3494 silly packumentCache full:https://registry.npmjs.org/@rollup%2frollup-linux-loong64-gnu cache-miss
3495 http fetch GET 200 https://registry.npmjs.org/@rollup%2frollup-android-arm-eabi 68ms (cache miss)
3496 silly packumentCache full:https://registry.npmjs.org/@rollup%2frollup-android-arm-eabi set size:undefined disposed:false
3497 silly fetch manifest @rollup/rollup-linux-loong64-musl@4.60.3
3498 silly packumentCache full:https://registry.npmjs.org/@rollup%2frollup-linux-loong64-musl cache-miss
3499 http fetch GET 200 https://registry.npmjs.org/@rollup%2frollup-linux-arm-musleabihf 53ms (cache miss)
3500 silly packumentCache full:https://registry.npmjs.org/@rollup%2frollup-linux-arm-musleabihf set size:undefined disposed:false
3501 silly fetch manifest @rollup/rollup-linux-riscv64-gnu@4.60.3
3502 silly packumentCache full:https://registry.npmjs.org/@rollup%2frollup-linux-riscv64-gnu cache-miss
3503 http fetch GET 200 https://registry.npmjs.org/@rollup%2frollup-linux-arm-gnueabihf 79ms (cache miss)
3504 silly packumentCache full:https://registry.npmjs.org/@rollup%2frollup-linux-arm-gnueabihf set size:undefined disposed:false
3505 silly fetch manifest @rollup/rollup-linux-riscv64-musl@4.60.3
3506 silly packumentCache full:https://registry.npmjs.org/@rollup%2frollup-linux-riscv64-musl cache-miss
3507 http fetch GET 200 https://registry.npmjs.org/@rollup%2frollup-linux-loong64-gnu 49ms (cache miss)
3508 silly packumentCache full:https://registry.npmjs.org/@rollup%2frollup-linux-loong64-gnu set size:undefined disposed:false
3509 silly fetch manifest @rollup/rollup-linux-ppc64-gnu@4.60.3
3510 silly packumentCache full:https://registry.npmjs.org/@rollup%2frollup-linux-ppc64-gnu cache-miss
3511 http fetch GET 200 https://registry.npmjs.org/@rollup%2frollup-win32-ia32-msvc 64ms (cache miss)
3512 silly packumentCache full:https://registry.npmjs.org/@rollup%2frollup-win32-ia32-msvc set size:undefined disposed:false
3513 silly fetch manifest @rollup/rollup-linux-ppc64-musl@4.60.3
3514 silly packumentCache full:https://registry.npmjs.org/@rollup%2frollup-linux-ppc64-musl cache-miss
3515 http fetch GET 200 https://registry.npmjs.org/redis-errors 243ms (cache miss)
3516 silly packumentCache full:https://registry.npmjs.org/redis-errors set size:undefined disposed:false
3517 silly fetch manifest @rollup/rollup-linux-s390x-gnu@4.60.3
3518 silly packumentCache full:https://registry.npmjs.org/@rollup%2frollup-linux-s390x-gnu cache-miss
3519 http fetch GET 200 https://registry.npmjs.org/@rollup%2frollup-linux-loong64-musl 58ms (cache miss)
3520 silly packumentCache full:https://registry.npmjs.org/@rollup%2frollup-linux-loong64-musl set size:undefined disposed:false
3521 silly fetch manifest @rollup/rollup-darwin-x64@4.60.3
3522 silly packumentCache full:https://registry.npmjs.org/@rollup%2frollup-darwin-x64 cache-miss
3523 http fetch GET 200 https://registry.npmjs.org/standard-as-callback 235ms (cache miss)
3524 silly packumentCache full:https://registry.npmjs.org/standard-as-callback set size:undefined disposed:false
3525 silly fetch manifest @rollup/rollup-win32-x64-gnu@4.60.3
3526 silly packumentCache full:https://registry.npmjs.org/@rollup%2frollup-win32-x64-gnu cache-miss
3527 http fetch GET 200 https://registry.npmjs.org/@rollup%2frollup-linux-riscv64-musl 52ms (cache miss)
3528 silly packumentCache full:https://registry.npmjs.org/@rollup%2frollup-linux-riscv64-musl set size:undefined disposed:false
3529 silly fetch manifest @rollup/rollup-win32-x64-msvc@4.60.3
3530 silly packumentCache full:https://registry.npmjs.org/@rollup%2frollup-win32-x64-msvc cache-miss
3531 http fetch GET 200 https://registry.npmjs.org/@rollup%2frollup-linux-riscv64-gnu 58ms (cache miss)
3532 silly packumentCache full:https://registry.npmjs.org/@rollup%2frollup-linux-riscv64-gnu set size:undefined disposed:false
3533 silly fetch manifest @rollup/rollup-freebsd-x64@4.60.3
3534 silly packumentCache full:https://registry.npmjs.org/@rollup%2frollup-freebsd-x64 cache-miss
3535 http fetch GET 200 https://registry.npmjs.org/@rollup%2frollup-linux-ppc64-gnu 52ms (cache miss)
3536 silly packumentCache full:https://registry.npmjs.org/@rollup%2frollup-linux-ppc64-gnu set size:undefined disposed:false
3537 silly fetch manifest @rollup/rollup-linux-x64-gnu@4.60.3
3538 silly packumentCache full:https://registry.npmjs.org/@rollup%2frollup-linux-x64-gnu cache-miss
3539 http fetch GET 200 https://registry.npmjs.org/@rollup%2frollup-linux-ppc64-musl 57ms (cache miss)
3540 silly packumentCache full:https://registry.npmjs.org/@rollup%2frollup-linux-ppc64-musl set size:undefined disposed:false
3541 silly fetch manifest @rollup/rollup-linux-x64-musl@4.60.3
3542 silly packumentCache full:https://registry.npmjs.org/@rollup%2frollup-linux-x64-musl cache-miss
3543 http fetch GET 200 https://registry.npmjs.org/@rollup%2frollup-linux-s390x-gnu 54ms (cache miss)
3544 silly packumentCache full:https://registry.npmjs.org/@rollup%2frollup-linux-s390x-gnu set size:undefined disposed:false
3545 silly fetch manifest @rollup/rollup-openbsd-x64@4.60.3
3546 silly packumentCache full:https://registry.npmjs.org/@rollup%2frollup-openbsd-x64 cache-miss
3547 http fetch GET 200 https://registry.npmjs.org/@rollup%2frollup-win32-x64-gnu 48ms (cache miss)
3548 silly packumentCache full:https://registry.npmjs.org/@rollup%2frollup-win32-x64-gnu set size:undefined disposed:false
3549 silly fetch manifest @rollup/rollup-openharmony-arm64@4.60.3
3550 silly packumentCache full:https://registry.npmjs.org/@rollup%2frollup-openharmony-arm64 cache-miss
3551 http fetch GET 200 https://registry.npmjs.org/@rollup%2frollup-darwin-x64 68ms (cache miss)
3552 silly packumentCache full:https://registry.npmjs.org/@rollup%2frollup-darwin-x64 set size:undefined disposed:false
3553 silly fetch manifest open@^11.0.0
3554 silly packumentCache full:https://registry.npmjs.org/open cache-hit
3555 silly fetch manifest yargs@^18.0.0
3556 silly packumentCache full:https://registry.npmjs.org/yargs cache-miss
3557 http fetch GET 200 https://registry.npmjs.org/@rollup%2frollup-freebsd-x64 57ms (cache miss)
3558 silly packumentCache full:https://registry.npmjs.org/@rollup%2frollup-freebsd-x64 set size:undefined disposed:false
3559 silly fetch manifest source-map@^0.7.4
3560 silly packumentCache full:https://registry.npmjs.org/source-map cache-miss
3561 http fetch GET 200 https://registry.npmjs.org/@rollup%2frollup-linux-x64-gnu 57ms (cache miss)
3562 silly packumentCache full:https://registry.npmjs.org/@rollup%2frollup-linux-x64-gnu set size:undefined disposed:false
3563 silly fetch manifest encodeurl@^2.0.0
3564 silly packumentCache full:https://registry.npmjs.org/encodeurl cache-miss
3565 http fetch GET 200 https://registry.npmjs.org/@rollup%2frollup-win32-x64-msvc 61ms (cache miss)
3566 silly packumentCache full:https://registry.npmjs.org/@rollup%2frollup-win32-x64-msvc set size:undefined disposed:false
3567 silly fetch manifest escape-html@^1.0.3
3568 silly packumentCache full:https://registry.npmjs.org/escape-html cache-miss
3569 http cache https://registry.npmjs.org/source-map 5ms (cache hit)
3570 silly packumentCache full:https://registry.npmjs.org/source-map set size:226212 disposed:false
3571 silly fetch manifest parseurl@^1.3.3
3572 silly packumentCache full:https://registry.npmjs.org/parseurl cache-miss
3573 http fetch GET 200 https://registry.npmjs.org/@rollup%2frollup-openbsd-x64 52ms (cache miss)
3574 silly packumentCache full:https://registry.npmjs.org/@rollup%2frollup-openbsd-x64 set size:undefined disposed:false
3575 silly fetch manifest send@^1.2.0
3576 silly packumentCache full:https://registry.npmjs.org/send cache-miss
3577 http fetch GET 200 https://registry.npmjs.org/@rollup%2frollup-linux-x64-musl 68ms (cache miss)
3578 silly packumentCache full:https://registry.npmjs.org/@rollup%2frollup-linux-x64-musl set size:undefined disposed:false
3579 silly fetch manifest @poppinss/exception@^1.2.2
3580 silly packumentCache full:https://registry.npmjs.org/@poppinss%2fexception cache-miss
3581 http fetch GET 200 https://registry.npmjs.org/encodeurl 37ms (cache miss)
3582 silly packumentCache full:https://registry.npmjs.org/encodeurl set size:undefined disposed:false
3583 http fetch GET 200 https://registry.npmjs.org/escape-html 38ms (cache miss)
3584 silly packumentCache full:https://registry.npmjs.org/escape-html set size:undefined disposed:false
3585 http fetch GET 200 https://registry.npmjs.org/@rollup%2frollup-openharmony-arm64 54ms (cache miss)
3586 silly packumentCache full:https://registry.npmjs.org/@rollup%2frollup-openharmony-arm64 set size:undefined disposed:false
3587 http fetch GET 200 https://registry.npmjs.org/parseurl 38ms (cache miss)
3588 silly packumentCache full:https://registry.npmjs.org/parseurl set size:undefined disposed:false
3589 http fetch GET 200 https://registry.npmjs.org/yargs 62ms (cache miss)
3590 silly packumentCache full:https://registry.npmjs.org/yargs set size:undefined disposed:false
3591 http fetch GET 200 https://registry.npmjs.org/send 48ms (cache miss)
3592 silly packumentCache full:https://registry.npmjs.org/send set size:undefined disposed:false
3593 http fetch GET 200 https://registry.npmjs.org/@poppinss%2fexception 445ms (cache miss)
3594 silly packumentCache full:https://registry.npmjs.org/@poppinss%2fexception set size:undefined disposed:false
3595 silly placeDep ROOT commondir@1.0.1 OK for: @rollup/plugin-commonjs@29.0.2 want: ^1.0.1
3596 silly placeDep node_modules/@rollup/plugin-commonjs estree-walker@2.0.2 OK for: @rollup/plugin-commonjs@29.0.2 want: ^2.0.2
3597 silly placeDep ROOT fdir@6.5.0 OK for: @rollup/plugin-commonjs@29.0.2 want: ^6.2.0
3598 silly placeDep ROOT is-reference@1.2.1 OK for: @rollup/plugin-commonjs@29.0.2 want: 1.2.1
3599 silly placeDep node_modules/@rollup/plugin-inject estree-walker@2.0.2 OK for: @rollup/plugin-inject@5.0.5 want: ^2.0.2
3600 silly placeDep ROOT @types/resolve@1.20.2 OK for: @rollup/plugin-node-resolve@16.0.3 want: 1.20.2
3601 silly placeDep ROOT deepmerge@4.3.1 OK for: @rollup/plugin-node-resolve@16.0.3 want: ^4.2.2
3602 silly placeDep ROOT is-module@1.0.0 OK for: @rollup/plugin-node-resolve@16.0.3 want: ^1.0.0
3603 silly placeDep ROOT resolve@1.22.12 OK for: @rollup/plugin-node-resolve@16.0.3 want: ^1.22.1
3604 silly fetch manifest es-errors@^1.3.0
3605 silly packumentCache full:https://registry.npmjs.org/es-errors cache-miss
3606 silly fetch manifest is-core-module@^2.16.1
3607 silly packumentCache full:https://registry.npmjs.org/is-core-module cache-miss
3608 silly fetch manifest path-parse@^1.0.7
3609 silly packumentCache full:https://registry.npmjs.org/path-parse cache-miss
3610 silly fetch manifest supports-preserve-symlinks-flag@^1.0.0
3611 silly packumentCache full:https://registry.npmjs.org/supports-preserve-symlinks-flag cache-miss
3612 http fetch GET 200 https://registry.npmjs.org/path-parse 42ms (cache miss)
3613 silly packumentCache full:https://registry.npmjs.org/path-parse set size:undefined disposed:false
3614 http fetch GET 200 https://registry.npmjs.org/supports-preserve-symlinks-flag 43ms (cache miss)
3615 silly packumentCache full:https://registry.npmjs.org/supports-preserve-symlinks-flag set size:undefined disposed:false
3616 http fetch GET 200 https://registry.npmjs.org/is-core-module 43ms (cache miss)
3617 silly packumentCache full:https://registry.npmjs.org/is-core-module set size:undefined disposed:false
3618 http fetch GET 200 https://registry.npmjs.org/es-errors 44ms (cache miss)
3619 silly packumentCache full:https://registry.npmjs.org/es-errors set size:undefined disposed:false
3620 silly placeDep ROOT serialize-javascript@7.0.5 OK for: @rollup/plugin-terser@1.0.0 want: ^7.0.3
3621 silly placeDep ROOT smob@1.6.1 OK for: @rollup/plugin-terser@1.0.0 want: ^1.0.0
3622 silly placeDep ROOT terser@5.47.1 OK for: @rollup/plugin-terser@1.0.0 want: ^5.17.4
3623 silly fetch manifest @jridgewell/source-map@^0.3.3
3624 silly packumentCache full:https://registry.npmjs.org/@jridgewell%2fsource-map cache-miss
3625 silly fetch manifest commander@^2.20.0
3626 silly packumentCache full:https://registry.npmjs.org/commander cache-hit
3627 silly fetch manifest source-map-support@~0.5.20
3628 silly packumentCache full:https://registry.npmjs.org/source-map-support cache-miss
3629 http fetch GET 200 https://registry.npmjs.org/source-map-support 50ms (cache miss)
3630 silly packumentCache full:https://registry.npmjs.org/source-map-support set size:undefined disposed:false
3631 http fetch GET 200 https://registry.npmjs.org/@jridgewell%2fsource-map 213ms (cache miss)
3632 silly packumentCache full:https://registry.npmjs.org/@jridgewell%2fsource-map set size:undefined disposed:false
3633 silly fetch manifest acorn@^8.6.0
3634 silly packumentCache full:https://registry.npmjs.org/acorn cache-hit
3635 silly placeDep ROOT @mapbox/node-pre-gyp@2.0.3 OK for: @vercel/nft@1.5.0 want: ^2.0.0
3636 silly placeDep ROOT acorn-import-attributes@1.9.5 OK for: @vercel/nft@1.5.0 want: ^1.9.5
3637 silly placeDep ROOT async-sema@3.1.1 OK for: @vercel/nft@1.5.0 want: ^3.1.1
3638 silly placeDep ROOT bindings@1.5.0 OK for: @vercel/nft@1.5.0 want: ^1.4.0
3639 silly placeDep node_modules/@vercel/nft estree-walker@2.0.2 OK for: @vercel/nft@1.5.0 want: 2.0.2
3640 silly placeDep ROOT glob@13.0.6 OK for: @vercel/nft@1.5.0 want: ^13.0.0
3641 silly placeDep ROOT node-gyp-build@4.8.4 OK for: @vercel/nft@1.5.0 want: ^4.2.2
3642 silly placeDep ROOT resolve-from@5.0.0 OK for: @vercel/nft@1.5.0 want: ^5.0.0
3643 silly fetch manifest tar@^7.4.0
3644 silly packumentCache full:https://registry.npmjs.org/tar cache-miss
3645 silly fetch manifest nopt@^8.0.0
3646 silly packumentCache full:https://registry.npmjs.org/nopt cache-miss
3647 silly fetch manifest https-proxy-agent@^7.0.5
3648 silly packumentCache full:https://registry.npmjs.org/https-proxy-agent cache-miss
3649 silly fetch manifest file-uri-to-path@1.0.0
3650 silly packumentCache full:https://registry.npmjs.org/file-uri-to-path cache-miss
3651 silly fetch manifest minimatch@^10.2.2
3652 silly packumentCache full:https://registry.npmjs.org/minimatch cache-miss
3653 silly fetch manifest minipass@^7.1.3
3654 silly packumentCache full:https://registry.npmjs.org/minipass cache-miss
3655 silly fetch manifest path-scurry@^2.0.2
3656 silly packumentCache full:https://registry.npmjs.org/path-scurry cache-miss
3657 http fetch GET 200 https://registry.npmjs.org/file-uri-to-path 43ms (cache miss)
3658 silly packumentCache full:https://registry.npmjs.org/file-uri-to-path set size:undefined disposed:false
3659 http fetch GET 200 https://registry.npmjs.org/https-proxy-agent 46ms (cache miss)
3660 silly packumentCache full:https://registry.npmjs.org/https-proxy-agent set size:undefined disposed:false
3661 http fetch GET 200 https://registry.npmjs.org/nopt 49ms (cache miss)
3662 silly packumentCache full:https://registry.npmjs.org/nopt set size:undefined disposed:false
3663 http fetch GET 200 https://registry.npmjs.org/minimatch 56ms (cache miss)
3664 silly packumentCache full:https://registry.npmjs.org/minimatch set size:undefined disposed:false
3665 http fetch GET 200 https://registry.npmjs.org/path-scurry 58ms (cache miss)
3666 silly packumentCache full:https://registry.npmjs.org/path-scurry set size:undefined disposed:false
3667 http fetch GET 200 https://registry.npmjs.org/tar 60ms (cache miss)
3668 silly packumentCache full:https://registry.npmjs.org/tar set size:undefined disposed:false
3669 http fetch GET 200 https://registry.npmjs.org/minipass 62ms (cache miss)
3670 silly packumentCache full:https://registry.npmjs.org/minipass set size:undefined disposed:false
3671 silly placeDep ROOT https-proxy-agent@7.0.6 OK for: @mapbox/node-pre-gyp@2.0.3 want: ^7.0.5
3672 silly placeDep ROOT nopt@8.1.0 OK for: @mapbox/node-pre-gyp@2.0.3 want: ^8.0.0
3673 silly placeDep ROOT tar@7.5.15 OK for: @mapbox/node-pre-gyp@2.0.3 want: ^7.4.0
3674 silly fetch manifest agent-base@^7.1.2
3675 silly packumentCache full:https://registry.npmjs.org/agent-base cache-miss
3676 silly fetch manifest abbrev@^3.0.0
3677 silly packumentCache full:https://registry.npmjs.org/abbrev cache-miss
3678 silly fetch manifest @isaacs/fs-minipass@^4.0.0
3679 silly packumentCache full:https://registry.npmjs.org/@isaacs%2ffs-minipass cache-miss
3680 silly fetch manifest chownr@^3.0.0
3681 silly packumentCache full:https://registry.npmjs.org/chownr cache-miss
3682 silly fetch manifest minipass@^7.1.2
3683 silly packumentCache full:https://registry.npmjs.org/minipass cache-miss
3684 silly fetch manifest minizlib@^3.1.0
3685 silly packumentCache full:https://registry.npmjs.org/minizlib cache-miss
3686 silly fetch manifest yallist@^5.0.0
3687 silly packumentCache full:https://registry.npmjs.org/yallist cache-miss
3688 http cache https://registry.npmjs.org/yallist 3ms (cache hit)
3689 silly packumentCache full:https://registry.npmjs.org/yallist set size:34610 disposed:false
3690 http cache https://registry.npmjs.org/minipass 4ms (cache hit)
3691 silly packumentCache full:https://registry.npmjs.org/minipass set size:276925 disposed:false
3692 http fetch GET 200 https://registry.npmjs.org/chownr 40ms (cache miss)
3693 silly packumentCache full:https://registry.npmjs.org/chownr set size:undefined disposed:false
3694 http fetch GET 200 https://registry.npmjs.org/minizlib 40ms (cache miss)
3695 silly packumentCache full:https://registry.npmjs.org/minizlib set size:undefined disposed:false
3696 http fetch GET 200 https://registry.npmjs.org/agent-base 42ms (cache miss)
3697 silly packumentCache full:https://registry.npmjs.org/agent-base set size:undefined disposed:false
3698 http fetch GET 200 https://registry.npmjs.org/abbrev 44ms (cache miss)
3699 silly packumentCache full:https://registry.npmjs.org/abbrev set size:undefined disposed:false
3700 http fetch GET 200 https://registry.npmjs.org/@isaacs%2ffs-minipass 50ms (cache miss)
3701 silly packumentCache full:https://registry.npmjs.org/@isaacs%2ffs-minipass set size:undefined disposed:false
3702 silly placeDep ROOT archiver-utils@5.0.2 OK for: archiver@7.0.1 want: ^5.0.2
3703 silly placeDep ROOT async@3.2.6 OK for: archiver@7.0.1 want: ^3.2.4
3704 silly placeDep ROOT buffer-crc32@1.0.0 OK for: archiver@7.0.1 want: ^1.0.0
3705 silly placeDep ROOT readable-stream@4.7.0 OK for: archiver@7.0.1 want: ^4.0.0
3706 silly placeDep ROOT readdir-glob@1.1.3 OK for: archiver@7.0.1 want: ^1.1.2
3707 silly placeDep ROOT tar-stream@3.2.0 OK for: archiver@7.0.1 want: ^3.0.0
3708 silly placeDep ROOT zip-stream@6.0.1 OK for: archiver@7.0.1 want: ^6.0.1
3709 silly fetch manifest glob@^10.0.0
3710 silly packumentCache full:https://registry.npmjs.org/glob cache-miss
3711 silly fetch manifest is-stream@^2.0.1
3712 silly packumentCache full:https://registry.npmjs.org/is-stream cache-miss
3713 silly fetch manifest lazystream@^1.0.0
3714 silly packumentCache full:https://registry.npmjs.org/lazystream cache-miss
3715 silly fetch manifest lodash@^4.17.15
3716 silly packumentCache full:https://registry.npmjs.org/lodash cache-miss
3717 silly fetch manifest abort-controller@^3.0.0
3718 silly packumentCache full:https://registry.npmjs.org/abort-controller cache-miss
3719 silly fetch manifest buffer@^6.0.3
3720 silly packumentCache full:https://registry.npmjs.org/buffer cache-miss
3721 silly fetch manifest events@^3.3.0
3722 silly packumentCache full:https://registry.npmjs.org/events cache-miss
3723 http cache https://registry.npmjs.org/glob 3ms (cache hit)
3724 silly packumentCache full:https://registry.npmjs.org/glob set size:469465 disposed:false
3725 silly fetch manifest process@^0.11.10
3726 silly packumentCache full:https://registry.npmjs.org/process cache-miss
3727 http cache https://registry.npmjs.org/is-stream 7ms (cache hit)
3728 silly packumentCache full:https://registry.npmjs.org/is-stream set size:18582 disposed:false
3729 silly fetch manifest string_decoder@^1.3.0
3730 silly packumentCache full:https://registry.npmjs.org/string_decoder cache-miss
3731 http fetch GET 200 https://registry.npmjs.org/abort-controller 38ms (cache miss)
3732 silly packumentCache full:https://registry.npmjs.org/abort-controller set size:undefined disposed:false
3733 silly fetch manifest minimatch@^5.1.0
3734 silly packumentCache full:https://registry.npmjs.org/minimatch cache-miss
3735 http cache https://registry.npmjs.org/minimatch 2ms (cache hit)
3736 silly packumentCache full:https://registry.npmjs.org/minimatch set size:375282 disposed:false
3737 silly fetch manifest b4a@^1.6.4
3738 silly packumentCache full:https://registry.npmjs.org/b4a cache-miss
3739 http fetch GET 200 https://registry.npmjs.org/events 45ms (cache miss)
3740 silly packumentCache full:https://registry.npmjs.org/events set size:undefined disposed:false
3741 silly fetch manifest bare-fs@^4.5.5
3742 silly packumentCache full:https://registry.npmjs.org/bare-fs cache-miss
3743 http fetch GET 200 https://registry.npmjs.org/lazystream 48ms (cache miss)
3744 silly packumentCache full:https://registry.npmjs.org/lazystream set size:undefined disposed:false
3745 silly fetch manifest fast-fifo@^1.2.0
3746 silly packumentCache full:https://registry.npmjs.org/fast-fifo cache-miss
3747 http fetch GET 200 https://registry.npmjs.org/process 43ms (cache miss)
3748 silly packumentCache full:https://registry.npmjs.org/process set size:undefined disposed:false
3749 silly fetch manifest streamx@^2.15.0
3750 silly packumentCache full:https://registry.npmjs.org/streamx cache-miss
3751 http fetch GET 200 https://registry.npmjs.org/string_decoder 43ms (cache miss)
3752 silly packumentCache full:https://registry.npmjs.org/string_decoder set size:undefined disposed:false
3753 silly fetch manifest compress-commons@^6.0.2
3754 silly packumentCache full:https://registry.npmjs.org/compress-commons cache-miss
3755 http fetch GET 200 https://registry.npmjs.org/buffer 51ms (cache miss)
3756 silly packumentCache full:https://registry.npmjs.org/buffer set size:undefined disposed:false
3757 http fetch GET 200 https://registry.npmjs.org/lodash 53ms (cache miss)
3758 silly packumentCache full:https://registry.npmjs.org/lodash set size:undefined disposed:false
3759 http fetch GET 200 https://registry.npmjs.org/fast-fifo 38ms (cache miss)
3760 silly packumentCache full:https://registry.npmjs.org/fast-fifo set size:undefined disposed:false
3761 http fetch GET 200 https://registry.npmjs.org/bare-fs 42ms (cache miss)
3762 silly packumentCache full:https://registry.npmjs.org/bare-fs set size:undefined disposed:false
3763 http fetch GET 200 https://registry.npmjs.org/compress-commons 40ms (cache miss)
3764 silly packumentCache full:https://registry.npmjs.org/compress-commons set size:undefined disposed:false
3765 http fetch GET 200 https://registry.npmjs.org/streamx 53ms (cache miss)
3766 silly packumentCache full:https://registry.npmjs.org/streamx set size:undefined disposed:false
3767 http fetch GET 200 https://registry.npmjs.org/b4a 227ms (cache miss)
3768 silly packumentCache full:https://registry.npmjs.org/b4a set size:undefined disposed:false
3769 silly placeDep node_modules/archiver-utils glob@10.5.0 OK for: archiver-utils@5.0.2 want: ^10.0.0
3770 silly placeDep node_modules/archiver-utils is-stream@2.0.1 OK for: archiver-utils@5.0.2 want: ^2.0.1
3771 silly placeDep ROOT lazystream@1.0.1 OK for: archiver-utils@5.0.2 want: ^1.0.0
3772 silly placeDep ROOT lodash@4.18.1 OK for: archiver-utils@5.0.2 want: ^4.17.15
3773 silly placeDep ROOT normalize-path@3.0.0 OK for: archiver-utils@5.0.2 want: ^3.0.0
3774 silly fetch manifest jackspeak@^3.1.2
3775 silly packumentCache full:https://registry.npmjs.org/jackspeak cache-miss
3776 silly fetch manifest minimatch@^9.0.4
3777 silly packumentCache full:https://registry.npmjs.org/minimatch cache-hit
3778 silly fetch manifest path-scurry@^1.11.1
3779 silly packumentCache full:https://registry.npmjs.org/path-scurry cache-miss
3780 silly fetch manifest foreground-child@^3.1.0
3781 silly packumentCache full:https://registry.npmjs.org/foreground-child cache-miss
3782 silly fetch manifest package-json-from-dist@^1.0.0
3783 silly packumentCache full:https://registry.npmjs.org/package-json-from-dist cache-miss
3784 silly fetch manifest readable-stream@^2.0.5
3785 silly packumentCache full:https://registry.npmjs.org/readable-stream cache-miss
3786 http cache https://registry.npmjs.org/readable-stream 3ms (cache hit)
3787 silly packumentCache full:https://registry.npmjs.org/readable-stream set size:261096 disposed:false
3788 http cache https://registry.npmjs.org/path-scurry 6ms (cache hit)
3789 silly packumentCache full:https://registry.npmjs.org/path-scurry set size:117612 disposed:false
3790 http fetch GET 200 https://registry.npmjs.org/package-json-from-dist 40ms (cache miss)
3791 silly packumentCache full:https://registry.npmjs.org/package-json-from-dist set size:undefined disposed:false
3792 http fetch GET 200 https://registry.npmjs.org/jackspeak 42ms (cache miss)
3793 silly packumentCache full:https://registry.npmjs.org/jackspeak set size:undefined disposed:false
3794 http fetch GET 200 https://registry.npmjs.org/foreground-child 46ms (cache miss)
3795 silly packumentCache full:https://registry.npmjs.org/foreground-child set size:undefined disposed:false
3796 silly placeDep ROOT file-uri-to-path@1.0.0 OK for: bindings@1.5.0 want: 1.0.0
3797 silly placeDep ROOT type-fest@5.6.0 OK for: dot-prop@10.1.0 want: ^5.0.0
3798 silly fetch manifest tagged-tag@^1.0.0
3799 silly packumentCache full:https://registry.npmjs.org/tagged-tag cache-miss
3800 http fetch GET 200 https://registry.npmjs.org/tagged-tag 36ms (cache miss)
3801 silly packumentCache full:https://registry.npmjs.org/tagged-tag set size:undefined disposed:false
3802 silly placeDep ROOT minimatch@10.2.5 OK for: glob@13.0.6 want: ^10.2.2
3803 silly placeDep ROOT minipass@7.1.3 OK for: glob@13.0.6 want: ^7.1.3
3804 silly placeDep ROOT path-scurry@2.0.2 OK for: glob@13.0.6 want: ^2.0.2
3805 silly fetch manifest brace-expansion@^5.0.5
3806 silly packumentCache full:https://registry.npmjs.org/brace-expansion cache-miss
3807 silly fetch manifest lru-cache@^11.0.0
3808 silly packumentCache full:https://registry.npmjs.org/lru-cache cache-hit
3809 http fetch GET 200 https://registry.npmjs.org/brace-expansion 39ms (cache miss)
3810 silly packumentCache full:https://registry.npmjs.org/brace-expansion set size:undefined disposed:false
3811 silly placeDep ROOT @sindresorhus/merge-streams@4.0.0 OK for: globby@16.2.0 want: ^4.0.0
3812 silly placeDep ROOT fast-glob@3.3.3 OK for: globby@16.2.0 want: ^3.3.3
3813 silly placeDep ROOT slash@5.1.0 OK for: globby@16.2.0 want: ^5.1.0
3814 silly placeDep ROOT unicorn-magic@0.4.0 OK for: globby@16.2.0 want: ^0.4.0
3815 silly fetch manifest @nodelib/fs.stat@^2.0.2
3816 silly packumentCache full:https://registry.npmjs.org/@nodelib%2ffs.stat cache-miss
3817 silly fetch manifest @nodelib/fs.walk@^1.2.3
3818 silly packumentCache full:https://registry.npmjs.org/@nodelib%2ffs.walk cache-miss
3819 silly fetch manifest glob-parent@^5.1.2
3820 silly packumentCache full:https://registry.npmjs.org/glob-parent cache-miss
3821 silly fetch manifest merge2@^1.3.0
3822 silly packumentCache full:https://registry.npmjs.org/merge2 cache-miss
3823 http cache https://registry.npmjs.org/glob-parent 2ms (cache hit)
3824 silly packumentCache full:https://registry.npmjs.org/glob-parent set size:42445 disposed:false
3825 http fetch GET 200 https://registry.npmjs.org/merge2 42ms (cache miss)
3826 silly packumentCache full:https://registry.npmjs.org/merge2 set size:undefined disposed:false
3827 http fetch GET 200 https://registry.npmjs.org/@nodelib%2ffs.walk 53ms (cache miss)
3828 silly packumentCache full:https://registry.npmjs.org/@nodelib%2ffs.walk set size:undefined disposed:false
3829 http fetch GET 200 https://registry.npmjs.org/@nodelib%2ffs.stat 63ms (cache miss)
3830 silly packumentCache full:https://registry.npmjs.org/@nodelib%2ffs.stat set size:undefined disposed:false
3831 silly placeDep ROOT @nodelib/fs.stat@2.0.5 OK for: fast-glob@3.3.3 want: ^2.0.2
3832 silly placeDep ROOT @nodelib/fs.walk@1.2.8 OK for: fast-glob@3.3.3 want: ^1.2.3
3833 silly placeDep ROOT glob-parent@5.1.2 OK for: fast-glob@3.3.3 want: ^5.1.2
3834 silly placeDep ROOT merge2@1.4.1 OK for: fast-glob@3.3.3 want: ^1.3.0
3835 silly placeDep ROOT micromatch@4.0.8 OK for: fast-glob@3.3.3 want: ^4.0.8
3836 silly fetch manifest fastq@^1.6.0
3837 silly packumentCache full:https://registry.npmjs.org/fastq cache-miss
3838 silly fetch manifest @nodelib/fs.scandir@2.1.5
3839 silly packumentCache full:https://registry.npmjs.org/@nodelib%2ffs.scandir cache-miss
3840 silly fetch manifest braces@^3.0.3
3841 silly packumentCache full:https://registry.npmjs.org/braces cache-miss
3842 silly fetch manifest picomatch@^2.3.1
3843 silly packumentCache full:https://registry.npmjs.org/picomatch cache-hit
3844 http fetch GET 200 https://registry.npmjs.org/braces 41ms (cache miss)
3845 silly packumentCache full:https://registry.npmjs.org/braces set size:undefined disposed:false
3846 http fetch GET 200 https://registry.npmjs.org/fastq 45ms (cache miss)
3847 silly packumentCache full:https://registry.npmjs.org/fastq set size:undefined disposed:false
3848 http fetch GET 200 https://registry.npmjs.org/@nodelib%2ffs.scandir 59ms (cache miss)
3849 silly packumentCache full:https://registry.npmjs.org/@nodelib%2ffs.scandir set size:undefined disposed:false
3850 silly placeDep ROOT @nodelib/fs.scandir@2.1.5 OK for: @nodelib/fs.walk@1.2.8 want: 2.1.5
3851 silly placeDep ROOT fastq@1.20.1 OK for: @nodelib/fs.walk@1.2.8 want: ^1.6.0
3852 silly fetch manifest run-parallel@^1.1.9
3853 silly packumentCache full:https://registry.npmjs.org/run-parallel cache-miss
3854 silly fetch manifest reusify@^1.0.4
3855 silly packumentCache full:https://registry.npmjs.org/reusify cache-miss
3856 http fetch GET 200 https://registry.npmjs.org/reusify 38ms (cache miss)
3857 silly packumentCache full:https://registry.npmjs.org/reusify set size:undefined disposed:false
3858 http fetch GET 200 https://registry.npmjs.org/run-parallel 39ms (cache miss)
3859 silly packumentCache full:https://registry.npmjs.org/run-parallel set size:undefined disposed:false
3860 silly placeDep ROOT run-parallel@1.2.0 OK for: @nodelib/fs.scandir@2.1.5 want: ^1.1.9
3861 silly fetch manifest queue-microtask@^1.2.2
3862 silly packumentCache full:https://registry.npmjs.org/queue-microtask cache-miss
3863 http fetch GET 200 https://registry.npmjs.org/queue-microtask 37ms (cache miss)
3864 silly packumentCache full:https://registry.npmjs.org/queue-microtask set size:undefined disposed:false
3865 silly placeDep ROOT reusify@1.1.0 OK for: fastq@1.20.1 want: ^1.0.4
3866 silly placeDep ROOT duplexer@0.1.2 OK for: gzip-size@7.0.0 want: ^0.1.2
3867 silly placeDep ROOT agent-base@7.1.4 OK for: https-proxy-agent@7.0.6 want: ^7.1.2
3868 silly placeDep ROOT @ioredis/commands@1.5.1 OK for: ioredis@5.10.1 want: 1.5.1
3869 silly placeDep ROOT cluster-key-slot@1.1.2 OK for: ioredis@5.10.1 want: ^1.1.0
3870 silly placeDep ROOT denque@2.1.0 OK for: ioredis@5.10.1 want: ^2.1.0
3871 silly placeDep ROOT lodash.defaults@4.2.0 OK for: ioredis@5.10.1 want: ^4.2.0
3872 silly placeDep ROOT lodash.isarguments@3.1.0 OK for: ioredis@5.10.1 want: ^3.1.0
3873 silly placeDep ROOT redis-errors@1.2.0 OK for: ioredis@5.10.1 want: ^1.2.0
3874 silly placeDep ROOT redis-parser@3.0.0 OK for: ioredis@5.10.1 want: ^3.0.0
3875 silly placeDep ROOT standard-as-callback@2.1.0 OK for: ioredis@5.10.1 want: ^2.1.0
3876 silly placeDep node_modules/lazystream readable-stream@2.3.8 OK for: lazystream@1.0.1 want: ^2.0.5
3877 silly fetch manifest isarray@~1.0.0
3878 silly packumentCache full:https://registry.npmjs.org/isarray cache-miss
3879 silly fetch manifest inherits@~2.0.3
3880 silly packumentCache full:https://registry.npmjs.org/inherits cache-miss
3881 silly fetch manifest safe-buffer@~5.1.1
3882 silly packumentCache full:https://registry.npmjs.org/safe-buffer cache-miss
3883 silly fetch manifest core-util-is@~1.0.0
3884 silly packumentCache full:https://registry.npmjs.org/core-util-is cache-miss
3885 silly fetch manifest string_decoder@~1.1.1
3886 silly packumentCache full:https://registry.npmjs.org/string_decoder cache-miss
3887 silly fetch manifest util-deprecate@~1.0.1
3888 silly packumentCache full:https://registry.npmjs.org/util-deprecate cache-miss
3889 silly fetch manifest process-nextick-args@~2.0.0
3890 silly packumentCache full:https://registry.npmjs.org/process-nextick-args cache-miss
3891 http cache https://registry.npmjs.org/string_decoder 3ms (cache hit)
3892 silly packumentCache full:https://registry.npmjs.org/string_decoder set size:28441 disposed:false
3893 http fetch GET 200 https://registry.npmjs.org/inherits 40ms (cache miss)
3894 silly packumentCache full:https://registry.npmjs.org/inherits set size:undefined disposed:false
3895 http fetch GET 200 https://registry.npmjs.org/util-deprecate 40ms (cache miss)
3896 silly packumentCache full:https://registry.npmjs.org/util-deprecate set size:undefined disposed:false
3897 http fetch GET 200 https://registry.npmjs.org/process-nextick-args 40ms (cache miss)
3898 silly packumentCache full:https://registry.npmjs.org/process-nextick-args set size:undefined disposed:false
3899 http fetch GET 200 https://registry.npmjs.org/safe-buffer 41ms (cache miss)
3900 silly packumentCache full:https://registry.npmjs.org/safe-buffer set size:undefined disposed:false
3901 http fetch GET 200 https://registry.npmjs.org/core-util-is 44ms (cache miss)
3902 silly packumentCache full:https://registry.npmjs.org/core-util-is set size:undefined disposed:false
3903 http fetch GET 200 https://registry.npmjs.org/isarray 117ms (cache miss)
3904 silly packumentCache full:https://registry.npmjs.org/isarray set size:undefined disposed:false
3905 silly placeDep ROOT braces@3.0.3 OK for: micromatch@4.0.8 want: ^3.0.3
3906 silly placeDep node_modules/micromatch picomatch@2.3.2 OK for: micromatch@4.0.8 want: ^2.3.1
3907 silly fetch manifest fill-range@^7.1.1
3908 silly packumentCache full:https://registry.npmjs.org/fill-range cache-miss
3909 http fetch GET 200 https://registry.npmjs.org/fill-range 39ms (cache miss)
3910 silly packumentCache full:https://registry.npmjs.org/fill-range set size:undefined disposed:false
3911 silly placeDep ROOT fill-range@7.1.1 OK for: braces@3.0.3 want: ^7.1.1
3912 silly fetch manifest to-regex-range@^5.0.1
3913 silly packumentCache full:https://registry.npmjs.org/to-regex-range cache-miss
3914 http fetch GET 200 https://registry.npmjs.org/to-regex-range 39ms (cache miss)
3915 silly packumentCache full:https://registry.npmjs.org/to-regex-range set size:undefined disposed:false
3916 silly placeDep ROOT to-regex-range@5.0.1 OK for: fill-range@7.1.1 want: ^5.0.1
3917 silly fetch manifest is-number@^7.0.0
3918 silly packumentCache full:https://registry.npmjs.org/is-number cache-miss
3919 http fetch GET 200 https://registry.npmjs.org/is-number 38ms (cache miss)
3920 silly packumentCache full:https://registry.npmjs.org/is-number set size:undefined disposed:false
3921 silly placeDep ROOT brace-expansion@5.0.6 OK for: minimatch@10.2.5 want: ^5.0.5
3922 silly fetch manifest balanced-match@^4.0.2
3923 silly packumentCache full:https://registry.npmjs.org/balanced-match cache-miss
3924 http fetch GET 200 https://registry.npmjs.org/balanced-match 40ms (cache miss)
3925 silly packumentCache full:https://registry.npmjs.org/balanced-match set size:undefined disposed:false
3926 silly placeDep ROOT balanced-match@4.0.4 OK for: brace-expansion@5.0.6 want: ^4.0.2
3927 silly placeDep ROOT abbrev@3.0.1 OK for: nopt@8.1.0 want: ^3.0.0
3928 silly placeDep node_modules/nuxt @nuxt/schema@3.21.4 OK for: nuxt@3.21.4 want: 3.21.4
3929 silly placeDep ROOT mimic-fn@4.0.0 OK for: onetime@6.0.0 want: ^4.0.0
3930 silly placeDep ROOT @oxc-minify/binding-android-arm-eabi@0.128.0 OK for: oxc-minify@0.128.0 want: 0.128.0
3931 silly placeDep ROOT @oxc-minify/binding-android-arm64@0.128.0 OK for: oxc-minify@0.128.0 want: 0.128.0
3932 silly placeDep ROOT @oxc-minify/binding-darwin-arm64@0.128.0 OK for: oxc-minify@0.128.0 want: 0.128.0
3933 silly placeDep ROOT @oxc-minify/binding-darwin-x64@0.128.0 OK for: oxc-minify@0.128.0 want: 0.128.0
3934 silly placeDep ROOT @oxc-minify/binding-freebsd-x64@0.128.0 OK for: oxc-minify@0.128.0 want: 0.128.0
3935 silly placeDep ROOT @oxc-minify/binding-linux-arm-gnueabihf@0.128.0 OK for: oxc-minify@0.128.0 want: 0.128.0
3936 silly placeDep ROOT @oxc-minify/binding-linux-arm-musleabihf@0.128.0 OK for: oxc-minify@0.128.0 want: 0.128.0
3937 silly placeDep ROOT @oxc-minify/binding-linux-arm64-gnu@0.128.0 OK for: oxc-minify@0.128.0 want: 0.128.0
3938 silly placeDep ROOT @oxc-minify/binding-linux-arm64-musl@0.128.0 OK for: oxc-minify@0.128.0 want: 0.128.0
3939 silly placeDep ROOT @oxc-minify/binding-linux-ppc64-gnu@0.128.0 OK for: oxc-minify@0.128.0 want: 0.128.0
3940 silly placeDep ROOT @oxc-minify/binding-linux-riscv64-gnu@0.128.0 OK for: oxc-minify@0.128.0 want: 0.128.0
3941 silly placeDep ROOT @oxc-minify/binding-linux-riscv64-musl@0.128.0 OK for: oxc-minify@0.128.0 want: 0.128.0
3942 silly placeDep ROOT @oxc-minify/binding-linux-s390x-gnu@0.128.0 OK for: oxc-minify@0.128.0 want: 0.128.0
3943 silly placeDep ROOT @oxc-minify/binding-linux-x64-gnu@0.128.0 OK for: oxc-minify@0.128.0 want: 0.128.0
3944 silly placeDep ROOT @oxc-minify/binding-linux-x64-musl@0.128.0 OK for: oxc-minify@0.128.0 want: 0.128.0
3945 silly placeDep ROOT @oxc-minify/binding-openharmony-arm64@0.128.0 OK for: oxc-minify@0.128.0 want: 0.128.0
3946 silly placeDep ROOT @oxc-minify/binding-wasm32-wasi@0.128.0 OK for: oxc-minify@0.128.0 want: 0.128.0
3947 silly placeDep ROOT @oxc-minify/binding-win32-arm64-msvc@0.128.0 OK for: oxc-minify@0.128.0 want: 0.128.0
3948 silly placeDep ROOT @oxc-minify/binding-win32-ia32-msvc@0.128.0 OK for: oxc-minify@0.128.0 want: 0.128.0
3949 silly placeDep ROOT @oxc-minify/binding-win32-x64-msvc@0.128.0 OK for: oxc-minify@0.128.0 want: 0.128.0
3950 silly fetch manifest @emnapi/core@1.10.0
3951 silly packumentCache full:https://registry.npmjs.org/@emnapi%2fcore cache-miss
3952 silly fetch manifest @emnapi/runtime@1.10.0
3953 silly packumentCache full:https://registry.npmjs.org/@emnapi%2fruntime cache-miss
3954 silly fetch manifest @napi-rs/wasm-runtime@^1.1.4
3955 silly packumentCache full:https://registry.npmjs.org/@napi-rs%2fwasm-runtime cache-miss
3956 http fetch GET 200 https://registry.npmjs.org/@emnapi%2fcore 56ms (cache miss)
3957 silly packumentCache full:https://registry.npmjs.org/@emnapi%2fcore set size:undefined disposed:false
3958 http fetch GET 200 https://registry.npmjs.org/@emnapi%2fruntime 63ms (cache miss)
3959 silly packumentCache full:https://registry.npmjs.org/@emnapi%2fruntime set size:undefined disposed:false
3960 http fetch GET 200 https://registry.npmjs.org/@napi-rs%2fwasm-runtime 69ms (cache miss)
3961 silly packumentCache full:https://registry.npmjs.org/@napi-rs%2fwasm-runtime set size:undefined disposed:false
3962 silly placeDep ROOT @emnapi/core@1.10.0 OK for: @oxc-minify/binding-wasm32-wasi@0.128.0 want: 1.10.0
3963 silly placeDep ROOT @emnapi/runtime@1.10.0 OK for: @oxc-minify/binding-wasm32-wasi@0.128.0 want: 1.10.0
3964 silly placeDep ROOT @napi-rs/wasm-runtime@1.1.4 OK for: @oxc-minify/binding-wasm32-wasi@0.128.0 want: ^1.1.4
3965 silly fetch manifest @emnapi/wasi-threads@1.2.1
3966 silly packumentCache full:https://registry.npmjs.org/@emnapi%2fwasi-threads cache-miss
3967 silly fetch manifest @tybys/wasm-util@^0.10.1
3968 silly packumentCache full:https://registry.npmjs.org/@tybys%2fwasm-util cache-miss
3969 http fetch GET 200 https://registry.npmjs.org/@emnapi%2fwasi-threads 50ms (cache miss)
3970 silly packumentCache full:https://registry.npmjs.org/@emnapi%2fwasi-threads set size:undefined disposed:false
3971 http fetch GET 200 https://registry.npmjs.org/@tybys%2fwasm-util 51ms (cache miss)
3972 silly packumentCache full:https://registry.npmjs.org/@tybys%2fwasm-util set size:undefined disposed:false
3973 silly placeDep ROOT @emnapi/wasi-threads@1.2.1 OK for: @emnapi/core@1.10.0 want: 1.2.1
3974 silly placeDep ROOT @tybys/wasm-util@0.10.2 OK for: @napi-rs/wasm-runtime@1.1.4 want: ^0.10.1
3975 silly placeDep ROOT @oxc-parser/binding-android-arm-eabi@0.128.0 OK for: oxc-parser@0.128.0 want: 0.128.0
3976 silly placeDep ROOT @oxc-parser/binding-android-arm64@0.128.0 OK for: oxc-parser@0.128.0 want: 0.128.0
3977 silly placeDep ROOT @oxc-parser/binding-darwin-arm64@0.128.0 OK for: oxc-parser@0.128.0 want: 0.128.0
3978 silly placeDep ROOT @oxc-parser/binding-darwin-x64@0.128.0 OK for: oxc-parser@0.128.0 want: 0.128.0
3979 silly placeDep ROOT @oxc-parser/binding-freebsd-x64@0.128.0 OK for: oxc-parser@0.128.0 want: 0.128.0
3980 silly placeDep ROOT @oxc-parser/binding-linux-arm-gnueabihf@0.128.0 OK for: oxc-parser@0.128.0 want: 0.128.0
3981 silly placeDep ROOT @oxc-parser/binding-linux-arm-musleabihf@0.128.0 OK for: oxc-parser@0.128.0 want: 0.128.0
3982 silly placeDep ROOT @oxc-parser/binding-linux-arm64-gnu@0.128.0 OK for: oxc-parser@0.128.0 want: 0.128.0
3983 silly placeDep ROOT @oxc-parser/binding-linux-arm64-musl@0.128.0 OK for: oxc-parser@0.128.0 want: 0.128.0
3984 silly placeDep ROOT @oxc-parser/binding-linux-ppc64-gnu@0.128.0 OK for: oxc-parser@0.128.0 want: 0.128.0
3985 silly placeDep ROOT @oxc-parser/binding-linux-riscv64-gnu@0.128.0 OK for: oxc-parser@0.128.0 want: 0.128.0
3986 silly placeDep ROOT @oxc-parser/binding-linux-riscv64-musl@0.128.0 OK for: oxc-parser@0.128.0 want: 0.128.0
3987 silly placeDep ROOT @oxc-parser/binding-linux-s390x-gnu@0.128.0 OK for: oxc-parser@0.128.0 want: 0.128.0
3988 silly placeDep ROOT @oxc-parser/binding-linux-x64-gnu@0.128.0 OK for: oxc-parser@0.128.0 want: 0.128.0
3989 silly placeDep ROOT @oxc-parser/binding-linux-x64-musl@0.128.0 OK for: oxc-parser@0.128.0 want: 0.128.0
3990 silly placeDep ROOT @oxc-parser/binding-openharmony-arm64@0.128.0 OK for: oxc-parser@0.128.0 want: 0.128.0
3991 silly placeDep ROOT @oxc-parser/binding-wasm32-wasi@0.128.0 OK for: oxc-parser@0.128.0 want: 0.128.0
3992 silly placeDep ROOT @oxc-parser/binding-win32-arm64-msvc@0.128.0 OK for: oxc-parser@0.128.0 want: 0.128.0
3993 silly placeDep ROOT @oxc-parser/binding-win32-ia32-msvc@0.128.0 OK for: oxc-parser@0.128.0 want: 0.128.0
3994 silly placeDep ROOT @oxc-parser/binding-win32-x64-msvc@0.128.0 OK for: oxc-parser@0.128.0 want: 0.128.0
3995 silly placeDep ROOT @oxc-project/types@0.128.0 OK for: oxc-parser@0.128.0 want: ^0.128.0
3996 silly placeDep ROOT @oxc-transform/binding-android-arm-eabi@0.128.0 OK for: oxc-transform@0.128.0 want: 0.128.0
3997 silly placeDep ROOT @oxc-transform/binding-android-arm64@0.128.0 OK for: oxc-transform@0.128.0 want: 0.128.0
3998 silly placeDep ROOT @oxc-transform/binding-darwin-arm64@0.128.0 OK for: oxc-transform@0.128.0 want: 0.128.0
3999 silly placeDep ROOT @oxc-transform/binding-darwin-x64@0.128.0 OK for: oxc-transform@0.128.0 want: 0.128.0
4000 silly placeDep ROOT @oxc-transform/binding-freebsd-x64@0.128.0 OK for: oxc-transform@0.128.0 want: 0.128.0
4001 silly placeDep ROOT @oxc-transform/binding-linux-arm-gnueabihf@0.128.0 OK for: oxc-transform@0.128.0 want: 0.128.0
4002 silly placeDep ROOT @oxc-transform/binding-linux-arm-musleabihf@0.128.0 OK for: oxc-transform@0.128.0 want: 0.128.0
4003 silly placeDep ROOT @oxc-transform/binding-linux-arm64-gnu@0.128.0 OK for: oxc-transform@0.128.0 want: 0.128.0
4004 silly placeDep ROOT @oxc-transform/binding-linux-arm64-musl@0.128.0 OK for: oxc-transform@0.128.0 want: 0.128.0
4005 silly placeDep ROOT @oxc-transform/binding-linux-ppc64-gnu@0.128.0 OK for: oxc-transform@0.128.0 want: 0.128.0
4006 silly placeDep ROOT @oxc-transform/binding-linux-riscv64-gnu@0.128.0 OK for: oxc-transform@0.128.0 want: 0.128.0
4007 silly placeDep ROOT @oxc-transform/binding-linux-riscv64-musl@0.128.0 OK for: oxc-transform@0.128.0 want: 0.128.0
4008 silly placeDep ROOT @oxc-transform/binding-linux-s390x-gnu@0.128.0 OK for: oxc-transform@0.128.0 want: 0.128.0
4009 silly placeDep ROOT @oxc-transform/binding-linux-x64-gnu@0.128.0 OK for: oxc-transform@0.128.0 want: 0.128.0
4010 silly placeDep ROOT @oxc-transform/binding-linux-x64-musl@0.128.0 OK for: oxc-transform@0.128.0 want: 0.128.0
4011 silly placeDep ROOT @oxc-transform/binding-openharmony-arm64@0.128.0 OK for: oxc-transform@0.128.0 want: 0.128.0
4012 silly placeDep ROOT @oxc-transform/binding-wasm32-wasi@0.128.0 OK for: oxc-transform@0.128.0 want: 0.128.0
4013 silly placeDep ROOT @oxc-transform/binding-win32-arm64-msvc@0.128.0 OK for: oxc-transform@0.128.0 want: 0.128.0
4014 silly placeDep ROOT @oxc-transform/binding-win32-ia32-msvc@0.128.0 OK for: oxc-transform@0.128.0 want: 0.128.0
4015 silly placeDep ROOT @oxc-transform/binding-win32-x64-msvc@0.128.0 OK for: oxc-transform@0.128.0 want: 0.128.0
4016 silly placeDep node_modules/path-scurry lru-cache@11.3.6 OK for: path-scurry@2.0.2 want: ^11.0.0
4017 silly placeDep ROOT nanoid@3.3.12 OK for: postcss@8.5.14 want: ^3.3.11
4018 silly placeDep ROOT postcss-selector-parser@7.1.1 OK for: postcss-calc@10.1.1 want: ^7.0.0
4019 silly fetch manifest util-deprecate@^1.0.2
4020 silly packumentCache full:https://registry.npmjs.org/util-deprecate cache-miss
4021 http cache https://registry.npmjs.org/util-deprecate 1ms (cache hit)
4022 silly packumentCache full:https://registry.npmjs.org/util-deprecate set size:6674 disposed:false
4023 silly placeDep ROOT @colordx/core@5.4.3 OK for: postcss-colormin@7.0.10 want: ^5.4.3
4024 silly placeDep ROOT caniuse-api@3.0.0 OK for: postcss-colormin@7.0.10 want: ^3.0.0
4025 silly fetch manifest lodash.uniq@^4.5.0
4026 silly packumentCache full:https://registry.npmjs.org/lodash.uniq cache-miss
4027 silly fetch manifest lodash.memoize@^4.1.2
4028 silly packumentCache full:https://registry.npmjs.org/lodash.memoize cache-miss
4029 http fetch GET 200 https://registry.npmjs.org/lodash.uniq 39ms (cache miss)
4030 silly packumentCache full:https://registry.npmjs.org/lodash.uniq set size:undefined disposed:false
4031 http fetch GET 200 https://registry.npmjs.org/lodash.memoize 40ms (cache miss)
4032 silly packumentCache full:https://registry.npmjs.org/lodash.memoize set size:undefined disposed:false
4033 silly placeDep ROOT lodash.memoize@4.1.2 OK for: caniuse-api@3.0.0 want: ^4.1.2
4034 silly placeDep ROOT lodash.uniq@4.5.0 OK for: caniuse-api@3.0.0 want: ^4.5.0
4035 silly placeDep ROOT stylehacks@7.0.11 OK for: postcss-merge-longhand@7.0.7 want: ^7.0.11
4036 silly placeDep ROOT cssesc@3.0.0 OK for: postcss-minify-selectors@7.1.2 want: ^3.0.0
4037 silly placeDep ROOT @csstools/selector-resolve-nested@3.1.0 OK for: postcss-nesting@13.0.2 want: ^3.1.0
4038 silly placeDep ROOT @csstools/selector-specificity@5.0.0 OK for: postcss-nesting@13.0.2 want: ^5.0.0
4039 silly placeDep ROOT util-deprecate@1.0.2 OK for: postcss-selector-parser@7.1.1 want: ^1.0.2
4040 silly placeDep ROOT svgo@4.0.1 OK for: postcss-svgo@7.1.3 want: ^4.0.1
4041 silly fetch manifest sax@^1.5.0
4042 silly packumentCache full:https://registry.npmjs.org/sax cache-miss
4043 silly fetch manifest csso@^5.0.5
4044 silly packumentCache full:https://registry.npmjs.org/csso cache-miss
4045 silly fetch manifest css-what@^6.1.0
4046 silly packumentCache full:https://registry.npmjs.org/css-what cache-miss
4047 silly fetch manifest commander@^11.1.0
4048 silly packumentCache full:https://registry.npmjs.org/commander cache-hit
4049 silly fetch manifest css-select@^5.1.0
4050 silly packumentCache full:https://registry.npmjs.org/css-select cache-miss
4051 http fetch GET 200 https://registry.npmjs.org/sax 42ms (cache miss)
4052 silly packumentCache full:https://registry.npmjs.org/sax set size:undefined disposed:false
4053 http fetch GET 200 https://registry.npmjs.org/css-select 42ms (cache miss)
4054 silly packumentCache full:https://registry.npmjs.org/css-select set size:undefined disposed:false
4055 http fetch GET 200 https://registry.npmjs.org/css-what 47ms (cache miss)
4056 silly packumentCache full:https://registry.npmjs.org/css-what set size:undefined disposed:false
4057 http fetch GET 200 https://registry.npmjs.org/csso 50ms (cache miss)
4058 silly packumentCache full:https://registry.npmjs.org/csso set size:undefined disposed:false
4059 silly placeDep ROOT abort-controller@3.0.0 OK for: readable-stream@4.7.0 want: ^3.0.0
4060 silly placeDep ROOT buffer@6.0.3 OK for: readable-stream@4.7.0 want: ^6.0.3
4061 silly placeDep ROOT events@3.3.0 OK for: readable-stream@4.7.0 want: ^3.3.0
4062 silly placeDep ROOT process@0.11.10 OK for: readable-stream@4.7.0 want: ^0.11.10
4063 silly placeDep ROOT string_decoder@1.3.0 OK for: readable-stream@4.7.0 want: ^1.3.0
4064 silly fetch manifest event-target-shim@^5.0.0
4065 silly packumentCache full:https://registry.npmjs.org/event-target-shim cache-miss
4066 silly fetch manifest ieee754@^1.2.1
4067 silly packumentCache full:https://registry.npmjs.org/ieee754 cache-miss
4068 silly fetch manifest safe-buffer@~5.2.0
4069 silly packumentCache full:https://registry.npmjs.org/safe-buffer cache-miss
4070 http cache https://registry.npmjs.org/safe-buffer 5ms (cache hit)
4071 silly packumentCache full:https://registry.npmjs.org/safe-buffer set size:41183 disposed:false
4072 http fetch GET 200 https://registry.npmjs.org/ieee754 42ms (cache miss)
4073 silly packumentCache full:https://registry.npmjs.org/ieee754 set size:undefined disposed:false
4074 http fetch GET 200 https://registry.npmjs.org/event-target-shim 43ms (cache miss)
4075 silly packumentCache full:https://registry.npmjs.org/event-target-shim set size:undefined disposed:false
4076 silly placeDep ROOT event-target-shim@5.0.1 OK for: abort-controller@3.0.0 want: ^5.0.0
4077 silly placeDep ROOT ieee754@1.2.1 OK for: buffer@6.0.3 want: ^1.2.1
4078 silly placeDep node_modules/readdir-glob minimatch@5.1.9 OK for: readdir-glob@1.1.3 want: ^5.1.0
4079 silly fetch manifest brace-expansion@^2.0.1
4080 silly packumentCache full:https://registry.npmjs.org/brace-expansion cache-miss
4081 http cache https://registry.npmjs.org/brace-expansion 1ms (cache hit)
4082 silly packumentCache full:https://registry.npmjs.org/brace-expansion set size:70654 disposed:false
4083 silly placeDep ROOT es-errors@1.3.0 OK for: resolve@1.22.12 want: ^1.3.0
4084 silly placeDep ROOT is-core-module@2.16.2 OK for: resolve@1.22.12 want: ^2.16.1
4085 silly placeDep ROOT path-parse@1.0.7 OK for: resolve@1.22.12 want: ^1.0.7
4086 silly placeDep ROOT supports-preserve-symlinks-flag@1.0.0 OK for: resolve@1.22.12 want: ^1.0.0
4087 silly fetch manifest hasown@^2.0.3
4088 silly packumentCache full:https://registry.npmjs.org/hasown cache-miss
4089 http fetch GET 200 https://registry.npmjs.org/hasown 36ms (cache miss)
4090 silly packumentCache full:https://registry.npmjs.org/hasown set size:undefined disposed:false
4091 silly placeDep ROOT hasown@2.0.3 OK for: is-core-module@2.16.2 want: ^2.0.3
4092 silly fetch manifest function-bind@^1.1.2
4093 silly packumentCache full:https://registry.npmjs.org/function-bind cache-miss
4094 http fetch GET 200 https://registry.npmjs.org/function-bind 36ms (cache miss)
4095 silly packumentCache full:https://registry.npmjs.org/function-bind set size:undefined disposed:false
4096 silly placeDep ROOT function-bind@1.1.2 OK for: hasown@2.0.3 want: ^1.1.2
4097 silly placeDep ROOT @rollup/rollup-android-arm-eabi@4.60.3 OK for: rollup@4.60.3 want: 4.60.3
4098 silly placeDep ROOT @rollup/rollup-android-arm64@4.60.3 OK for: rollup@4.60.3 want: 4.60.3
4099 silly placeDep ROOT @rollup/rollup-darwin-arm64@4.60.3 OK for: rollup@4.60.3 want: 4.60.3
4100 silly placeDep ROOT @rollup/rollup-darwin-x64@4.60.3 OK for: rollup@4.60.3 want: 4.60.3
4101 silly placeDep ROOT @rollup/rollup-freebsd-arm64@4.60.3 OK for: rollup@4.60.3 want: 4.60.3
4102 silly placeDep ROOT @rollup/rollup-freebsd-x64@4.60.3 OK for: rollup@4.60.3 want: 4.60.3
4103 silly placeDep ROOT @rollup/rollup-linux-arm-gnueabihf@4.60.3 OK for: rollup@4.60.3 want: 4.60.3
4104 silly placeDep ROOT @rollup/rollup-linux-arm-musleabihf@4.60.3 OK for: rollup@4.60.3 want: 4.60.3
4105 silly placeDep ROOT @rollup/rollup-linux-arm64-gnu@4.60.3 OK for: rollup@4.60.3 want: 4.60.3
4106 silly placeDep ROOT @rollup/rollup-linux-arm64-musl@4.60.3 OK for: rollup@4.60.3 want: 4.60.3
4107 silly placeDep ROOT @rollup/rollup-linux-loong64-gnu@4.60.3 OK for: rollup@4.60.3 want: 4.60.3
4108 silly placeDep ROOT @rollup/rollup-linux-loong64-musl@4.60.3 OK for: rollup@4.60.3 want: 4.60.3
4109 silly placeDep ROOT @rollup/rollup-linux-ppc64-gnu@4.60.3 OK for: rollup@4.60.3 want: 4.60.3
4110 silly placeDep ROOT @rollup/rollup-linux-ppc64-musl@4.60.3 OK for: rollup@4.60.3 want: 4.60.3
4111 silly placeDep ROOT @rollup/rollup-linux-riscv64-gnu@4.60.3 OK for: rollup@4.60.3 want: 4.60.3
4112 silly placeDep ROOT @rollup/rollup-linux-riscv64-musl@4.60.3 OK for: rollup@4.60.3 want: 4.60.3
4113 silly placeDep ROOT @rollup/rollup-linux-s390x-gnu@4.60.3 OK for: rollup@4.60.3 want: 4.60.3
4114 silly placeDep ROOT @rollup/rollup-linux-x64-gnu@4.60.3 OK for: rollup@4.60.3 want: 4.60.3
4115 silly placeDep ROOT @rollup/rollup-linux-x64-musl@4.60.3 OK for: rollup@4.60.3 want: 4.60.3
4116 silly placeDep ROOT @rollup/rollup-openbsd-x64@4.60.3 OK for: rollup@4.60.3 want: 4.60.3
4117 silly placeDep ROOT @rollup/rollup-openharmony-arm64@4.60.3 OK for: rollup@4.60.3 want: 4.60.3
4118 silly placeDep ROOT @rollup/rollup-win32-arm64-msvc@4.60.3 OK for: rollup@4.60.3 want: 4.60.3
4119 silly placeDep ROOT @rollup/rollup-win32-ia32-msvc@4.60.3 OK for: rollup@4.60.3 want: 4.60.3
4120 silly placeDep ROOT @rollup/rollup-win32-x64-gnu@4.60.3 OK for: rollup@4.60.3 want: 4.60.3
4121 silly placeDep ROOT @rollup/rollup-win32-x64-msvc@4.60.3 OK for: rollup@4.60.3 want: 4.60.3
4122 silly placeDep node_modules/rollup @types/estree@1.0.8 OK for: rollup@4.60.3 want: 1.0.8
4123 silly placeDep ROOT fsevents@2.3.3 OK for: rollup@4.60.3 want: ~2.3.2
4124 silly placeDep ROOT open@11.0.0 OK for: rollup-plugin-visualizer@7.0.1 want: ^11.0.0
4125 silly placeDep ROOT yargs@18.0.0 OK for: rollup-plugin-visualizer@7.0.1 want: ^18.0.0
4126 silly fetch manifest default-browser@^5.4.0
4127 silly packumentCache full:https://registry.npmjs.org/default-browser cache-miss
4128 silly fetch manifest define-lazy-prop@^3.0.0
4129 silly packumentCache full:https://registry.npmjs.org/define-lazy-prop cache-miss
4130 silly fetch manifest is-in-ssh@^1.0.0
4131 silly packumentCache full:https://registry.npmjs.org/is-in-ssh cache-miss
4132 silly fetch manifest is-inside-container@^1.0.0
4133 silly packumentCache full:https://registry.npmjs.org/is-inside-container cache-miss
4134 silly fetch manifest powershell-utils@^0.1.0
4135 silly packumentCache full:https://registry.npmjs.org/powershell-utils cache-miss
4136 silly fetch manifest wsl-utils@^0.3.0
4137 silly packumentCache full:https://registry.npmjs.org/wsl-utils cache-miss
4138 silly fetch manifest cliui@^9.0.1
4139 silly packumentCache full:https://registry.npmjs.org/cliui cache-miss
4140 http fetch GET 200 https://registry.npmjs.org/is-inside-container 40ms (cache miss)
4141 silly packumentCache full:https://registry.npmjs.org/is-inside-container set size:undefined disposed:false
4142 silly fetch manifest escalade@^3.1.1
4143 silly packumentCache full:https://registry.npmjs.org/escalade cache-miss
4144 http fetch GET 200 https://registry.npmjs.org/wsl-utils 41ms (cache miss)
4145 silly packumentCache full:https://registry.npmjs.org/wsl-utils set size:undefined disposed:false
4146 silly fetch manifest get-caller-file@^2.0.5
4147 silly packumentCache full:https://registry.npmjs.org/get-caller-file cache-miss
4148 http fetch GET 200 https://registry.npmjs.org/cliui 41ms (cache miss)
4149 silly packumentCache full:https://registry.npmjs.org/cliui set size:undefined disposed:false
4150 silly fetch manifest string-width@^7.2.0
4151 silly packumentCache full:https://registry.npmjs.org/string-width cache-miss
4152 http fetch GET 200 https://registry.npmjs.org/default-browser 42ms (cache miss)
4153 silly packumentCache full:https://registry.npmjs.org/default-browser set size:undefined disposed:false
4154 silly fetch manifest y18n@^5.0.5
4155 silly packumentCache full:https://registry.npmjs.org/y18n cache-miss
4156 http cache https://registry.npmjs.org/escalade 4ms (cache hit)
4157 silly packumentCache full:https://registry.npmjs.org/escalade set size:33724 disposed:false
4158 silly fetch manifest yargs-parser@^22.0.0
4159 silly packumentCache full:https://registry.npmjs.org/yargs-parser cache-miss
4160 http fetch GET 200 https://registry.npmjs.org/define-lazy-prop 56ms (cache miss)
4161 silly packumentCache full:https://registry.npmjs.org/define-lazy-prop set size:undefined disposed:false
4162 http fetch GET 200 https://registry.npmjs.org/get-caller-file 38ms (cache miss)
4163 silly packumentCache full:https://registry.npmjs.org/get-caller-file set size:undefined disposed:false
4164 http fetch GET 200 https://registry.npmjs.org/string-width 41ms (cache miss)
4165 silly packumentCache full:https://registry.npmjs.org/string-width set size:undefined disposed:false
4166 http fetch GET 200 https://registry.npmjs.org/y18n 41ms (cache miss)
4167 silly packumentCache full:https://registry.npmjs.org/y18n set size:undefined disposed:false
4168 http fetch GET 200 https://registry.npmjs.org/yargs-parser 42ms (cache miss)
4169 silly packumentCache full:https://registry.npmjs.org/yargs-parser set size:undefined disposed:false
4170 http fetch GET 200 https://registry.npmjs.org/is-in-ssh 231ms (cache miss)
4171 silly packumentCache full:https://registry.npmjs.org/is-in-ssh set size:undefined disposed:false
4172 http fetch GET 200 https://registry.npmjs.org/powershell-utils 684ms (cache miss)
4173 silly packumentCache full:https://registry.npmjs.org/powershell-utils set size:undefined disposed:false
4174 silly placeDep ROOT default-browser@5.5.0 OK for: open@11.0.0 want: ^5.4.0
4175 silly placeDep ROOT define-lazy-prop@3.0.0 OK for: open@11.0.0 want: ^3.0.0
4176 silly placeDep ROOT is-in-ssh@1.0.0 OK for: open@11.0.0 want: ^1.0.0
4177 silly placeDep ROOT is-inside-container@1.0.0 OK for: open@11.0.0 want: ^1.0.0
4178 silly placeDep ROOT powershell-utils@0.1.0 OK for: open@11.0.0 want: ^0.1.0
4179 silly placeDep ROOT wsl-utils@0.3.1 OK for: open@11.0.0 want: ^0.3.0
4180 silly fetch manifest bundle-name@^4.1.0
4181 silly packumentCache full:https://registry.npmjs.org/bundle-name cache-miss
4182 silly fetch manifest default-browser-id@^5.0.0
4183 silly packumentCache full:https://registry.npmjs.org/default-browser-id cache-miss
4184 silly fetch manifest is-docker@^3.0.0
4185 silly packumentCache full:https://registry.npmjs.org/is-docker cache-miss
4186 silly fetch manifest is-wsl@^3.1.0
4187 silly packumentCache full:https://registry.npmjs.org/is-wsl cache-miss
4188 http fetch GET 200 https://registry.npmjs.org/default-browser-id 42ms (cache miss)
4189 silly packumentCache full:https://registry.npmjs.org/default-browser-id set size:undefined disposed:false
4190 http fetch GET 200 https://registry.npmjs.org/is-docker 42ms (cache miss)
4191 silly packumentCache full:https://registry.npmjs.org/is-docker set size:undefined disposed:false
4192 http fetch GET 200 https://registry.npmjs.org/is-wsl 44ms (cache miss)
4193 silly packumentCache full:https://registry.npmjs.org/is-wsl set size:undefined disposed:false
4194 http fetch GET 200 https://registry.npmjs.org/bundle-name 46ms (cache miss)
4195 silly packumentCache full:https://registry.npmjs.org/bundle-name set size:undefined disposed:false
4196 silly placeDep ROOT bundle-name@4.1.0 OK for: default-browser@5.5.0 want: ^4.1.0
4197 silly placeDep ROOT default-browser-id@5.0.1 OK for: default-browser@5.5.0 want: ^5.0.0
4198 silly fetch manifest run-applescript@^7.0.0
4199 silly packumentCache full:https://registry.npmjs.org/run-applescript cache-miss
4200 http fetch GET 200 https://registry.npmjs.org/run-applescript 39ms (cache miss)
4201 silly packumentCache full:https://registry.npmjs.org/run-applescript set size:undefined disposed:false
4202 silly placeDep ROOT run-applescript@7.1.0 OK for: bundle-name@4.1.0 want: ^7.0.0
4203 silly placeDep ROOT is-docker@3.0.0 OK for: is-inside-container@1.0.0 want: ^3.0.0
4204 silly placeDep ROOT queue-microtask@1.2.3 OK for: run-parallel@1.2.0 want: ^1.2.2
4205 silly placeDep ROOT encodeurl@2.0.0 OK for: serve-static@2.2.1 want: ^2.0.0
4206 silly placeDep ROOT escape-html@1.0.3 OK for: serve-static@2.2.1 want: ^1.0.3
4207 silly placeDep ROOT parseurl@1.3.3 OK for: serve-static@2.2.1 want: ^1.3.3
4208 silly placeDep ROOT send@1.2.1 OK for: serve-static@2.2.1 want: ^1.2.0
4209 silly fetch manifest fresh@^2.0.0
4210 silly packumentCache full:https://registry.npmjs.org/fresh cache-miss
4211 silly fetch manifest http-errors@^2.0.1
4212 silly packumentCache full:https://registry.npmjs.org/http-errors cache-miss
4213 silly fetch manifest mime-types@^3.0.2
4214 silly packumentCache full:https://registry.npmjs.org/mime-types cache-miss
4215 silly fetch manifest on-finished@^2.4.1
4216 silly packumentCache full:https://registry.npmjs.org/on-finished cache-miss
4217 silly fetch manifest range-parser@^1.2.1
4218 silly packumentCache full:https://registry.npmjs.org/range-parser cache-miss
4219 silly fetch manifest statuses@^2.0.2
4220 silly packumentCache full:https://registry.npmjs.org/statuses cache-miss
4221 http fetch GET 200 https://registry.npmjs.org/on-finished 44ms (cache miss)
4222 silly packumentCache full:https://registry.npmjs.org/on-finished set size:undefined disposed:false
4223 http fetch GET 200 https://registry.npmjs.org/range-parser 46ms (cache miss)
4224 silly packumentCache full:https://registry.npmjs.org/range-parser set size:undefined disposed:false
4225 http fetch GET 200 https://registry.npmjs.org/http-errors 47ms (cache miss)
4226 silly packumentCache full:https://registry.npmjs.org/http-errors set size:undefined disposed:false
4227 http fetch GET 200 https://registry.npmjs.org/mime-types 48ms (cache miss)
4228 silly packumentCache full:https://registry.npmjs.org/mime-types set size:undefined disposed:false
4229 http fetch GET 200 https://registry.npmjs.org/fresh 50ms (cache miss)
4230 silly packumentCache full:https://registry.npmjs.org/fresh set size:undefined disposed:false
4231 http fetch GET 200 https://registry.npmjs.org/statuses 51ms (cache miss)
4232 silly packumentCache full:https://registry.npmjs.org/statuses set size:undefined disposed:false
4233 silly placeDep ROOT fresh@2.0.0 OK for: send@1.2.1 want: ^2.0.0
4234 silly placeDep ROOT http-errors@2.0.1 OK for: send@1.2.1 want: ^2.0.1
4235 silly placeDep ROOT mime-types@3.0.2 OK for: send@1.2.1 want: ^3.0.2
4236 silly placeDep ROOT on-finished@2.4.1 OK for: send@1.2.1 want: ^2.4.1
4237 silly placeDep ROOT range-parser@1.2.1 OK for: send@1.2.1 want: ^1.2.1
4238 silly placeDep ROOT statuses@2.0.2 OK for: send@1.2.1 want: ^2.0.2
4239 silly fetch manifest depd@~2.0.0
4240 silly packumentCache full:https://registry.npmjs.org/depd cache-miss
4241 silly fetch manifest inherits@~2.0.4
4242 silly packumentCache full:https://registry.npmjs.org/inherits cache-miss
4243 silly fetch manifest setprototypeof@~1.2.0
4244 silly packumentCache full:https://registry.npmjs.org/setprototypeof cache-miss
4245 silly fetch manifest statuses@~2.0.2
4246 silly packumentCache full:https://registry.npmjs.org/statuses cache-miss
4247 silly fetch manifest toidentifier@~1.0.1
4248 silly packumentCache full:https://registry.npmjs.org/toidentifier cache-miss
4249 silly fetch manifest mime-db@^1.54.0
4250 silly packumentCache full:https://registry.npmjs.org/mime-db cache-miss
4251 silly fetch manifest ee-first@1.1.1
4252 silly packumentCache full:https://registry.npmjs.org/ee-first cache-miss
4253 http cache https://registry.npmjs.org/statuses 19ms (cache hit)
4254 silly packumentCache full:https://registry.npmjs.org/statuses set size:37117 disposed:false
4255 http cache https://registry.npmjs.org/inherits 21ms (cache hit)
4256 silly packumentCache full:https://registry.npmjs.org/inherits set size:12925 disposed:false
4257 http fetch GET 200 https://registry.npmjs.org/depd 38ms (cache miss)
4258 silly packumentCache full:https://registry.npmjs.org/depd set size:undefined disposed:false
4259 http fetch GET 200 https://registry.npmjs.org/toidentifier 43ms (cache miss)
4260 silly packumentCache full:https://registry.npmjs.org/toidentifier set size:undefined disposed:false
4261 http fetch GET 200 https://registry.npmjs.org/ee-first 44ms (cache miss)
4262 silly packumentCache full:https://registry.npmjs.org/ee-first set size:undefined disposed:false
4263 http fetch GET 200 https://registry.npmjs.org/setprototypeof 44ms (cache miss)
4264 silly packumentCache full:https://registry.npmjs.org/setprototypeof set size:undefined disposed:false
4265 http fetch GET 200 https://registry.npmjs.org/mime-db 45ms (cache miss)
4266 silly packumentCache full:https://registry.npmjs.org/mime-db set size:undefined disposed:false
4267 silly placeDep ROOT depd@2.0.0 OK for: http-errors@2.0.1 want: ~2.0.0
4268 silly placeDep ROOT inherits@2.0.4 OK for: http-errors@2.0.1 want: ~2.0.4
4269 silly placeDep ROOT setprototypeof@1.2.0 OK for: http-errors@2.0.1 want: ~1.2.0
4270 silly placeDep ROOT toidentifier@1.0.1 OK for: http-errors@2.0.1 want: ~1.0.1
4271 silly placeDep ROOT mime-db@1.54.0 OK for: mime-types@3.0.2 want: ^1.54.0
4272 silly placeDep ROOT ee-first@1.1.1 OK for: on-finished@2.4.1 want: 1.1.1
4273 silly placeDep ROOT shebang-regex@3.0.0 OK for: shebang-command@2.0.0 want: ^3.0.0
4274 silly placeDep ROOT @kwsites/file-exists@1.1.1 OK for: simple-git@3.36.0 want: ^1.1.1
4275 silly placeDep ROOT @kwsites/promise-deferred@1.1.1 OK for: simple-git@3.36.0 want: ^1.1.1
4276 silly placeDep ROOT @simple-git/args-pathspec@1.0.3 OK for: simple-git@3.36.0 want: ^1.0.3
4277 silly placeDep ROOT @simple-git/argv-parser@1.1.1 OK for: simple-git@3.36.0 want: ^1.1.0
4278 silly placeDep ROOT @polka/url@1.0.0-next.29 OK for: sirv@3.0.2 want: ^1.0.0-next.24
4279 silly placeDep ROOT mrmime@2.0.1 OK for: sirv@3.0.2 want: ^2.0.0
4280 silly placeDep ROOT totalist@3.0.1 OK for: sirv@3.0.2 want: ^3.0.0
4281 silly placeDep ROOT safe-buffer@5.2.1 OK for: string_decoder@1.3.0 want: ~5.2.0
4282 silly placeDep ROOT commander@11.1.0 OK for: svgo@4.0.1 want: ^11.1.0
4283 silly placeDep ROOT css-select@5.2.2 OK for: svgo@4.0.1 want: ^5.1.0
4284 silly placeDep ROOT css-what@6.2.2 OK for: svgo@4.0.1 want: ^6.1.0
4285 silly placeDep ROOT csso@5.0.5 OK for: svgo@4.0.1 want: ^5.0.5
4286 silly placeDep ROOT sax@1.6.0 OK for: svgo@4.0.1 want: ^1.5.0
4287 silly fetch manifest boolbase@^1.0.0
4288 silly packumentCache full:https://registry.npmjs.org/boolbase cache-miss
4289 silly fetch manifest domutils@^3.0.1
4290 silly packumentCache full:https://registry.npmjs.org/domutils cache-miss
4291 silly fetch manifest nth-check@^2.0.1
4292 silly packumentCache full:https://registry.npmjs.org/nth-check cache-miss
4293 silly fetch manifest domhandler@^5.0.2
4294 silly packumentCache full:https://registry.npmjs.org/domhandler cache-miss
4295 silly fetch manifest css-tree@~2.2.0
4296 silly packumentCache full:https://registry.npmjs.org/css-tree cache-miss
4297 http cache https://registry.npmjs.org/css-tree 2ms (cache hit)
4298 silly packumentCache full:https://registry.npmjs.org/css-tree set size:229638 disposed:false
4299 http fetch GET 200 https://registry.npmjs.org/nth-check 39ms (cache miss)
4300 silly packumentCache full:https://registry.npmjs.org/nth-check set size:undefined disposed:false
4301 http fetch GET 200 https://registry.npmjs.org/boolbase 44ms (cache miss)
4302 silly packumentCache full:https://registry.npmjs.org/boolbase set size:undefined disposed:false
4303 http fetch GET 200 https://registry.npmjs.org/domhandler 44ms (cache miss)
4304 silly packumentCache full:https://registry.npmjs.org/domhandler set size:undefined disposed:false
4305 http fetch GET 200 https://registry.npmjs.org/domutils 50ms (cache miss)
4306 silly packumentCache full:https://registry.npmjs.org/domutils set size:undefined disposed:false
4307 silly placeDep ROOT boolbase@1.0.0 OK for: css-select@5.2.2 want: ^1.0.0
4308 silly placeDep ROOT domhandler@5.0.3 OK for: css-select@5.2.2 want: ^5.0.2
4309 silly placeDep ROOT domutils@3.2.2 OK for: css-select@5.2.2 want: ^3.0.1
4310 silly placeDep ROOT nth-check@2.1.1 OK for: css-select@5.2.2 want: ^2.0.1
4311 silly fetch manifest domelementtype@^2.3.0
4312 silly packumentCache full:https://registry.npmjs.org/domelementtype cache-miss
4313 silly fetch manifest dom-serializer@^2.0.0
4314 silly packumentCache full:https://registry.npmjs.org/dom-serializer cache-miss
4315 silly fetch manifest domelementtype@^2.3.0
4316 silly packumentCache full:https://registry.npmjs.org/domelementtype cache-miss
4317 http fetch GET 200 https://registry.npmjs.org/domelementtype 41ms (cache miss)
4318 silly packumentCache full:https://registry.npmjs.org/domelementtype set size:undefined disposed:false
4319 http fetch GET 200 https://registry.npmjs.org/domelementtype 41ms (cache miss)
4320 silly packumentCache full:https://registry.npmjs.org/domelementtype set size:undefined disposed:false
4321 http fetch GET 200 https://registry.npmjs.org/dom-serializer 41ms (cache miss)
4322 silly packumentCache full:https://registry.npmjs.org/dom-serializer set size:undefined disposed:false
4323 silly placeDep node_modules/csso css-tree@2.2.1 OK for: csso@5.0.5 want: ~2.2.0
4324 silly fetch manifest mdn-data@2.0.28
4325 silly packumentCache full:https://registry.npmjs.org/mdn-data cache-miss
4326 http cache https://registry.npmjs.org/mdn-data 3ms (cache hit)
4327 silly packumentCache full:https://registry.npmjs.org/mdn-data set size:175956 disposed:false
4328 silly placeDep ROOT domelementtype@2.3.0 OK for: domhandler@5.0.3 want: ^2.3.0
4329 silly placeDep ROOT dom-serializer@2.0.0 OK for: domutils@3.2.2 want: ^2.0.0
4330 silly fetch manifest entities@^4.2.0
4331 silly packumentCache full:https://registry.npmjs.org/entities cache-miss
4332 http cache https://registry.npmjs.org/entities 2ms (cache hit)
4333 silly packumentCache full:https://registry.npmjs.org/entities set size:101550 disposed:false
4334 silly placeDep node_modules/dom-serializer entities@4.5.0 OK for: dom-serializer@2.0.0 want: ^4.2.0
4335 silly placeDep ROOT @koa/router@12.0.2 OK for: tailwind-config-viewer@2.0.4 want: ^12.0.1
4336 silly placeDep node_modules/tailwind-config-viewer commander@6.2.1 OK for: tailwind-config-viewer@2.0.4 want: ^6.0.0
4337 silly placeDep ROOT fs-extra@9.1.0 OK for: tailwind-config-viewer@2.0.4 want: ^9.0.1
4338 silly placeDep ROOT koa@2.16.4 OK for: tailwind-config-viewer@2.0.4 want: ^2.14.2
4339 silly placeDep ROOT koa-static@5.0.0 OK for: tailwind-config-viewer@2.0.4 want: ^5.0.0
4340 silly placeDep node_modules/tailwind-config-viewer open@7.4.2 OK for: tailwind-config-viewer@2.0.4 want: ^7.0.4
4341 silly placeDep ROOT portfinder@1.0.38 OK for: tailwind-config-viewer@2.0.4 want: ^1.0.26
4342 silly placeDep ROOT replace-in-file@6.3.5 OK for: tailwind-config-viewer@2.0.4 want: ^6.1.0
4343 silly fetch manifest methods@^1.1.2
4344 silly packumentCache full:https://registry.npmjs.org/methods cache-miss
4345 silly fetch manifest koa-compose@^4.1.0
4346 silly packumentCache full:https://registry.npmjs.org/koa-compose cache-miss
4347 silly fetch manifest path-to-regexp@^6.3.0
4348 silly packumentCache full:https://registry.npmjs.org/path-to-regexp cache-miss
4349 silly fetch manifest jsonfile@^6.0.1
4350 silly packumentCache full:https://registry.npmjs.org/jsonfile cache-miss
4351 silly fetch manifest universalify@^2.0.0
4352 silly packumentCache full:https://registry.npmjs.org/universalify cache-miss
4353 silly fetch manifest at-least-node@^1.0.0
4354 silly packumentCache full:https://registry.npmjs.org/at-least-node cache-miss
4355 silly fetch manifest only@~0.0.2
4356 silly packumentCache full:https://registry.npmjs.org/only cache-miss
4357 http fetch GET 200 https://registry.npmjs.org/methods 42ms (cache miss)
4358 silly packumentCache full:https://registry.npmjs.org/methods set size:undefined disposed:false
4359 silly fetch manifest vary@^1.1.2
4360 silly packumentCache full:https://registry.npmjs.org/vary cache-miss
4361 http fetch GET 200 https://registry.npmjs.org/universalify 43ms (cache miss)
4362 silly packumentCache full:https://registry.npmjs.org/universalify set size:undefined disposed:false
4363 silly fetch manifest fresh@~0.5.2
4364 silly packumentCache full:https://registry.npmjs.org/fresh cache-miss
4365 http cache https://registry.npmjs.org/fresh 7ms (cache hit)
4366 silly packumentCache full:https://registry.npmjs.org/fresh set size:25427 disposed:false
4367 silly fetch manifest accepts@^1.3.5
4368 silly packumentCache full:https://registry.npmjs.org/accepts cache-miss
4369 http fetch GET 200 https://registry.npmjs.org/jsonfile 51ms (cache miss)
4370 silly packumentCache full:https://registry.npmjs.org/jsonfile set size:undefined disposed:false
4371 silly fetch manifest cookies@~0.9.0
4372 silly packumentCache full:https://registry.npmjs.org/cookies cache-miss
4373 http fetch GET 200 https://registry.npmjs.org/path-to-regexp 57ms (cache miss)
4374 silly packumentCache full:https://registry.npmjs.org/path-to-regexp set size:undefined disposed:false
4375 silly fetch manifest destroy@^1.0.4
4376 silly packumentCache full:https://registry.npmjs.org/destroy cache-miss
4377 http fetch GET 200 https://registry.npmjs.org/vary 42ms (cache miss)
4378 silly packumentCache full:https://registry.npmjs.org/vary set size:undefined disposed:false
4379 silly fetch manifest type-is@^1.6.16
4380 silly packumentCache full:https://registry.npmjs.org/type-is cache-miss
4381 http fetch GET 200 https://registry.npmjs.org/accepts 37ms (cache miss)
4382 silly packumentCache full:https://registry.npmjs.org/accepts set size:undefined disposed:false
4383 silly fetch manifest statuses@^1.5.0
4384 silly packumentCache full:https://registry.npmjs.org/statuses cache-hit
4385 silly fetch manifest delegates@^1.0.0
4386 silly packumentCache full:https://registry.npmjs.org/delegates cache-miss
4387 http fetch GET 200 https://registry.npmjs.org/destroy 46ms (cache miss)
4388 silly packumentCache full:https://registry.npmjs.org/destroy set size:undefined disposed:false
4389 silly fetch manifest encodeurl@^1.0.2
4390 silly packumentCache full:https://registry.npmjs.org/encodeurl cache-miss
4391 http cache https://registry.npmjs.org/encodeurl 1ms (cache hit)
4392 silly packumentCache full:https://registry.npmjs.org/encodeurl set size:12296 disposed:false
4393 silly fetch manifest http-assert@^1.3.0
4394 silly packumentCache full:https://registry.npmjs.org/http-assert cache-miss
4395 http fetch GET 200 https://registry.npmjs.org/type-is 39ms (cache miss)
4396 silly packumentCache full:https://registry.npmjs.org/type-is set size:undefined disposed:false
4397 silly fetch manifest http-errors@^1.6.3
4398 silly packumentCache full:https://registry.npmjs.org/http-errors cache-miss
4399 http fetch GET 200 https://registry.npmjs.org/delegates 37ms (cache miss)
4400 silly packumentCache full:https://registry.npmjs.org/delegates set size:undefined disposed:false
4401 silly fetch manifest koa-compose@^4.1.0
4402 silly packumentCache full:https://registry.npmjs.org/koa-compose cache-miss
4403 http cache https://registry.npmjs.org/http-errors 2ms (cache hit)
4404 silly packumentCache full:https://registry.npmjs.org/http-errors set size:71987 disposed:false
4405 silly fetch manifest koa-convert@^2.0.0
4406 silly packumentCache full:https://registry.npmjs.org/koa-convert cache-miss
4407 http fetch GET 200 https://registry.npmjs.org/koa-compose 220ms (cache miss)
4408 silly packumentCache full:https://registry.npmjs.org/koa-compose set size:undefined disposed:false
4409 silly fetch manifest content-type@^1.0.4
4410 silly packumentCache full:https://registry.npmjs.org/content-type cache-miss
4411 http fetch GET 200 https://registry.npmjs.org/koa-compose 94ms (cache miss)
4412 silly packumentCache full:https://registry.npmjs.org/koa-compose set size:undefined disposed:false
4413 silly fetch manifest cache-content-type@^1.0.0
4414 silly packumentCache full:https://registry.npmjs.org/cache-content-type cache-miss
4415 http fetch GET 200 https://registry.npmjs.org/at-least-node 234ms (cache miss)
4416 silly packumentCache full:https://registry.npmjs.org/at-least-node set size:undefined disposed:false
4417 silly fetch manifest content-disposition@~0.5.2
4418 silly packumentCache full:https://registry.npmjs.org/content-disposition cache-miss
4419 http fetch GET 200 https://registry.npmjs.org/only 248ms (cache miss)
4420 silly packumentCache full:https://registry.npmjs.org/only set size:undefined disposed:false
4421 silly fetch manifest is-generator-function@^1.0.7
4422 silly packumentCache full:https://registry.npmjs.org/is-generator-function cache-miss
4423 http fetch GET 200 https://registry.npmjs.org/content-type 38ms (cache miss)
4424 silly packumentCache full:https://registry.npmjs.org/content-type set size:undefined disposed:false
4425 silly fetch manifest debug@^3.1.0
4426 silly packumentCache full:https://registry.npmjs.org/debug cache-miss
4427 http cache https://registry.npmjs.org/debug 3ms (cache hit)
4428 silly packumentCache full:https://registry.npmjs.org/debug set size:195840 disposed:false
4429 silly fetch manifest koa-send@^5.0.0
4430 silly packumentCache full:https://registry.npmjs.org/koa-send cache-miss
4431 http fetch GET 200 https://registry.npmjs.org/content-disposition 41ms (cache miss)
4432 silly packumentCache full:https://registry.npmjs.org/content-disposition set size:undefined disposed:false
4433 silly fetch manifest is-wsl@^2.1.1
4434 silly packumentCache full:https://registry.npmjs.org/is-wsl cache-miss
4435 http cache https://registry.npmjs.org/is-wsl 1ms (cache hit)
4436 silly packumentCache full:https://registry.npmjs.org/is-wsl set size:20683 disposed:false
4437 silly fetch manifest is-docker@^2.0.0
4438 silly packumentCache full:https://registry.npmjs.org/is-docker cache-miss
4439 http cache https://registry.npmjs.org/is-docker 1ms (cache hit)
4440 silly packumentCache full:https://registry.npmjs.org/is-docker set size:23690 disposed:false
4441 silly fetch manifest glob@^7.2.0
4442 silly packumentCache full:https://registry.npmjs.org/glob cache-hit
4443 silly fetch manifest chalk@^4.1.2
4444 silly packumentCache full:https://registry.npmjs.org/chalk cache-miss
4445 http fetch GET 200 https://registry.npmjs.org/is-generator-function 39ms (cache miss)
4446 silly packumentCache full:https://registry.npmjs.org/is-generator-function set size:undefined disposed:false
4447 silly fetch manifest yargs@^17.2.1
4448 silly packumentCache full:https://registry.npmjs.org/yargs cache-miss
4449 http cache https://registry.npmjs.org/yargs 2ms (cache hit)
4450 silly packumentCache full:https://registry.npmjs.org/yargs set size:743056 disposed:false
4451 http fetch GET 200 https://registry.npmjs.org/cookies 249ms (cache miss)
4452 silly packumentCache full:https://registry.npmjs.org/cookies set size:undefined disposed:false
4453 http fetch GET 200 https://registry.npmjs.org/chalk 40ms (cache miss)
4454 silly packumentCache full:https://registry.npmjs.org/chalk set size:undefined disposed:false
4455 http fetch GET 200 https://registry.npmjs.org/http-assert 231ms (cache miss)
4456 silly packumentCache full:https://registry.npmjs.org/http-assert set size:undefined disposed:false
4457 http fetch GET 200 https://registry.npmjs.org/koa-convert 232ms (cache miss)
4458 silly packumentCache full:https://registry.npmjs.org/koa-convert set size:undefined disposed:false
4459 http fetch GET 200 https://registry.npmjs.org/cache-content-type 238ms (cache miss)
4460 silly packumentCache full:https://registry.npmjs.org/cache-content-type set size:undefined disposed:false
4461 http fetch GET 200 https://registry.npmjs.org/koa-send 230ms (cache miss)
4462 silly packumentCache full:https://registry.npmjs.org/koa-send set size:undefined disposed:false
4463 silly placeDep ROOT koa-compose@4.1.0 OK for: @koa/router@12.0.2 want: ^4.1.0
4464 silly placeDep ROOT methods@1.1.2 OK for: @koa/router@12.0.2 want: ^1.1.2
4465 silly placeDep ROOT path-to-regexp@6.3.0 OK for: @koa/router@12.0.2 want: ^6.3.0
4466 silly placeDep ROOT at-least-node@1.0.0 OK for: fs-extra@9.1.0 want: ^1.0.0
4467 silly placeDep ROOT jsonfile@6.2.1 OK for: fs-extra@9.1.0 want: ^6.0.1
4468 silly placeDep ROOT universalify@2.0.1 OK for: fs-extra@9.1.0 want: ^2.0.0
4469 silly placeDep ROOT accepts@1.3.8 OK for: koa@2.16.4 want: ^1.3.5
4470 silly placeDep ROOT cache-content-type@1.0.1 OK for: koa@2.16.4 want: ^1.0.0
4471 silly placeDep ROOT content-disposition@0.5.4 OK for: koa@2.16.4 want: ~0.5.2
4472 silly placeDep ROOT content-type@1.0.5 OK for: koa@2.16.4 want: ^1.0.4
4473 silly placeDep ROOT cookies@0.9.1 OK for: koa@2.16.4 want: ~0.9.0
4474 silly placeDep ROOT delegates@1.0.0 OK for: koa@2.16.4 want: ^1.0.0
4475 silly placeDep ROOT destroy@1.2.0 OK for: koa@2.16.4 want: ^1.0.4
4476 silly placeDep node_modules/koa encodeurl@1.0.2 OK for: koa@2.16.4 want: ^1.0.2
4477 silly placeDep node_modules/koa fresh@0.5.2 OK for: koa@2.16.4 want: ~0.5.2
4478 silly placeDep ROOT http-assert@1.5.0 OK for: koa@2.16.4 want: ^1.3.0
4479 silly placeDep node_modules/koa http-errors@1.8.1 OK for: koa@2.16.4 want: ^1.6.3
4480 silly placeDep ROOT is-generator-function@1.1.2 OK for: koa@2.16.4 want: ^1.0.7
4481 silly placeDep ROOT koa-convert@2.0.0 OK for: koa@2.16.4 want: ^2.0.0
4482 silly placeDep ROOT only@0.0.2 OK for: koa@2.16.4 want: ~0.0.2
4483 silly placeDep node_modules/koa statuses@1.5.0 OK for: koa@2.16.4 want: ^1.5.0
4484 silly placeDep ROOT type-is@1.6.18 OK for: koa@2.16.4 want: ^1.6.16
4485 silly placeDep ROOT vary@1.1.2 OK for: koa@2.16.4 want: ^1.1.2
4486 silly fetch manifest mime-types@~2.1.34
4487 silly packumentCache full:https://registry.npmjs.org/mime-types cache-miss
4488 silly fetch manifest negotiator@0.6.3
4489 silly packumentCache full:https://registry.npmjs.org/negotiator cache-miss
4490 silly fetch manifest ylru@^1.2.0
4491 silly packumentCache full:https://registry.npmjs.org/ylru cache-miss
4492 silly fetch manifest mime-types@^2.1.18
4493 silly packumentCache full:https://registry.npmjs.org/mime-types cache-miss
4494 silly fetch manifest keygrip@~1.1.0
4495 silly packumentCache full:https://registry.npmjs.org/keygrip cache-miss
4496 silly fetch manifest deep-equal@~1.0.1
4497 silly packumentCache full:https://registry.npmjs.org/deep-equal cache-miss
4498 silly fetch manifest http-errors@~1.8.0
4499 silly packumentCache full:https://registry.npmjs.org/http-errors cache-hit
4500 silly fetch manifest depd@~1.1.2
4501 silly packumentCache full:https://registry.npmjs.org/depd cache-miss
4502 http cache https://registry.npmjs.org/mime-types 5ms (cache hit)
4503 silly packumentCache full:https://registry.npmjs.org/mime-types set size:139110 disposed:false
4504 silly fetch manifest statuses@>= 1.5.0 < 2
4505 silly packumentCache full:https://registry.npmjs.org/statuses cache-hit
4506 silly fetch manifest call-bound@^1.0.4
4507 silly packumentCache full:https://registry.npmjs.org/call-bound cache-miss
4508 http cache https://registry.npmjs.org/depd 6ms (cache hit)
4509 silly packumentCache full:https://registry.npmjs.org/depd set size:40182 disposed:false
4510 silly fetch manifest generator-function@^2.0.0
4511 silly packumentCache full:https://registry.npmjs.org/generator-function cache-miss
4512 http cache https://registry.npmjs.org/mime-types 8ms (cache hit)
4513 silly packumentCache full:https://registry.npmjs.org/mime-types set size:139110 disposed:false
4514 silly packumentCache full:https://registry.npmjs.org/mime-types dispose
4515 silly fetch manifest get-proto@^1.0.1
4516 silly packumentCache full:https://registry.npmjs.org/get-proto cache-miss
4517 http fetch GET 200 https://registry.npmjs.org/generator-function 43ms (cache miss)
4518 silly packumentCache full:https://registry.npmjs.org/generator-function set size:undefined disposed:false
4519 silly fetch manifest has-tostringtag@^1.0.2
4520 silly packumentCache full:https://registry.npmjs.org/has-tostringtag cache-miss
4521 http fetch GET 200 https://registry.npmjs.org/keygrip 52ms (cache miss)
4522 silly packumentCache full:https://registry.npmjs.org/keygrip set size:undefined disposed:false
4523 silly fetch manifest safe-regex-test@^1.1.0
4524 silly packumentCache full:https://registry.npmjs.org/safe-regex-test cache-miss
4525 http fetch GET 200 https://registry.npmjs.org/negotiator 53ms (cache miss)
4526 silly packumentCache full:https://registry.npmjs.org/negotiator set size:undefined disposed:false
4527 silly fetch manifest co@^4.6.0
4528 silly packumentCache full:https://registry.npmjs.org/co cache-miss
4529 http fetch GET 200 https://registry.npmjs.org/get-proto 45ms (cache miss)
4530 silly packumentCache full:https://registry.npmjs.org/get-proto set size:undefined disposed:false
4531 silly fetch manifest mime-types@~2.1.24
4532 silly packumentCache full:https://registry.npmjs.org/mime-types cache-hit
4533 silly fetch manifest media-typer@0.3.0
4534 silly packumentCache full:https://registry.npmjs.org/media-typer cache-miss
4535 http fetch GET 200 https://registry.npmjs.org/deep-equal 58ms (cache miss)
4536 silly packumentCache full:https://registry.npmjs.org/deep-equal set size:undefined disposed:false
4537 http fetch GET 200 https://registry.npmjs.org/call-bound 52ms (cache miss)
4538 silly packumentCache full:https://registry.npmjs.org/call-bound set size:undefined disposed:false
4539 http fetch GET 200 https://registry.npmjs.org/safe-regex-test 40ms (cache miss)
4540 silly packumentCache full:https://registry.npmjs.org/safe-regex-test set size:undefined disposed:false
4541 http fetch GET 200 https://registry.npmjs.org/co 40ms (cache miss)
4542 silly packumentCache full:https://registry.npmjs.org/co set size:undefined disposed:false
4543 http fetch GET 200 https://registry.npmjs.org/has-tostringtag 42ms (cache miss)
4544 silly packumentCache full:https://registry.npmjs.org/has-tostringtag set size:undefined disposed:false
4545 http fetch GET 200 https://registry.npmjs.org/media-typer 42ms (cache miss)
4546 silly packumentCache full:https://registry.npmjs.org/media-typer set size:undefined disposed:false
4547 http fetch GET 200 https://registry.npmjs.org/ylru 236ms (cache miss)
4548 silly packumentCache full:https://registry.npmjs.org/ylru set size:undefined disposed:false
4549 silly placeDep node_modules/accepts mime-types@2.1.35 OK for: accepts@1.3.8 want: ~2.1.34
4550 silly placeDep ROOT negotiator@0.6.3 OK for: accepts@1.3.8 want: 0.6.3
4551 silly fetch manifest mime-db@1.52.0
4552 silly packumentCache full:https://registry.npmjs.org/mime-db cache-miss
4553 http cache https://registry.npmjs.org/mime-db 3ms (cache hit)
4554 silly packumentCache full:https://registry.npmjs.org/mime-db set size:164953 disposed:false
4555 silly placeDep node_modules/cache-content-type mime-types@2.1.35 OK for: cache-content-type@1.0.1 want: ^2.1.18
4556 silly placeDep ROOT ylru@1.4.0 OK for: cache-content-type@1.0.1 want: ^1.2.0
4557 silly placeDep ROOT keygrip@1.1.0 OK for: cookies@0.9.1 want: ~1.1.0
4558 silly fetch manifest tsscmp@1.0.6
4559 silly packumentCache full:https://registry.npmjs.org/tsscmp cache-miss
4560 http fetch GET 200 https://registry.npmjs.org/tsscmp 47ms (cache miss)
4561 silly packumentCache full:https://registry.npmjs.org/tsscmp set size:undefined disposed:false
4562 silly placeDep ROOT deep-equal@1.0.1 OK for: http-assert@1.5.0 want: ~1.0.1
4563 silly placeDep node_modules/http-assert http-errors@1.8.1 OK for: http-assert@1.5.0 want: ~1.8.0
4564 silly placeDep ROOT call-bound@1.0.4 OK for: is-generator-function@1.1.2 want: ^1.0.4
4565 silly placeDep ROOT generator-function@2.0.1 OK for: is-generator-function@1.1.2 want: ^2.0.0
4566 silly placeDep ROOT get-proto@1.0.1 OK for: is-generator-function@1.1.2 want: ^1.0.1
4567 silly placeDep ROOT has-tostringtag@1.0.2 OK for: is-generator-function@1.1.2 want: ^1.0.2
4568 silly placeDep ROOT safe-regex-test@1.1.0 OK for: is-generator-function@1.1.2 want: ^1.1.0
4569 silly fetch manifest call-bind-apply-helpers@^1.0.2
4570 silly packumentCache full:https://registry.npmjs.org/call-bind-apply-helpers cache-miss
4571 silly fetch manifest get-intrinsic@^1.3.0
4572 silly packumentCache full:https://registry.npmjs.org/get-intrinsic cache-miss
4573 silly fetch manifest dunder-proto@^1.0.1
4574 silly packumentCache full:https://registry.npmjs.org/dunder-proto cache-miss
4575 silly fetch manifest es-object-atoms@^1.0.0
4576 silly packumentCache full:https://registry.npmjs.org/es-object-atoms cache-miss
4577 silly fetch manifest has-symbols@^1.0.3
4578 silly packumentCache full:https://registry.npmjs.org/has-symbols cache-miss
4579 silly fetch manifest is-regex@^1.2.1
4580 silly packumentCache full:https://registry.npmjs.org/is-regex cache-miss
4581 http fetch GET 200 https://registry.npmjs.org/call-bind-apply-helpers 43ms (cache miss)
4582 silly packumentCache full:https://registry.npmjs.org/call-bind-apply-helpers set size:undefined disposed:false
4583 http fetch GET 200 https://registry.npmjs.org/dunder-proto 43ms (cache miss)
4584 silly packumentCache full:https://registry.npmjs.org/dunder-proto set size:undefined disposed:false
4585 http fetch GET 200 https://registry.npmjs.org/es-object-atoms 43ms (cache miss)
4586 silly packumentCache full:https://registry.npmjs.org/es-object-atoms set size:undefined disposed:false
4587 http fetch GET 200 https://registry.npmjs.org/has-symbols 44ms (cache miss)
4588 silly packumentCache full:https://registry.npmjs.org/has-symbols set size:undefined disposed:false
4589 http fetch GET 200 https://registry.npmjs.org/get-intrinsic 47ms (cache miss)
4590 silly packumentCache full:https://registry.npmjs.org/get-intrinsic set size:undefined disposed:false
4591 http fetch GET 200 https://registry.npmjs.org/is-regex 53ms (cache miss)
4592 silly packumentCache full:https://registry.npmjs.org/is-regex set size:undefined disposed:false
4593 silly placeDep ROOT call-bind-apply-helpers@1.0.2 OK for: call-bound@1.0.4 want: ^1.0.2
4594 silly placeDep ROOT get-intrinsic@1.3.0 OK for: call-bound@1.0.4 want: ^1.3.0
4595 silly fetch manifest gopd@^1.2.0
4596 silly packumentCache full:https://registry.npmjs.org/gopd cache-miss
4597 silly fetch manifest has-symbols@^1.1.0
4598 silly packumentCache full:https://registry.npmjs.org/has-symbols cache-miss
4599 silly fetch manifest es-object-atoms@^1.1.1
4600 silly packumentCache full:https://registry.npmjs.org/es-object-atoms cache-miss
4601 silly fetch manifest math-intrinsics@^1.1.0
4602 silly packumentCache full:https://registry.npmjs.org/math-intrinsics cache-miss
4603 silly fetch manifest es-define-property@^1.0.1
4604 silly packumentCache full:https://registry.npmjs.org/es-define-property cache-miss
4605 http cache https://registry.npmjs.org/has-symbols 3ms (cache hit)
4606 silly packumentCache full:https://registry.npmjs.org/has-symbols set size:21550 disposed:false
4607 http cache https://registry.npmjs.org/es-object-atoms 3ms (cache hit)
4608 silly packumentCache full:https://registry.npmjs.org/es-object-atoms set size:15304 disposed:false
4609 http fetch GET 200 https://registry.npmjs.org/math-intrinsics 39ms (cache miss)
4610 silly packumentCache full:https://registry.npmjs.org/math-intrinsics set size:undefined disposed:false
4611 http fetch GET 200 https://registry.npmjs.org/es-define-property 39ms (cache miss)
4612 silly packumentCache full:https://registry.npmjs.org/es-define-property set size:undefined disposed:false
4613 http fetch GET 200 https://registry.npmjs.org/gopd 44ms (cache miss)
4614 silly packumentCache full:https://registry.npmjs.org/gopd set size:undefined disposed:false
4615 silly placeDep ROOT es-define-property@1.0.1 OK for: get-intrinsic@1.3.0 want: ^1.0.1
4616 silly placeDep ROOT es-object-atoms@1.1.1 OK for: get-intrinsic@1.3.0 want: ^1.1.1
4617 silly placeDep ROOT gopd@1.2.0 OK for: get-intrinsic@1.3.0 want: ^1.2.0
4618 silly placeDep ROOT has-symbols@1.1.0 OK for: get-intrinsic@1.3.0 want: ^1.1.0
4619 silly placeDep ROOT math-intrinsics@1.1.0 OK for: get-intrinsic@1.3.0 want: ^1.1.0
4620 silly placeDep ROOT dunder-proto@1.0.1 OK for: get-proto@1.0.1 want: ^1.0.1
4621 silly placeDep ROOT tsscmp@1.0.6 OK for: keygrip@1.1.0 want: 1.0.6
4622 silly placeDep ROOT co@4.6.0 OK for: koa-convert@2.0.0 want: ^4.6.0
4623 silly placeDep node_modules/koa-static debug@3.2.7 OK for: koa-static@5.0.0 want: ^3.1.0
4624 silly placeDep ROOT koa-send@5.0.1 OK for: koa-static@5.0.0 want: ^5.0.0
4625 silly fetch manifest http-errors@^1.7.3
4626 silly packumentCache full:https://registry.npmjs.org/http-errors cache-hit
4627 silly fetch manifest resolve-path@^1.4.0
4628 silly packumentCache full:https://registry.npmjs.org/resolve-path cache-miss
4629 http fetch GET 200 https://registry.npmjs.org/resolve-path 215ms (cache miss)
4630 silly packumentCache full:https://registry.npmjs.org/resolve-path set size:undefined disposed:false
4631 silly placeDep node_modules/koa-send http-errors@1.8.1 OK for: koa-send@5.0.1 want: ^1.7.3
4632 silly placeDep ROOT resolve-path@1.4.0 OK for: koa-send@5.0.1 want: ^1.4.0
4633 silly fetch manifest http-errors@~1.6.2
4634 silly packumentCache full:https://registry.npmjs.org/http-errors cache-hit
4635 silly fetch manifest path-is-absolute@1.0.1
4636 silly packumentCache full:https://registry.npmjs.org/path-is-absolute cache-miss
4637 http fetch GET 200 https://registry.npmjs.org/path-is-absolute 44ms (cache miss)
4638 silly packumentCache full:https://registry.npmjs.org/path-is-absolute set size:undefined disposed:false
4639 silly placeDep ROOT chalk@4.1.2 OK for: replace-in-file@6.3.5 want: ^4.1.2
4640 silly placeDep node_modules/replace-in-file glob@7.2.3 OK for: replace-in-file@6.3.5 want: ^7.2.0
4641 silly placeDep node_modules/replace-in-file yargs@17.7.2 OK for: replace-in-file@6.3.5 want: ^17.2.1
4642 silly fetch manifest ansi-styles@^4.1.0
4643 silly packumentCache full:https://registry.npmjs.org/ansi-styles cache-miss
4644 silly fetch manifest supports-color@^7.1.0
4645 silly packumentCache full:https://registry.npmjs.org/supports-color cache-miss
4646 silly fetch manifest once@^1.3.0
4647 silly packumentCache full:https://registry.npmjs.org/once cache-miss
4648 silly fetch manifest inflight@^1.0.4
4649 silly packumentCache full:https://registry.npmjs.org/inflight cache-miss
4650 silly fetch manifest minimatch@^3.1.1
4651 silly packumentCache full:https://registry.npmjs.org/minimatch cache-hit
4652 silly fetch manifest fs.realpath@^1.0.0
4653 silly packumentCache full:https://registry.npmjs.org/fs.realpath cache-miss
4654 silly fetch manifest path-is-absolute@^1.0.0
4655 silly packumentCache full:https://registry.npmjs.org/path-is-absolute cache-miss
4656 silly fetch manifest cliui@^8.0.1
4657 silly packumentCache full:https://registry.npmjs.org/cliui cache-miss
4658 http cache https://registry.npmjs.org/path-is-absolute 6ms (cache hit)
4659 silly packumentCache full:https://registry.npmjs.org/path-is-absolute set size:8253 disposed:false
4660 silly fetch manifest string-width@^4.2.3
4661 silly packumentCache full:https://registry.npmjs.org/string-width cache-miss
4662 http cache https://registry.npmjs.org/cliui 4ms (cache hit)
4663 silly packumentCache full:https://registry.npmjs.org/cliui set size:69089 disposed:false
4664 silly fetch manifest yargs-parser@^21.1.1
4665 silly packumentCache full:https://registry.npmjs.org/yargs-parser cache-miss
4666 http cache https://registry.npmjs.org/string-width 4ms (cache hit)
4667 silly packumentCache full:https://registry.npmjs.org/string-width set size:70381 disposed:false
4668 silly fetch manifest require-directory@^2.1.1
4669 silly packumentCache full:https://registry.npmjs.org/require-directory cache-miss
4670 http cache https://registry.npmjs.org/yargs-parser 4ms (cache hit)
4671 silly packumentCache full:https://registry.npmjs.org/yargs-parser set size:238630 disposed:false
4672 http fetch GET 200 https://registry.npmjs.org/ansi-styles 43ms (cache miss)
4673 silly packumentCache full:https://registry.npmjs.org/ansi-styles set size:undefined disposed:false
4674 http fetch GET 200 https://registry.npmjs.org/inflight 43ms (cache miss)
4675 silly packumentCache full:https://registry.npmjs.org/inflight set size:undefined disposed:false
4676 http fetch GET 200 https://registry.npmjs.org/once 44ms (cache miss)
4677 silly packumentCache full:https://registry.npmjs.org/once set size:undefined disposed:false
4678 http fetch GET 200 https://registry.npmjs.org/fs.realpath 49ms (cache miss)
4679 silly packumentCache full:https://registry.npmjs.org/fs.realpath set size:undefined disposed:false
4680 http fetch GET 200 https://registry.npmjs.org/require-directory 38ms (cache miss)
4681 silly packumentCache full:https://registry.npmjs.org/require-directory set size:undefined disposed:false
4682 http fetch GET 200 https://registry.npmjs.org/supports-color 49ms (cache miss)
4683 silly packumentCache full:https://registry.npmjs.org/supports-color set size:undefined disposed:false
4684 silly placeDep ROOT ansi-styles@4.3.0 OK for: chalk@4.1.2 want: ^4.1.0
4685 silly placeDep ROOT supports-color@7.2.0 OK for: chalk@4.1.2 want: ^7.1.0
4686 silly fetch manifest color-convert@^2.0.1
4687 silly packumentCache full:https://registry.npmjs.org/color-convert cache-miss
4688 silly fetch manifest has-flag@^4.0.0
4689 silly packumentCache full:https://registry.npmjs.org/has-flag cache-miss
4690 http fetch GET 200 https://registry.npmjs.org/color-convert 39ms (cache miss)
4691 silly packumentCache full:https://registry.npmjs.org/color-convert set size:undefined disposed:false
4692 http fetch GET 200 https://registry.npmjs.org/has-flag 41ms (cache miss)
4693 silly packumentCache full:https://registry.npmjs.org/has-flag set size:undefined disposed:false
4694 silly placeDep ROOT color-convert@2.0.1 OK for: ansi-styles@4.3.0 want: ^2.0.1
4695 silly fetch manifest color-name@~1.1.4
4696 silly packumentCache full:https://registry.npmjs.org/color-name cache-miss
4697 http fetch GET 200 https://registry.npmjs.org/color-name 38ms (cache miss)
4698 silly packumentCache full:https://registry.npmjs.org/color-name set size:undefined disposed:false
4699 silly placeDep ROOT color-name@1.1.4 OK for: color-convert@2.0.1 want: ~1.1.4
4700 silly placeDep node_modules/resolve-path http-errors@1.6.3 OK for: resolve-path@1.4.0 want: ~1.6.2
4701 silly placeDep ROOT path-is-absolute@1.0.1 OK for: resolve-path@1.4.0 want: 1.0.1
4702 silly fetch manifest inherits@2.0.3
4703 silly packumentCache full:https://registry.npmjs.org/inherits cache-hit
4704 silly fetch manifest statuses@>= 1.4.0 < 2
4705 silly packumentCache full:https://registry.npmjs.org/statuses cache-hit
4706 silly fetch manifest setprototypeof@1.1.0
4707 silly packumentCache full:https://registry.npmjs.org/setprototypeof cache-miss
4708 http cache https://registry.npmjs.org/setprototypeof 1ms (cache hit)
4709 silly packumentCache full:https://registry.npmjs.org/setprototypeof set size:14532 disposed:false
4710 silly placeDep ROOT is-regex@1.2.1 OK for: safe-regex-test@1.1.0 want: ^1.2.1
4711 silly placeDep ROOT has-flag@4.0.0 OK for: supports-color@7.2.0 want: ^4.0.0
4712 silly placeDep ROOT @alloc/quick-lru@5.2.0 OK for: tailwindcss@3.4.19 want: ^5.2.0
4713 silly placeDep ROOT arg@5.0.2 OK for: tailwindcss@3.4.19 want: ^5.0.2
4714 silly placeDep node_modules/tailwindcss chokidar@3.6.0 OK for: tailwindcss@3.4.19 want: ^3.6.0
4715 silly placeDep ROOT didyoumean@1.2.2 OK for: tailwindcss@3.4.19 want: ^1.2.2
4716 silly placeDep ROOT dlv@1.1.3 OK for: tailwindcss@3.4.19 want: ^1.1.3
4717 silly placeDep node_modules/tailwindcss glob-parent@6.0.2 OK for: tailwindcss@3.4.19 want: ^6.0.2
4718 silly placeDep node_modules/tailwindcss jiti@1.21.7 OK for: tailwindcss@3.4.19 want: ^1.21.7
4719 silly placeDep ROOT object-hash@3.0.0 OK for: tailwindcss@3.4.19 want: ^3.0.0
4720 silly placeDep ROOT postcss-import@15.1.0 OK for: tailwindcss@3.4.19 want: ^15.1.0
4721 silly placeDep ROOT postcss-js@4.1.0 OK for: tailwindcss@3.4.19 want: ^4.0.1
4722 silly placeDep ROOT postcss-load-config@6.0.1 OK for: tailwindcss@3.4.19 want: ^4.0.2 || ^5.0 || ^6.0
4723 silly placeDep ROOT postcss-nested@6.2.0 OK for: tailwindcss@3.4.19 want: ^6.2.0
4724 silly placeDep node_modules/tailwindcss postcss-selector-parser@6.1.2 OK for: tailwindcss@3.4.19 want: ^6.1.2
4725 silly placeDep ROOT sucrase@3.35.1 OK for: tailwindcss@3.4.19 want: ^3.35.0
4726 silly fetch manifest anymatch@~3.1.2
4727 silly packumentCache full:https://registry.npmjs.org/anymatch cache-miss
4728 silly fetch manifest readdirp@~3.6.0
4729 silly packumentCache full:https://registry.npmjs.org/readdirp cache-miss
4730 silly fetch manifest is-binary-path@~2.1.0
4731 silly packumentCache full:https://registry.npmjs.org/is-binary-path cache-miss
4732 silly fetch manifest read-cache@^1.0.0
4733 silly packumentCache full:https://registry.npmjs.org/read-cache cache-miss
4734 silly fetch manifest camelcase-css@^2.0.1
4735 silly packumentCache full:https://registry.npmjs.org/camelcase-css cache-miss
4736 silly fetch manifest postcss-selector-parser@^6.1.1
4737 silly packumentCache full:https://registry.npmjs.org/postcss-selector-parser cache-hit
4738 silly fetch manifest commander@^4.0.0
4739 silly packumentCache full:https://registry.npmjs.org/commander cache-hit
4740 silly fetch manifest lines-and-columns@^1.1.6
4741 silly packumentCache full:https://registry.npmjs.org/lines-and-columns cache-miss
4742 silly fetch manifest mz@^2.7.0
4743 silly packumentCache full:https://registry.npmjs.org/mz cache-miss
4744 http cache https://registry.npmjs.org/anymatch 5ms (cache hit)
4745 silly packumentCache full:https://registry.npmjs.org/anymatch set size:42974 disposed:false
4746 silly fetch manifest pirates@^4.0.1
4747 silly packumentCache full:https://registry.npmjs.org/pirates cache-miss
4748 http cache https://registry.npmjs.org/readdirp 5ms (cache hit)
4749 silly packumentCache full:https://registry.npmjs.org/readdirp set size:107589 disposed:false
4750 silly fetch manifest ts-interface-checker@^0.1.9
4751 silly packumentCache full:https://registry.npmjs.org/ts-interface-checker cache-miss
4752 http fetch GET 200 https://registry.npmjs.org/is-binary-path 39ms (cache miss)
4753 silly packumentCache full:https://registry.npmjs.org/is-binary-path set size:undefined disposed:false
4754 http fetch GET 200 https://registry.npmjs.org/mz 41ms (cache miss)
4755 silly packumentCache full:https://registry.npmjs.org/mz set size:undefined disposed:false
4756 http fetch GET 200 https://registry.npmjs.org/lines-and-columns 41ms (cache miss)
4757 silly packumentCache full:https://registry.npmjs.org/lines-and-columns set size:undefined disposed:false
4758 http fetch GET 200 https://registry.npmjs.org/read-cache 49ms (cache miss)
4759 silly packumentCache full:https://registry.npmjs.org/read-cache set size:undefined disposed:false
4760 http fetch GET 200 https://registry.npmjs.org/pirates 44ms (cache miss)
4761 silly packumentCache full:https://registry.npmjs.org/pirates set size:undefined disposed:false
4762 http fetch GET 200 https://registry.npmjs.org/ts-interface-checker 43ms (cache miss)
4763 silly packumentCache full:https://registry.npmjs.org/ts-interface-checker set size:undefined disposed:false
4764 http fetch GET 200 https://registry.npmjs.org/camelcase-css 49ms (cache miss)
4765 silly packumentCache full:https://registry.npmjs.org/camelcase-css set size:undefined disposed:false
4766 silly placeDep ROOT read-cache@1.0.0 OK for: postcss-import@15.1.0 want: ^1.0.0
4767 silly fetch manifest pify@^2.3.0
4768 silly packumentCache full:https://registry.npmjs.org/pify cache-miss
4769 http fetch GET 200 https://registry.npmjs.org/pify 40ms (cache miss)
4770 silly packumentCache full:https://registry.npmjs.org/pify set size:undefined disposed:false
4771 silly placeDep ROOT camelcase-css@2.0.1 OK for: postcss-js@4.1.0 want: ^2.0.1
4772 silly placeDep node_modules/postcss-nested postcss-selector-parser@6.1.2 OK for: postcss-nested@6.2.0 want: ^6.1.1
4773 silly placeDep ROOT pify@2.3.0 OK for: read-cache@1.0.0 want: ^2.3.0
4774 silly placeDep node_modules/sucrase commander@4.1.1 OK for: sucrase@3.35.1 want: ^4.0.0
4775 silly placeDep ROOT lines-and-columns@1.2.4 OK for: sucrase@3.35.1 want: ^1.1.6
4776 silly placeDep ROOT mz@2.7.0 OK for: sucrase@3.35.1 want: ^2.7.0
4777 silly placeDep ROOT pirates@4.0.7 OK for: sucrase@3.35.1 want: ^4.0.1
4778 silly placeDep ROOT ts-interface-checker@0.1.13 OK for: sucrase@3.35.1 want: ^0.1.9
4779 silly fetch manifest any-promise@^1.0.0
4780 silly packumentCache full:https://registry.npmjs.org/any-promise cache-miss
4781 silly fetch manifest object-assign@^4.0.1
4782 silly packumentCache full:https://registry.npmjs.org/object-assign cache-miss
4783 silly fetch manifest thenify-all@^1.0.0
4784 silly packumentCache full:https://registry.npmjs.org/thenify-all cache-miss
4785 http fetch GET 200 https://registry.npmjs.org/any-promise 38ms (cache miss)
4786 silly packumentCache full:https://registry.npmjs.org/any-promise set size:undefined disposed:false
4787 http fetch GET 200 https://registry.npmjs.org/object-assign 39ms (cache miss)
4788 silly packumentCache full:https://registry.npmjs.org/object-assign set size:undefined disposed:false
4789 http fetch GET 200 https://registry.npmjs.org/thenify-all 38ms (cache miss)
4790 silly packumentCache full:https://registry.npmjs.org/thenify-all set size:undefined disposed:false
4791 silly placeDep ROOT any-promise@1.3.0 OK for: mz@2.7.0 want: ^1.0.0
4792 silly placeDep ROOT object-assign@4.1.1 OK for: mz@2.7.0 want: ^4.0.1
4793 silly placeDep ROOT thenify-all@1.6.0 OK for: mz@2.7.0 want: ^1.0.0
4794 silly fetch manifest thenify@>= 3.1.0 < 4
4795 silly packumentCache full:https://registry.npmjs.org/thenify cache-miss
4796 http fetch GET 200 https://registry.npmjs.org/thenify 37ms (cache miss)
4797 silly packumentCache full:https://registry.npmjs.org/thenify set size:undefined disposed:false
4798 silly placeDep ROOT @isaacs/fs-minipass@4.0.1 OK for: tar@7.5.15 want: ^4.0.0
4799 silly placeDep ROOT chownr@3.0.0 OK for: tar@7.5.15 want: ^3.0.0
4800 silly placeDep ROOT minizlib@3.1.0 OK for: tar@7.5.15 want: ^3.1.0
4801 silly placeDep node_modules/tar yallist@5.0.0 OK for: tar@7.5.15 want: ^5.0.0
4802 silly fetch manifest react-native-b4a@*
4803 silly packumentCache full:https://registry.npmjs.org/react-native-b4a cache-miss
4804 http fetch GET 200 https://registry.npmjs.org/react-native-b4a 41ms (cache miss)
4805 silly packumentCache full:https://registry.npmjs.org/react-native-b4a set size:undefined disposed:false
4806 silly fetch manifest bare-buffer@*
4807 silly packumentCache full:https://registry.npmjs.org/bare-buffer cache-miss
4808 http fetch GET 200 https://registry.npmjs.org/bare-buffer 46ms (cache miss)
4809 silly packumentCache full:https://registry.npmjs.org/bare-buffer set size:undefined disposed:false
4810 silly placeDep ROOT b4a@1.8.1 OK for: tar-stream@3.2.0 want: ^1.6.4
4811 silly placeDep ROOT bare-fs@4.7.1 OK for: tar-stream@3.2.0 want: ^4.5.5
4812 silly placeDep ROOT fast-fifo@1.3.2 OK for: tar-stream@3.2.0 want: ^1.2.0
4813 silly placeDep ROOT streamx@2.25.0 OK for: tar-stream@3.2.0 want: ^2.15.0
4814 silly fetch manifest bare-events@^2.5.4
4815 silly packumentCache full:https://registry.npmjs.org/bare-events cache-miss
4816 silly fetch manifest bare-path@^3.0.0
4817 silly packumentCache full:https://registry.npmjs.org/bare-path cache-miss
4818 silly fetch manifest bare-stream@^2.6.4
4819 silly packumentCache full:https://registry.npmjs.org/bare-stream cache-miss
4820 silly fetch manifest bare-url@^2.2.2
4821 silly packumentCache full:https://registry.npmjs.org/bare-url cache-miss
4822 silly fetch manifest fast-fifo@^1.3.2
4823 silly packumentCache full:https://registry.npmjs.org/fast-fifo cache-miss
4824 silly fetch manifest events-universal@^1.0.0
4825 silly packumentCache full:https://registry.npmjs.org/events-universal cache-miss
4826 silly fetch manifest text-decoder@^1.1.0
4827 silly packumentCache full:https://registry.npmjs.org/text-decoder cache-miss
4828 http cache https://registry.npmjs.org/fast-fifo 6ms (cache hit)
4829 silly packumentCache full:https://registry.npmjs.org/fast-fifo set size:13855 disposed:false
4830 http fetch GET 200 https://registry.npmjs.org/events-universal 45ms (cache miss)
4831 silly packumentCache full:https://registry.npmjs.org/events-universal set size:undefined disposed:false
4832 http fetch GET 200 https://registry.npmjs.org/bare-events 45ms (cache miss)
4833 silly packumentCache full:https://registry.npmjs.org/bare-events set size:undefined disposed:false
4834 http fetch GET 200 https://registry.npmjs.org/bare-path 46ms (cache miss)
4835 silly packumentCache full:https://registry.npmjs.org/bare-path set size:undefined disposed:false
4836 http fetch GET 200 https://registry.npmjs.org/text-decoder 48ms (cache miss)
4837 silly packumentCache full:https://registry.npmjs.org/text-decoder set size:undefined disposed:false
4838 http fetch GET 200 https://registry.npmjs.org/bare-stream 48ms (cache miss)
4839 silly packumentCache full:https://registry.npmjs.org/bare-stream set size:undefined disposed:false
4840 http fetch GET 200 https://registry.npmjs.org/bare-url 49ms (cache miss)
4841 silly packumentCache full:https://registry.npmjs.org/bare-url set size:undefined disposed:false
4842 silly fetch manifest bare-abort-controller@*
4843 silly packumentCache full:https://registry.npmjs.org/bare-abort-controller cache-miss
4844 http fetch GET 200 https://registry.npmjs.org/bare-abort-controller 41ms (cache miss)
4845 silly packumentCache full:https://registry.npmjs.org/bare-abort-controller set size:undefined disposed:false
4846 silly placeDep ROOT bare-events@2.8.2 OK for: bare-fs@4.7.1 want: ^2.5.4
4847 silly placeDep ROOT bare-path@3.0.0 OK for: bare-fs@4.7.1 want: ^3.0.0
4848 silly placeDep ROOT bare-stream@2.13.1 OK for: bare-fs@4.7.1 want: ^2.6.4
4849 silly placeDep ROOT bare-url@2.4.3 OK for: bare-fs@4.7.1 want: ^2.2.2
4850 silly fetch manifest bare-os@^3.0.1
4851 silly packumentCache full:https://registry.npmjs.org/bare-os cache-miss
4852 silly fetch manifest teex@^1.0.1
4853 silly packumentCache full:https://registry.npmjs.org/teex cache-miss
4854 http fetch GET 200 https://registry.npmjs.org/bare-os 41ms (cache miss)
4855 silly packumentCache full:https://registry.npmjs.org/bare-os set size:undefined disposed:false
4856 http fetch GET 200 https://registry.npmjs.org/teex 42ms (cache miss)
4857 silly packumentCache full:https://registry.npmjs.org/teex set size:undefined disposed:false
4858 silly placeDep ROOT bare-os@3.9.1 OK for: bare-path@3.0.0 want: ^3.0.1
4859 silly placeDep ROOT teex@1.0.1 OK for: bare-stream@2.13.1 want: ^1.0.1
4860 silly placeDep ROOT events-universal@1.0.1 OK for: streamx@2.25.0 want: ^1.0.0
4861 silly placeDep ROOT text-decoder@1.2.7 OK for: streamx@2.25.0 want: ^1.1.0
4862 silly placeDep ROOT @jridgewell/source-map@0.3.11 OK for: terser@5.47.1 want: ^0.3.3
4863 silly placeDep node_modules/terser commander@2.20.3 OK for: terser@5.47.1 want: ^2.20.0
4864 silly placeDep ROOT source-map-support@0.5.21 OK for: terser@5.47.1 want: ~0.5.20
4865 silly fetch manifest buffer-from@^1.0.0
4866 silly packumentCache full:https://registry.npmjs.org/buffer-from cache-miss
4867 silly fetch manifest source-map@^0.6.0
4868 silly packumentCache full:https://registry.npmjs.org/source-map cache-hit
4869 http fetch GET 200 https://registry.npmjs.org/buffer-from 39ms (cache miss)
4870 silly packumentCache full:https://registry.npmjs.org/buffer-from set size:undefined disposed:false
4871 silly placeDep ROOT buffer-from@1.1.2 OK for: source-map-support@0.5.21 want: ^1.0.0
4872 silly placeDep node_modules/source-map-support source-map@0.6.1 OK for: source-map-support@0.5.21 want: ^0.6.0
4873 silly placeDep ROOT thenify@3.3.1 OK for: thenify-all@1.6.0 want: >= 3.1.0 < 4
4874 silly placeDep ROOT is-number@7.0.0 OK for: to-regex-range@5.0.1 want: ^7.0.0
4875 silly placeDep ROOT tagged-tag@1.0.0 OK for: type-fest@5.6.0 want: ^1.0.0
4876 silly placeDep ROOT media-typer@0.3.0 OK for: type-is@1.6.18 want: 0.3.0
4877 silly placeDep node_modules/type-is mime-types@2.1.35 OK for: type-is@1.6.18 want: ~2.1.24
4878 silly placeDep node_modules/unhead hookable@6.1.1 OK for: unhead@2.1.15 want: ^6.0.1
4879 silly placeDep ROOT pako@0.2.9 OK for: unicode-trie@2.0.0 want: ^0.2.5
4880 silly placeDep ROOT strip-literal@3.1.0 OK for: unimport@6.2.0 want: ^3.1.0
4881 silly placeDep node_modules/unimport unplugin@3.0.0 OK for: unimport@6.2.0 want: ^3.0.0
4882 silly fetch manifest js-tokens@^9.0.1
4883 silly packumentCache full:https://registry.npmjs.org/js-tokens cache-miss
4884 http cache https://registry.npmjs.org/js-tokens 1ms (cache hit)
4885 silly packumentCache full:https://registry.npmjs.org/js-tokens set size:41947 disposed:false
4886 silly placeDep node_modules/strip-literal js-tokens@9.0.1 OK for: strip-literal@3.1.0 want: ^9.0.1
4887 silly placeDep ROOT webpack-virtual-modules@0.6.2 OK for: unplugin@2.3.11 want: ^0.6.2
4888 silly fetch manifest vue@^2.7.0 || ^3.2.25
4889 silly packumentCache full:https://registry.npmjs.org/vue cache-miss
4890 http cache https://registry.npmjs.org/vue 4ms (cache hit)
4891 silly packumentCache full:https://registry.npmjs.org/vue set size:2032433 disposed:false
4892 silly placeDep ROOT @vue-macros/common@3.1.2 OK for: unplugin-vue-router@0.19.2 want: ^3.1.1
4893 silly placeDep ROOT @vue/language-core@3.2.8 OK for: unplugin-vue-router@0.19.2 want: ^3.2.1
4894 silly placeDep ROOT ast-walker-scope@0.8.3 OK for: unplugin-vue-router@0.19.2 want: ^0.8.3
4895 silly placeDep ROOT muggle-string@0.4.1 OK for: unplugin-vue-router@0.19.2 want: ^0.4.1
4896 silly placeDep ROOT yaml@2.8.4 OK for: unplugin-vue-router@0.19.2 want: ^2.8.2
4897 silly fetch manifest ast-kit@^2.1.2
4898 silly packumentCache full:https://registry.npmjs.org/ast-kit cache-miss
4899 silly fetch manifest magic-string-ast@^1.0.2
4900 silly packumentCache full:https://registry.npmjs.org/magic-string-ast cache-miss
4901 silly fetch manifest @volar/language-core@2.4.28
4902 silly packumentCache full:https://registry.npmjs.org/@volar%2flanguage-core cache-miss
4903 silly fetch manifest alien-signals@^3.1.2
4904 silly packumentCache full:https://registry.npmjs.org/alien-signals cache-miss
4905 silly fetch manifest path-browserify@^1.0.1
4906 silly packumentCache full:https://registry.npmjs.org/path-browserify cache-miss
4907 silly fetch manifest ast-kit@^2.1.3
4908 silly packumentCache full:https://registry.npmjs.org/ast-kit cache-miss
4909 http fetch GET 200 https://registry.npmjs.org/path-browserify 46ms (cache miss)
4910 silly packumentCache full:https://registry.npmjs.org/path-browserify set size:undefined disposed:false
4911 http fetch GET 200 https://registry.npmjs.org/alien-signals 48ms (cache miss)
4912 silly packumentCache full:https://registry.npmjs.org/alien-signals set size:undefined disposed:false
4913 http fetch GET 200 https://registry.npmjs.org/@volar%2flanguage-core 78ms (cache miss)
4914 silly packumentCache full:https://registry.npmjs.org/@volar%2flanguage-core set size:undefined disposed:false
4915 http fetch GET 200 https://registry.npmjs.org/magic-string-ast 243ms (cache miss)
4916 silly packumentCache full:https://registry.npmjs.org/magic-string-ast set size:undefined disposed:false
4917 http fetch GET 200 https://registry.npmjs.org/ast-kit 255ms (cache miss)
4918 silly packumentCache full:https://registry.npmjs.org/ast-kit set size:undefined disposed:false
4919 http fetch GET 200 https://registry.npmjs.org/ast-kit 260ms (cache miss)
4920 silly packumentCache full:https://registry.npmjs.org/ast-kit set size:undefined disposed:false
4921 silly placeDep ROOT ast-kit@2.2.0 OK for: @vue-macros/common@3.1.2 want: ^2.1.2
4922 silly placeDep ROOT magic-string-ast@1.0.3 OK for: @vue-macros/common@3.1.2 want: ^1.0.2
4923 silly placeDep ROOT @volar/language-core@2.4.28 OK for: @vue/language-core@3.2.8 want: 2.4.28
4924 silly placeDep ROOT alien-signals@3.1.2 OK for: @vue/language-core@3.2.8 want: ^3.1.2
4925 silly placeDep ROOT path-browserify@1.0.1 OK for: @vue/language-core@3.2.8 want: ^1.0.1
4926 silly fetch manifest @volar/source-map@2.4.28
4927 silly packumentCache full:https://registry.npmjs.org/@volar%2fsource-map cache-miss
4928 http fetch GET 200 https://registry.npmjs.org/@volar%2fsource-map 83ms (cache miss)
4929 silly packumentCache full:https://registry.npmjs.org/@volar%2fsource-map set size:undefined disposed:false
4930 silly placeDep ROOT @volar/source-map@2.4.28 OK for: @volar/language-core@2.4.28 want: 2.4.28
4931 silly placeDep ROOT anymatch@3.1.3 OK for: unstorage@1.17.5 want: ^3.1.3
4932 silly placeDep node_modules/unstorage lru-cache@11.3.6 OK for: unstorage@1.17.5 want: ^11.2.7
4933 silly fetch manifest picomatch@^2.0.4
4934 silly packumentCache full:https://registry.npmjs.org/picomatch cache-hit
4935 silly placeDep node_modules/anymatch picomatch@2.3.2 OK for: anymatch@3.1.3 want: ^2.0.4
4936 silly placeDep node_modules/untun citty@0.1.6 OK for: untun@0.1.3 want: ^0.1.5
4937 silly placeDep node_modules/untun pathe@1.1.2 OK for: untun@0.1.3 want: ^1.1.1
4938 silly placeDep node_modules/untyped citty@0.1.6 OK for: untyped@2.0.0 want: ^0.1.6
4939 silly placeDep ROOT escalade@3.2.0 OK for: update-browserslist-db@1.2.3 want: ^3.2.0
4940 silly placeDep node_modules/vite esbuild@0.27.7 OK for: vite@7.3.3 want: ^0.27.0
4941 silly fetch manifest @esbuild/aix-ppc64@0.27.7
4942 silly packumentCache full:https://registry.npmjs.org/@esbuild%2faix-ppc64 cache-hit
4943 silly fetch manifest @esbuild/linux-arm@0.27.7
4944 silly packumentCache full:https://registry.npmjs.org/@esbuild%2flinux-arm cache-hit
4945 silly fetch manifest @esbuild/linux-x64@0.27.7
4946 silly packumentCache full:https://registry.npmjs.org/@esbuild%2flinux-x64 cache-hit
4947 silly fetch manifest @esbuild/sunos-x64@0.27.7
4948 silly packumentCache full:https://registry.npmjs.org/@esbuild%2fsunos-x64 cache-hit
4949 silly fetch manifest @esbuild/win32-x64@0.27.7
4950 silly packumentCache full:https://registry.npmjs.org/@esbuild%2fwin32-x64 cache-hit
4951 silly fetch manifest @esbuild/darwin-x64@0.27.7
4952 silly packumentCache full:https://registry.npmjs.org/@esbuild%2fdarwin-x64 cache-hit
4953 silly fetch manifest @esbuild/linux-ia32@0.27.7
4954 silly packumentCache full:https://registry.npmjs.org/@esbuild%2flinux-ia32 cache-hit
4955 silly fetch manifest @esbuild/netbsd-x64@0.27.7
4956 silly packumentCache full:https://registry.npmjs.org/@esbuild%2fnetbsd-x64 cache-hit
4957 silly fetch manifest @esbuild/win32-ia32@0.27.7
4958 silly packumentCache full:https://registry.npmjs.org/@esbuild%2fwin32-ia32 cache-hit
4959 silly fetch manifest @esbuild/android-arm@0.27.7
4960 silly packumentCache full:https://registry.npmjs.org/@esbuild%2fandroid-arm cache-hit
4961 silly fetch manifest @esbuild/android-x64@0.27.7
4962 silly packumentCache full:https://registry.npmjs.org/@esbuild%2fandroid-x64 cache-hit
4963 silly fetch manifest @esbuild/freebsd-x64@0.27.7
4964 silly packumentCache full:https://registry.npmjs.org/@esbuild%2ffreebsd-x64 cache-hit
4965 silly fetch manifest @esbuild/linux-arm64@0.27.7
4966 silly packumentCache full:https://registry.npmjs.org/@esbuild%2flinux-arm64 cache-hit
4967 silly fetch manifest @esbuild/linux-ppc64@0.27.7
4968 silly packumentCache full:https://registry.npmjs.org/@esbuild%2flinux-ppc64 cache-hit
4969 silly fetch manifest @esbuild/linux-s390x@0.27.7
4970 silly packumentCache full:https://registry.npmjs.org/@esbuild%2flinux-s390x cache-hit
4971 silly fetch manifest @esbuild/openbsd-x64@0.27.7
4972 silly packumentCache full:https://registry.npmjs.org/@esbuild%2fopenbsd-x64 cache-hit
4973 silly fetch manifest @esbuild/win32-arm64@0.27.7
4974 silly packumentCache full:https://registry.npmjs.org/@esbuild%2fwin32-arm64 cache-hit
4975 silly fetch manifest @esbuild/darwin-arm64@0.27.7
4976 silly packumentCache full:https://registry.npmjs.org/@esbuild%2fdarwin-arm64 cache-hit
4977 silly fetch manifest @esbuild/netbsd-arm64@0.27.7
4978 silly packumentCache full:https://registry.npmjs.org/@esbuild%2fnetbsd-arm64 cache-hit
4979 silly fetch manifest @esbuild/android-arm64@0.27.7
4980 silly packumentCache full:https://registry.npmjs.org/@esbuild%2fandroid-arm64 cache-hit
4981 silly fetch manifest @esbuild/freebsd-arm64@0.27.7
4982 silly packumentCache full:https://registry.npmjs.org/@esbuild%2ffreebsd-arm64 cache-hit
4983 silly fetch manifest @esbuild/linux-loong64@0.27.7
4984 silly packumentCache full:https://registry.npmjs.org/@esbuild%2flinux-loong64 cache-hit
4985 silly fetch manifest @esbuild/linux-riscv64@0.27.7
4986 silly packumentCache full:https://registry.npmjs.org/@esbuild%2flinux-riscv64 cache-hit
4987 silly fetch manifest @esbuild/openbsd-arm64@0.27.7
4988 silly packumentCache full:https://registry.npmjs.org/@esbuild%2fopenbsd-arm64 cache-hit
4989 silly fetch manifest @esbuild/linux-mips64el@0.27.7
4990 silly packumentCache full:https://registry.npmjs.org/@esbuild%2flinux-mips64el cache-hit
4991 silly fetch manifest @esbuild/openharmony-arm64@0.27.7
4992 silly packumentCache full:https://registry.npmjs.org/@esbuild%2fopenharmony-arm64 cache-hit
4993 silly placeDep ROOT cac@6.7.14 OK for: vite-node@5.3.0 want: ^6.7.14
4994 silly placeDep ROOT obug@2.1.1 OK for: vite-node@5.3.0 want: ^2.1.1
4995 silly placeDep node_modules/vite-plugin-checker chokidar@4.0.3 OK for: vite-plugin-checker@0.13.0 want: ^4.0.3
4996 silly placeDep node_modules/vite-plugin-checker npm-run-path@6.0.0 OK for: vite-plugin-checker@0.13.0 want: ^6.0.0
4997 silly placeDep ROOT proper-lockfile@4.1.2 OK for: vite-plugin-checker@0.13.0 want: ^4.1.2
4998 silly placeDep ROOT tiny-invariant@1.3.3 OK for: vite-plugin-checker@0.13.0 want: ^1.3.3
4999 silly placeDep ROOT vscode-uri@3.1.0 OK for: vite-plugin-checker@0.13.0 want: ^3.1.0
5000 silly fetch manifest readdirp@^4.0.1
5001 silly packumentCache full:https://registry.npmjs.org/readdirp cache-hit
5002 silly fetch manifest unicorn-magic@^0.3.0
5003 silly packumentCache full:https://registry.npmjs.org/unicorn-magic cache-miss
5004 silly fetch manifest retry@^0.12.0
5005 silly packumentCache full:https://registry.npmjs.org/retry cache-miss
5006 silly fetch manifest signal-exit@^3.0.2
5007 silly packumentCache full:https://registry.npmjs.org/signal-exit cache-miss
5008 http cache https://registry.npmjs.org/unicorn-magic 3ms (cache hit)
5009 silly packumentCache full:https://registry.npmjs.org/unicorn-magic set size:9139 disposed:false
5010 http cache https://registry.npmjs.org/signal-exit 3ms (cache hit)
5011 silly packumentCache full:https://registry.npmjs.org/signal-exit set size:53489 disposed:false
5012 http fetch GET 200 https://registry.npmjs.org/retry 39ms (cache miss)
5013 silly packumentCache full:https://registry.npmjs.org/retry set size:undefined disposed:false
5014 silly placeDep ROOT retry@0.12.0 OK for: proper-lockfile@4.1.2 want: ^0.12.0
5015 silly placeDep node_modules/proper-lockfile signal-exit@3.0.7 OK for: proper-lockfile@4.1.2 want: ^3.0.2
5016 silly placeDep ROOT ansis@4.2.0 OK for: vite-plugin-inspect@11.3.3 want: ^4.1.0
5017 silly placeDep node_modules/vite-plugin-inspect open@10.2.0 OK for: vite-plugin-inspect@11.3.3 want: ^10.2.0
5018 silly placeDep ROOT vite-dev-rpc@1.1.0 OK for: vite-plugin-inspect@11.3.3 want: ^1.1.0
5019 silly fetch manifest wsl-utils@^0.1.0
5020 silly packumentCache full:https://registry.npmjs.org/wsl-utils cache-miss
5021 silly fetch manifest birpc@^2.4.0
5022 silly packumentCache full:https://registry.npmjs.org/birpc cache-hit
5023 silly fetch manifest vite-hot-client@^2.1.0
5024 silly packumentCache full:https://registry.npmjs.org/vite-hot-client cache-miss
5025 http cache https://registry.npmjs.org/wsl-utils 2ms (cache hit)
5026 silly packumentCache full:https://registry.npmjs.org/wsl-utils set size:15127 disposed:false
5027 http fetch GET 200 https://registry.npmjs.org/vite-hot-client 509ms (cache miss)
5028 silly packumentCache full:https://registry.npmjs.org/vite-hot-client set size:undefined disposed:false
5029 silly fetch manifest vite@^2.9.0 || ^3.0.0-0 || ^4.0.0-0 || ^5.0.0-0 || ^6.0.1 || ^7.0.0-0
5030 silly packumentCache full:https://registry.npmjs.org/vite cache-miss
5031 http cache https://registry.npmjs.org/vite 53ms (cache hit)
5032 silly packumentCache full:https://registry.npmjs.org/vite set size:38827474 disposed:false
5033 silly placeDep node_modules/vite-dev-rpc birpc@2.9.0 OK for: vite-dev-rpc@1.1.0 want: ^2.4.0
5034 silly placeDep ROOT vite-hot-client@2.2.0 OK for: vite-dev-rpc@1.1.0 want: ^2.1.0
5035 silly fetch manifest vue@3.5.34
5036 silly packumentCache full:https://registry.npmjs.org/vue cache-miss
5037 http cache https://registry.npmjs.org/vue 2ms (cache hit)
5038 silly packumentCache full:https://registry.npmjs.org/vue set size:2032433 disposed:false
5039 silly placeDep ROOT @vue/runtime-dom@3.5.34 OK for: vue@3.5.34 want: 3.5.34
5040 silly placeDep ROOT @vue/server-renderer@3.5.34 OK for: vue@3.5.34 want: 3.5.34
5041 silly fetch manifest csstype@^3.2.3
5042 silly packumentCache full:https://registry.npmjs.org/csstype cache-miss
5043 silly fetch manifest @vue/reactivity@3.5.34
5044 silly packumentCache full:https://registry.npmjs.org/@vue%2freactivity cache-miss
5045 silly fetch manifest @vue/runtime-core@3.5.34
5046 silly packumentCache full:https://registry.npmjs.org/@vue%2fruntime-core cache-miss
5047 http fetch GET 200 https://registry.npmjs.org/csstype 51ms (cache miss)
5048 silly packumentCache full:https://registry.npmjs.org/csstype set size:undefined disposed:false
5049 http fetch GET 200 https://registry.npmjs.org/@vue%2freactivity 64ms (cache miss)
5050 silly packumentCache full:https://registry.npmjs.org/@vue%2freactivity set size:undefined disposed:false
5051 http fetch GET 200 https://registry.npmjs.org/@vue%2fruntime-core 67ms (cache miss)
5052 silly packumentCache full:https://registry.npmjs.org/@vue%2fruntime-core set size:undefined disposed:false
5053 silly placeDep ROOT @vue/reactivity@3.5.34 OK for: @vue/runtime-dom@3.5.34 want: 3.5.34
5054 silly placeDep ROOT @vue/runtime-core@3.5.34 OK for: @vue/runtime-dom@3.5.34 want: 3.5.34
5055 silly placeDep ROOT csstype@3.2.3 OK for: @vue/runtime-dom@3.5.34 want: ^3.2.3
5056 silly placeDep ROOT @vue/devtools-api@6.6.4 OK for: vue-router@4.6.4 want: ^6.6.4
5057 silly fetch manifest typescript@>=5.0.0
5058 silly packumentCache full:https://registry.npmjs.org/typescript cache-miss
5059 http cache https://registry.npmjs.org/typescript 17ms (cache hit)
5060 silly packumentCache full:https://registry.npmjs.org/typescript set size:15409943 disposed:false
5061 silly placeDep ROOT @volar/typescript@2.4.15 OK for: vue-tsc@2.2.12 want: 2.4.15
5062 silly placeDep node_modules/vue-tsc @vue/language-core@2.2.12 OK for: vue-tsc@2.2.12 want: 2.2.12
5063 silly fetch manifest @volar/language-core@2.4.15
5064 silly packumentCache full:https://registry.npmjs.org/@volar%2flanguage-core cache-miss
5065 silly fetch manifest minimatch@^9.0.3
5066 silly packumentCache full:https://registry.npmjs.org/minimatch cache-hit
5067 silly fetch manifest alien-signals@^1.0.3
5068 silly packumentCache full:https://registry.npmjs.org/alien-signals cache-miss
5069 silly fetch manifest @vue/compiler-vue2@^2.7.16
5070 silly packumentCache full:https://registry.npmjs.org/@vue%2fcompiler-vue2 cache-miss
5071 silly fetch manifest @volar/language-core@2.4.15
5072 silly packumentCache full:https://registry.npmjs.org/@volar%2flanguage-core cache-miss
5073 http cache https://registry.npmjs.org/alien-signals 3ms (cache hit)
5074 silly packumentCache full:https://registry.npmjs.org/alien-signals set size:183262 disposed:false
5075 http cache https://registry.npmjs.org/@volar%2flanguage-core 4ms (cache hit)
5076 silly packumentCache full:https://registry.npmjs.org/@volar%2flanguage-core set size:443157 disposed:false
5077 http cache https://registry.npmjs.org/@volar%2flanguage-core 5ms (cache hit)
5078 silly packumentCache full:https://registry.npmjs.org/@volar%2flanguage-core set size:443157 disposed:false
5079 silly packumentCache full:https://registry.npmjs.org/@volar%2flanguage-core dispose
5080 http fetch GET 200 https://registry.npmjs.org/@vue%2fcompiler-vue2 59ms (cache miss)
5081 silly packumentCache full:https://registry.npmjs.org/@vue%2fcompiler-vue2 set size:undefined disposed:false
5082 silly placeDep node_modules/@volar/typescript @volar/language-core@2.4.15 OK for: @volar/typescript@2.4.15 want: 2.4.15
5083 silly fetch manifest @volar/source-map@2.4.15
5084 silly packumentCache full:https://registry.npmjs.org/@volar%2fsource-map cache-miss
5085 http cache https://registry.npmjs.org/@volar%2fsource-map 1ms (cache hit)
5086 silly packumentCache full:https://registry.npmjs.org/@volar%2fsource-map set size:790040 disposed:false
5087 silly placeDep ROOT tr46@0.0.3 OK for: whatwg-url@5.0.0 want: ~0.0.3
5088 silly placeDep ROOT webidl-conversions@3.0.1 OK for: whatwg-url@5.0.0 want: ^3.0.0
5089 silly placeDep ROOT isexe@2.0.0 OK for: which@2.0.2 want: ^2.0.0
5090 silly placeDep ROOT is-wsl@3.1.1 OK for: wsl-utils@0.3.1 want: ^3.1.0
5091 silly placeDep ROOT cliui@9.0.1 OK for: yargs@18.0.0 want: ^9.0.1
5092 silly placeDep ROOT get-caller-file@2.0.5 OK for: yargs@18.0.0 want: ^2.0.5
5093 silly placeDep ROOT string-width@7.2.0 OK for: yargs@18.0.0 want: ^7.2.0
5094 silly placeDep ROOT y18n@5.0.8 OK for: yargs@18.0.0 want: ^5.0.5
5095 silly placeDep ROOT yargs-parser@22.0.0 OK for: yargs@18.0.0 want: ^22.0.0
5096 silly fetch manifest strip-ansi@^7.1.0
5097 silly packumentCache full:https://registry.npmjs.org/strip-ansi cache-miss
5098 silly fetch manifest wrap-ansi@^9.0.0
5099 silly packumentCache full:https://registry.npmjs.org/wrap-ansi cache-miss
5100 silly fetch manifest strip-ansi@^7.1.0
5101 silly packumentCache full:https://registry.npmjs.org/strip-ansi cache-miss
5102 silly fetch manifest emoji-regex@^10.3.0
5103 silly packumentCache full:https://registry.npmjs.org/emoji-regex cache-miss
5104 silly fetch manifest get-east-asian-width@^1.0.0
5105 silly packumentCache full:https://registry.npmjs.org/get-east-asian-width cache-miss
5106 http fetch GET 200 https://registry.npmjs.org/strip-ansi 39ms (cache miss)
5107 silly packumentCache full:https://registry.npmjs.org/strip-ansi set size:undefined disposed:false
5108 http fetch GET 200 https://registry.npmjs.org/wrap-ansi 40ms (cache miss)
5109 silly packumentCache full:https://registry.npmjs.org/wrap-ansi set size:undefined disposed:false
5110 http fetch GET 200 https://registry.npmjs.org/get-east-asian-width 41ms (cache miss)
5111 silly packumentCache full:https://registry.npmjs.org/get-east-asian-width set size:undefined disposed:false
5112 http fetch GET 200 https://registry.npmjs.org/emoji-regex 41ms (cache miss)
5113 silly packumentCache full:https://registry.npmjs.org/emoji-regex set size:undefined disposed:false
5114 http fetch GET 200 https://registry.npmjs.org/strip-ansi 47ms (cache miss)
5115 silly packumentCache full:https://registry.npmjs.org/strip-ansi set size:undefined disposed:false
5116 silly placeDep ROOT strip-ansi@7.2.0 OK for: cliui@9.0.1 want: ^7.1.0
5117 silly placeDep ROOT wrap-ansi@9.0.2 OK for: cliui@9.0.1 want: ^9.0.0
5118 silly fetch manifest ansi-regex@^6.2.2
5119 silly packumentCache full:https://registry.npmjs.org/ansi-regex cache-miss
5120 silly fetch manifest ansi-styles@^6.2.1
5121 silly packumentCache full:https://registry.npmjs.org/ansi-styles cache-miss
5122 http cache https://registry.npmjs.org/ansi-styles 1ms (cache hit)
5123 silly packumentCache full:https://registry.npmjs.org/ansi-styles set size:63233 disposed:false
5124 http fetch GET 200 https://registry.npmjs.org/ansi-regex 37ms (cache miss)
5125 silly packumentCache full:https://registry.npmjs.org/ansi-regex set size:undefined disposed:false
5126 silly placeDep ROOT emoji-regex@10.6.0 OK for: string-width@7.2.0 want: ^10.3.0
5127 silly placeDep ROOT get-east-asian-width@1.6.0 OK for: string-width@7.2.0 want: ^1.0.0
5128 silly placeDep ROOT ansi-regex@6.2.2 OK for: strip-ansi@7.2.0 want: ^6.2.2
5129 silly placeDep node_modules/wrap-ansi ansi-styles@6.2.3 OK for: wrap-ansi@9.0.2 want: ^6.2.1
5130 silly placeDep ROOT @poppinss/colors@4.1.6 OK for: youch@4.1.1 want: ^4.1.6
5131 silly placeDep ROOT @poppinss/dumper@0.7.0 OK for: youch@4.1.1 want: ^0.7.0
5132 silly placeDep ROOT @speed-highlight/core@1.2.15 OK for: youch@4.1.1 want: ^1.2.14
5133 silly placeDep node_modules/youch cookie-es@3.1.1 OK for: youch@4.1.1 want: ^3.0.1
5134 silly fetch manifest kleur@^4.1.5
5135 silly packumentCache full:https://registry.npmjs.org/kleur cache-miss
5136 silly fetch manifest @sindresorhus/is@^7.0.2
5137 silly packumentCache full:https://registry.npmjs.org/@sindresorhus%2fis cache-miss
5138 silly fetch manifest supports-color@^10.0.0
5139 silly packumentCache full:https://registry.npmjs.org/supports-color cache-miss
5140 http cache https://registry.npmjs.org/supports-color 1ms (cache hit)
5141 silly packumentCache full:https://registry.npmjs.org/supports-color set size:118680 disposed:false
5142 http fetch GET 200 https://registry.npmjs.org/kleur 43ms (cache miss)
5143 silly packumentCache full:https://registry.npmjs.org/kleur set size:undefined disposed:false
5144 http fetch GET 200 https://registry.npmjs.org/@sindresorhus%2fis 51ms (cache miss)
5145 silly packumentCache full:https://registry.npmjs.org/@sindresorhus%2fis set size:undefined disposed:false
5146 silly placeDep ROOT kleur@4.1.5 OK for: @poppinss/colors@4.1.6 want: ^4.1.5
5147 silly placeDep ROOT @sindresorhus/is@7.2.0 OK for: @poppinss/dumper@0.7.0 want: ^7.0.2
5148 silly placeDep node_modules/@poppinss/dumper supports-color@10.2.2 OK for: @poppinss/dumper@0.7.0 want: ^10.0.0
5149 silly placeDep ROOT @poppinss/exception@1.2.3 OK for: youch-core@0.3.3 want: ^1.2.2
5150 silly placeDep ROOT compress-commons@6.0.2 OK for: zip-stream@6.0.1 want: ^6.0.2
5151 silly fetch manifest crc-32@^1.2.0
5152 silly packumentCache full:https://registry.npmjs.org/crc-32 cache-miss
5153 silly fetch manifest crc32-stream@^6.0.0
5154 silly packumentCache full:https://registry.npmjs.org/crc32-stream cache-miss
5155 http fetch GET 200 https://registry.npmjs.org/crc-32 39ms (cache miss)
5156 silly packumentCache full:https://registry.npmjs.org/crc-32 set size:undefined disposed:false
5157 http fetch GET 200 https://registry.npmjs.org/crc32-stream 40ms (cache miss)
5158 silly packumentCache full:https://registry.npmjs.org/crc32-stream set size:undefined disposed:false
5159 silly placeDep ROOT crc-32@1.2.2 OK for: compress-commons@6.0.2 want: ^1.2.0
5160 silly placeDep ROOT crc32-stream@6.0.0 OK for: compress-commons@6.0.2 want: ^6.0.0
5161 silly placeDep node_modules/compress-commons is-stream@2.0.1 OK for: compress-commons@6.0.2 want: ^2.0.1
5162 silly placeDep node_modules/@nuxt/devtools isexe@4.0.0 OK for: which@6.0.1 want: ^4.0.0
5163 silly placeDep node_modules/@volar/typescript @volar/source-map@2.4.15 OK for: @volar/language-core@2.4.15 want: 2.4.15
5164 silly placeDep node_modules/accepts mime-db@1.52.0 OK for: mime-types@2.1.35 want: 1.52.0
5165 silly placeDep ROOT foreground-child@3.3.1 OK for: glob@10.5.0 want: ^3.1.0
5166 silly placeDep ROOT jackspeak@3.4.3 OK for: glob@10.5.0 want: ^3.1.2
5167 silly placeDep node_modules/archiver-utils minimatch@9.0.9 OK for: glob@10.5.0 want: ^9.0.4
5168 silly placeDep ROOT package-json-from-dist@1.0.1 OK for: glob@10.5.0 want: ^1.0.0
5169 silly placeDep node_modules/archiver-utils path-scurry@1.11.1 OK for: glob@10.5.0 want: ^1.11.1
5170 silly fetch manifest @isaacs/cliui@^8.0.2
5171 silly packumentCache full:https://registry.npmjs.org/@isaacs%2fcliui cache-miss
5172 silly fetch manifest @pkgjs/parseargs@^0.11.0
5173 silly packumentCache full:https://registry.npmjs.org/@pkgjs%2fparseargs cache-miss
5174 silly fetch manifest brace-expansion@^2.0.2
5175 silly packumentCache full:https://registry.npmjs.org/brace-expansion cache-hit
5176 silly fetch manifest lru-cache@^10.2.0
5177 silly packumentCache full:https://registry.npmjs.org/lru-cache cache-hit
5178 http fetch GET 200 https://registry.npmjs.org/@isaacs%2fcliui 51ms (cache miss)
5179 silly packumentCache full:https://registry.npmjs.org/@isaacs%2fcliui set size:undefined disposed:false
5180 http fetch GET 200 https://registry.npmjs.org/@pkgjs%2fparseargs 58ms (cache miss)
5181 silly packumentCache full:https://registry.npmjs.org/@pkgjs%2fparseargs set size:undefined disposed:false
5182 silly placeDep ROOT @isaacs/cliui@8.0.2 OK for: jackspeak@3.4.3 want: ^8.0.2
5183 silly placeDep ROOT @pkgjs/parseargs@0.11.0 OK for: jackspeak@3.4.3 want: ^0.11.0
5184 silly fetch manifest wrap-ansi@^8.1.0
5185 silly packumentCache full:https://registry.npmjs.org/wrap-ansi cache-miss
5186 silly fetch manifest string-width@^5.1.2
5187 silly packumentCache full:https://registry.npmjs.org/string-width cache-hit
5188 silly fetch manifest wrap-ansi-cjs@npm:wrap-ansi@^7.0.0
5189 silly packumentCache full:https://registry.npmjs.org/wrap-ansi cache-miss
5190 silly fetch manifest strip-ansi-cjs@npm:strip-ansi@^6.0.1
5191 silly packumentCache full:https://registry.npmjs.org/strip-ansi cache-miss
5192 silly fetch manifest string-width-cjs@npm:string-width@^4.2.0
5193 silly packumentCache full:https://registry.npmjs.org/string-width cache-hit
5194 http cache https://registry.npmjs.org/strip-ansi 3ms (cache hit)
5195 silly packumentCache full:https://registry.npmjs.org/strip-ansi set size:44998 disposed:false
5196 http cache https://registry.npmjs.org/wrap-ansi 4ms (cache hit)
5197 silly packumentCache full:https://registry.npmjs.org/wrap-ansi set size:55299 disposed:false
5198 http cache https://registry.npmjs.org/wrap-ansi 3ms (cache hit)
5199 silly packumentCache full:https://registry.npmjs.org/wrap-ansi set size:55299 disposed:false
5200 silly packumentCache full:https://registry.npmjs.org/wrap-ansi dispose
5201 silly placeDep node_modules/@isaacs/cliui string-width@5.1.2 OK for: @isaacs/cliui@8.0.2 want: ^5.1.2
5202 silly placeDep ROOT string-width-cjs@4.2.3 OK for: @isaacs/cliui@8.0.2 want: npm:string-width@^4.2.0
5203 silly placeDep ROOT strip-ansi-cjs@6.0.1 OK for: @isaacs/cliui@8.0.2 want: npm:strip-ansi@^6.0.1
5204 silly placeDep node_modules/@isaacs/cliui wrap-ansi@8.1.0 OK for: @isaacs/cliui@8.0.2 want: ^8.1.0
5205 silly placeDep ROOT wrap-ansi-cjs@7.0.0 OK for: @isaacs/cliui@8.0.2 want: npm:wrap-ansi@^7.0.0
5206 silly fetch manifest emoji-regex@^9.2.2
5207 silly packumentCache full:https://registry.npmjs.org/emoji-regex cache-miss
5208 silly fetch manifest eastasianwidth@^0.2.0
5209 silly packumentCache full:https://registry.npmjs.org/eastasianwidth cache-miss
5210 silly fetch manifest strip-ansi@^6.0.1
5211 silly packumentCache full:https://registry.npmjs.org/strip-ansi cache-hit
5212 silly fetch manifest emoji-regex@^8.0.0
5213 silly packumentCache full:https://registry.npmjs.org/emoji-regex cache-miss
5214 silly fetch manifest is-fullwidth-code-point@^3.0.0
5215 silly packumentCache full:https://registry.npmjs.org/is-fullwidth-code-point cache-miss
5216 silly fetch manifest ansi-regex@^5.0.1
5217 silly packumentCache full:https://registry.npmjs.org/ansi-regex cache-miss
5218 silly fetch manifest ansi-styles@^6.1.0
5219 silly packumentCache full:https://registry.npmjs.org/ansi-styles cache-hit
5220 silly fetch manifest strip-ansi@^6.0.0
5221 silly packumentCache full:https://registry.npmjs.org/strip-ansi cache-hit
5222 silly fetch manifest string-width@^4.1.0
5223 silly packumentCache full:https://registry.npmjs.org/string-width cache-hit
5224 http cache https://registry.npmjs.org/ansi-regex 2ms (cache hit)
5225 silly packumentCache full:https://registry.npmjs.org/ansi-regex set size:43572 disposed:false
5226 http cache https://registry.npmjs.org/emoji-regex 3ms (cache hit)
5227 silly packumentCache full:https://registry.npmjs.org/emoji-regex set size:89064 disposed:false
5228 http cache https://registry.npmjs.org/emoji-regex 3ms (cache hit)
5229 silly packumentCache full:https://registry.npmjs.org/emoji-regex set size:89064 disposed:false
5230 silly packumentCache full:https://registry.npmjs.org/emoji-regex dispose
5231 http fetch GET 200 https://registry.npmjs.org/eastasianwidth 41ms (cache miss)
5232 silly packumentCache full:https://registry.npmjs.org/eastasianwidth set size:undefined disposed:false
5233 http fetch GET 200 https://registry.npmjs.org/is-fullwidth-code-point 42ms (cache miss)
5234 silly packumentCache full:https://registry.npmjs.org/is-fullwidth-code-point set size:undefined disposed:false
5235 silly placeDep node_modules/string-width-cjs emoji-regex@8.0.0 OK for: string-width@4.2.3 want: ^8.0.0
5236 silly placeDep ROOT is-fullwidth-code-point@3.0.0 OK for: string-width@4.2.3 want: ^3.0.0
5237 silly placeDep node_modules/string-width-cjs strip-ansi@6.0.1 OK for: string-width@4.2.3 want: ^6.0.1
5238 silly placeDep node_modules/strip-ansi-cjs ansi-regex@5.0.1 OK for: strip-ansi@6.0.1 want: ^5.0.1
5239 silly placeDep node_modules/wrap-ansi-cjs string-width@4.2.3 OK for: wrap-ansi@7.0.0 want: ^4.1.0
5240 silly placeDep node_modules/wrap-ansi-cjs strip-ansi@6.0.1 OK for: wrap-ansi@7.0.0 want: ^6.0.0
5241 silly placeDep ROOT eastasianwidth@0.2.0 OK for: string-width@5.1.2 want: ^0.2.0
5242 silly placeDep node_modules/@isaacs/cliui emoji-regex@9.2.2 OK for: string-width@5.1.2 want: ^9.2.2
5243 silly placeDep node_modules/@isaacs/cliui ansi-styles@6.2.3 OK for: wrap-ansi@8.1.0 want: ^6.1.0
5244 silly placeDep node_modules/archiver-utils brace-expansion@2.1.0 OK for: minimatch@9.0.9 want: ^2.0.2
5245 silly fetch manifest balanced-match@^1.0.0
5246 silly packumentCache full:https://registry.npmjs.org/balanced-match cache-miss
5247 http cache https://registry.npmjs.org/balanced-match 2ms (cache hit)
5248 silly packumentCache full:https://registry.npmjs.org/balanced-match set size:39082 disposed:false
5249 silly placeDep node_modules/archiver-utils balanced-match@1.0.2 OK for: brace-expansion@2.1.0 want: ^1.0.0
5250 silly placeDep node_modules/archiver-utils lru-cache@10.4.3 OK for: path-scurry@1.11.1 want: ^10.2.0
5251 silly placeDep node_modules/cache-content-type mime-db@1.52.0 OK for: mime-types@2.1.35 want: 1.52.0
5252 silly placeDep node_modules/csso mdn-data@2.0.28 OK for: css-tree@2.2.1 want: 2.0.28
5253 silly placeDep node_modules/http-assert depd@1.1.2 OK for: http-errors@1.8.1 want: ~1.1.2
5254 silly placeDep node_modules/http-assert statuses@1.5.0 OK for: http-errors@1.8.1 want: >= 1.5.0 < 2
5255 silly placeDep node_modules/koa-send depd@1.1.2 OK for: http-errors@1.8.1 want: ~1.1.2
5256 silly placeDep node_modules/koa-send statuses@1.5.0 OK for: http-errors@1.8.1 want: >= 1.5.0 < 2
5257 silly placeDep node_modules/koa/node_modules/http-errors depd@1.1.2 OK for: http-errors@1.8.1 want: ~1.1.2
5258 silly placeDep ROOT core-util-is@1.0.3 OK for: readable-stream@2.3.8 want: ~1.0.0
5259 silly placeDep ROOT isarray@1.0.0 OK for: readable-stream@2.3.8 want: ~1.0.0
5260 silly placeDep ROOT process-nextick-args@2.0.1 OK for: readable-stream@2.3.8 want: ~2.0.0
5261 silly placeDep node_modules/lazystream safe-buffer@5.1.2 OK for: readable-stream@2.3.8 want: ~5.1.1
5262 silly placeDep node_modules/lazystream string_decoder@1.1.1 OK for: readable-stream@2.3.8 want: ~1.1.1
5263 silly placeDep node_modules/mlly confbox@0.1.8 OK for: pkg-types@1.3.1 want: ^0.1.8
5264 silly placeDep node_modules/nitropack @esbuild/aix-ppc64@0.28.0 OK for: esbuild@0.28.0 want: 0.28.0
5265 silly placeDep node_modules/nitropack @esbuild/android-arm@0.28.0 OK for: esbuild@0.28.0 want: 0.28.0
5266 silly placeDep node_modules/nitropack @esbuild/android-arm64@0.28.0 OK for: esbuild@0.28.0 want: 0.28.0
5267 silly placeDep node_modules/nitropack @esbuild/android-x64@0.28.0 OK for: esbuild@0.28.0 want: 0.28.0
5268 silly placeDep node_modules/nitropack @esbuild/darwin-arm64@0.28.0 OK for: esbuild@0.28.0 want: 0.28.0
5269 silly placeDep node_modules/nitropack @esbuild/darwin-x64@0.28.0 OK for: esbuild@0.28.0 want: 0.28.0
5270 silly placeDep node_modules/nitropack @esbuild/freebsd-arm64@0.28.0 OK for: esbuild@0.28.0 want: 0.28.0
5271 silly placeDep node_modules/nitropack @esbuild/freebsd-x64@0.28.0 OK for: esbuild@0.28.0 want: 0.28.0
5272 silly placeDep node_modules/nitropack @esbuild/linux-arm@0.28.0 OK for: esbuild@0.28.0 want: 0.28.0
5273 silly placeDep node_modules/nitropack @esbuild/linux-arm64@0.28.0 OK for: esbuild@0.28.0 want: 0.28.0
5274 silly placeDep node_modules/nitropack @esbuild/linux-ia32@0.28.0 OK for: esbuild@0.28.0 want: 0.28.0
5275 silly placeDep node_modules/nitropack @esbuild/linux-loong64@0.28.0 OK for: esbuild@0.28.0 want: 0.28.0
5276 silly placeDep node_modules/nitropack @esbuild/linux-mips64el@0.28.0 OK for: esbuild@0.28.0 want: 0.28.0
5277 silly placeDep node_modules/nitropack @esbuild/linux-ppc64@0.28.0 OK for: esbuild@0.28.0 want: 0.28.0
5278 silly placeDep node_modules/nitropack @esbuild/linux-riscv64@0.28.0 OK for: esbuild@0.28.0 want: 0.28.0
5279 silly placeDep node_modules/nitropack @esbuild/linux-s390x@0.28.0 OK for: esbuild@0.28.0 want: 0.28.0
5280 silly placeDep node_modules/nitropack @esbuild/linux-x64@0.28.0 OK for: esbuild@0.28.0 want: 0.28.0
5281 silly placeDep node_modules/nitropack @esbuild/netbsd-arm64@0.28.0 OK for: esbuild@0.28.0 want: 0.28.0
5282 silly placeDep node_modules/nitropack @esbuild/netbsd-x64@0.28.0 OK for: esbuild@0.28.0 want: 0.28.0
5283 silly placeDep node_modules/nitropack @esbuild/openbsd-arm64@0.28.0 OK for: esbuild@0.28.0 want: 0.28.0
5284 silly placeDep node_modules/nitropack @esbuild/openbsd-x64@0.28.0 OK for: esbuild@0.28.0 want: 0.28.0
5285 silly placeDep node_modules/nitropack @esbuild/openharmony-arm64@0.28.0 OK for: esbuild@0.28.0 want: 0.28.0
5286 silly placeDep node_modules/nitropack @esbuild/sunos-x64@0.28.0 OK for: esbuild@0.28.0 want: 0.28.0
5287 silly placeDep node_modules/nitropack @esbuild/win32-arm64@0.28.0 OK for: esbuild@0.28.0 want: 0.28.0
5288 silly placeDep node_modules/nitropack @esbuild/win32-ia32@0.28.0 OK for: esbuild@0.28.0 want: 0.28.0
5289 silly placeDep node_modules/nitropack @esbuild/win32-x64@0.28.0 OK for: esbuild@0.28.0 want: 0.28.0
5290 silly placeDep node_modules/readdir-glob brace-expansion@2.1.0 OK for: minimatch@5.1.9 want: ^2.0.1
5291 silly placeDep node_modules/readdir-glob balanced-match@1.0.2 OK for: brace-expansion@2.1.0 want: ^1.0.0
5292 silly placeDep ROOT fs.realpath@1.0.0 OK for: glob@7.2.3 want: ^1.0.0
5293 silly placeDep ROOT inflight@1.0.6 OK for: glob@7.2.3 want: ^1.0.4
5294 silly placeDep node_modules/replace-in-file minimatch@3.1.5 OK for: glob@7.2.3 want: ^3.1.1
5295 silly placeDep ROOT once@1.4.0 OK for: glob@7.2.3 want: ^1.3.0
5296 silly fetch manifest wrappy@1
5297 silly packumentCache full:https://registry.npmjs.org/wrappy cache-miss
5298 silly fetch manifest brace-expansion@^1.1.7
5299 silly packumentCache full:https://registry.npmjs.org/brace-expansion cache-hit
5300 silly fetch manifest wrappy@1
5301 silly packumentCache full:https://registry.npmjs.org/wrappy cache-miss
5302 http fetch GET 200 https://registry.npmjs.org/wrappy 37ms (cache miss)
5303 silly packumentCache full:https://registry.npmjs.org/wrappy set size:undefined disposed:false
5304 http fetch GET 200 https://registry.npmjs.org/wrappy 36ms (cache miss)
5305 silly packumentCache full:https://registry.npmjs.org/wrappy set size:undefined disposed:false
5306 silly placeDep ROOT wrappy@1.0.2 OK for: inflight@1.0.6 want: 1
5307 silly placeDep node_modules/replace-in-file brace-expansion@1.1.14 OK for: minimatch@3.1.5 want: ^1.1.7
5308 silly fetch manifest concat-map@0.0.1
5309 silly packumentCache full:https://registry.npmjs.org/concat-map cache-miss
5310 http fetch GET 200 https://registry.npmjs.org/concat-map 37ms (cache miss)
5311 silly packumentCache full:https://registry.npmjs.org/concat-map set size:undefined disposed:false
5312 silly placeDep node_modules/replace-in-file balanced-match@1.0.2 OK for: brace-expansion@1.1.14 want: ^1.0.0
5313 silly placeDep ROOT concat-map@0.0.1 OK for: brace-expansion@1.1.14 want: 0.0.1
5314 silly placeDep node_modules/replace-in-file cliui@8.0.1 OK for: yargs@17.7.2 want: ^8.0.1
5315 silly placeDep ROOT require-directory@2.1.1 OK for: yargs@17.7.2 want: ^2.1.1
5316 silly placeDep node_modules/replace-in-file string-width@4.2.3 OK for: yargs@17.7.2 want: ^4.2.3
5317 silly placeDep node_modules/replace-in-file yargs-parser@21.1.1 OK for: yargs@17.7.2 want: ^21.1.1
5318 silly fetch manifest wrap-ansi@^7.0.0
5319 silly packumentCache full:https://registry.npmjs.org/wrap-ansi cache-hit
5320 silly fetch manifest string-width@^4.2.0
5321 silly packumentCache full:https://registry.npmjs.org/string-width cache-hit
5322 silly placeDep node_modules/replace-in-file strip-ansi@6.0.1 OK for: cliui@8.0.1 want: ^6.0.1
5323 silly placeDep node_modules/replace-in-file wrap-ansi@7.0.0 OK for: cliui@8.0.1 want: ^7.0.0
5324 silly placeDep node_modules/replace-in-file emoji-regex@8.0.0 OK for: string-width@4.2.3 want: ^8.0.0
5325 silly placeDep node_modules/replace-in-file ansi-regex@5.0.1 OK for: strip-ansi@6.0.1 want: ^5.0.1
5326 silly placeDep node_modules/resolve-path depd@1.1.2 OK for: http-errors@1.6.3 want: ~1.1.2
5327 silly placeDep node_modules/resolve-path inherits@2.0.3 OK for: http-errors@1.6.3 want: 2.0.3
5328 silly placeDep node_modules/resolve-path setprototypeof@1.1.0 OK for: http-errors@1.6.3 want: 1.1.0
5329 silly placeDep node_modules/resolve-path statuses@1.5.0 OK for: http-errors@1.6.3 want: >= 1.4.0 < 2
5330 silly placeDep node_modules/string-width-cjs ansi-regex@5.0.1 OK for: strip-ansi@6.0.1 want: ^5.0.1
5331 silly placeDep node_modules/tailwind-config-viewer is-docker@2.2.1 OK for: open@7.4.2 want: ^2.0.0
5332 silly placeDep node_modules/tailwind-config-viewer is-wsl@2.2.0 OK for: open@7.4.2 want: ^2.1.1
5333 silly fetch manifest glob-parent@~5.1.2
5334 silly packumentCache full:https://registry.npmjs.org/glob-parent cache-hit
5335 silly placeDep node_modules/tailwindcss/node_modules/chokidar glob-parent@5.1.2 OK for: chokidar@3.6.0 want: ~5.1.2
5336 silly placeDep ROOT is-binary-path@2.1.0 OK for: chokidar@3.6.0 want: ~2.1.0
5337 silly placeDep node_modules/tailwindcss readdirp@3.6.0 OK for: chokidar@3.6.0 want: ~3.6.0
5338 silly fetch manifest binary-extensions@^2.0.0
5339 silly packumentCache full:https://registry.npmjs.org/binary-extensions cache-miss
5340 silly fetch manifest picomatch@^2.2.1
5341 silly packumentCache full:https://registry.npmjs.org/picomatch cache-hit
5342 http fetch GET 200 https://registry.npmjs.org/binary-extensions 38ms (cache miss)
5343 silly packumentCache full:https://registry.npmjs.org/binary-extensions set size:undefined disposed:false
5344 silly placeDep ROOT binary-extensions@2.3.0 OK for: is-binary-path@2.1.0 want: ^2.0.0
5345 silly placeDep node_modules/tailwindcss picomatch@2.3.2 OK for: readdirp@3.6.0 want: ^2.2.1
5346 silly placeDep node_modules/type-is mime-db@1.52.0 OK for: mime-types@2.1.35 want: 1.52.0
5347 silly placeDep node_modules/vite-plugin-checker readdirp@4.1.2 OK for: chokidar@4.0.3 want: ^4.0.1
5348 silly placeDep node_modules/vite-plugin-checker path-key@4.0.0 OK for: npm-run-path@6.0.0 want: ^4.0.0
5349 silly placeDep node_modules/vite-plugin-checker unicorn-magic@0.3.0 OK for: npm-run-path@6.0.0 want: ^0.3.0
5350 silly placeDep node_modules/vite-plugin-inspect wsl-utils@0.1.0 OK for: open@10.2.0 want: ^0.1.0
5351 silly placeDep node_modules/vite @esbuild/aix-ppc64@0.27.7 OK for: esbuild@0.27.7 want: 0.27.7
5352 silly placeDep node_modules/vite @esbuild/android-arm@0.27.7 OK for: esbuild@0.27.7 want: 0.27.7
5353 silly placeDep node_modules/vite @esbuild/android-arm64@0.27.7 OK for: esbuild@0.27.7 want: 0.27.7
5354 silly placeDep node_modules/vite @esbuild/android-x64@0.27.7 OK for: esbuild@0.27.7 want: 0.27.7
5355 silly placeDep node_modules/vite @esbuild/darwin-arm64@0.27.7 OK for: esbuild@0.27.7 want: 0.27.7
5356 silly placeDep node_modules/vite @esbuild/darwin-x64@0.27.7 OK for: esbuild@0.27.7 want: 0.27.7
5357 silly placeDep node_modules/vite @esbuild/freebsd-arm64@0.27.7 OK for: esbuild@0.27.7 want: 0.27.7
5358 silly placeDep node_modules/vite @esbuild/freebsd-x64@0.27.7 OK for: esbuild@0.27.7 want: 0.27.7
5359 silly placeDep node_modules/vite @esbuild/linux-arm@0.27.7 OK for: esbuild@0.27.7 want: 0.27.7
5360 silly placeDep node_modules/vite @esbuild/linux-arm64@0.27.7 OK for: esbuild@0.27.7 want: 0.27.7
5361 silly placeDep node_modules/vite @esbuild/linux-ia32@0.27.7 OK for: esbuild@0.27.7 want: 0.27.7
5362 silly placeDep node_modules/vite @esbuild/linux-loong64@0.27.7 OK for: esbuild@0.27.7 want: 0.27.7
5363 silly placeDep node_modules/vite @esbuild/linux-mips64el@0.27.7 OK for: esbuild@0.27.7 want: 0.27.7
5364 silly placeDep node_modules/vite @esbuild/linux-ppc64@0.27.7 OK for: esbuild@0.27.7 want: 0.27.7
5365 silly placeDep node_modules/vite @esbuild/linux-riscv64@0.27.7 OK for: esbuild@0.27.7 want: 0.27.7
5366 silly placeDep node_modules/vite @esbuild/linux-s390x@0.27.7 OK for: esbuild@0.27.7 want: 0.27.7
5367 silly placeDep node_modules/vite @esbuild/linux-x64@0.27.7 OK for: esbuild@0.27.7 want: 0.27.7
5368 silly placeDep node_modules/vite @esbuild/netbsd-arm64@0.27.7 OK for: esbuild@0.27.7 want: 0.27.7
5369 silly placeDep node_modules/vite @esbuild/netbsd-x64@0.27.7 OK for: esbuild@0.27.7 want: 0.27.7
5370 silly placeDep node_modules/vite @esbuild/openbsd-arm64@0.27.7 OK for: esbuild@0.27.7 want: 0.27.7
5371 silly placeDep node_modules/vite @esbuild/openbsd-x64@0.27.7 OK for: esbuild@0.27.7 want: 0.27.7
5372 silly placeDep node_modules/vite @esbuild/openharmony-arm64@0.27.7 OK for: esbuild@0.27.7 want: 0.27.7
5373 silly placeDep node_modules/vite @esbuild/sunos-x64@0.27.7 OK for: esbuild@0.27.7 want: 0.27.7
5374 silly placeDep node_modules/vite @esbuild/win32-arm64@0.27.7 OK for: esbuild@0.27.7 want: 0.27.7
5375 silly placeDep node_modules/vite @esbuild/win32-ia32@0.27.7 OK for: esbuild@0.27.7 want: 0.27.7
5376 silly placeDep node_modules/vite @esbuild/win32-x64@0.27.7 OK for: esbuild@0.27.7 want: 0.27.7
5377 silly placeDep node_modules/vue-tsc @volar/language-core@2.4.15 OK for: @vue/language-core@2.2.12 want: 2.4.15
5378 silly placeDep ROOT @vue/compiler-vue2@2.7.16 OK for: @vue/language-core@2.2.12 want: ^2.7.16
5379 silly placeDep node_modules/vue-tsc alien-signals@1.0.13 OK for: @vue/language-core@2.2.12 want: ^1.0.3
5380 silly placeDep node_modules/vue-tsc minimatch@9.0.9 OK for: @vue/language-core@2.2.12 want: ^9.0.3
5381 silly fetch manifest he@^1.2.0
5382 silly packumentCache full:https://registry.npmjs.org/he cache-miss
5383 silly fetch manifest de-indent@^1.0.2
5384 silly packumentCache full:https://registry.npmjs.org/de-indent cache-miss
5385 http fetch GET 200 https://registry.npmjs.org/de-indent 38ms (cache miss)
5386 silly packumentCache full:https://registry.npmjs.org/de-indent set size:undefined disposed:false
5387 http fetch GET 200 https://registry.npmjs.org/he 50ms (cache miss)
5388 silly packumentCache full:https://registry.npmjs.org/he set size:undefined disposed:false
5389 silly placeDep ROOT de-indent@1.0.2 OK for: @vue/compiler-vue2@2.7.16 want: ^1.0.2
5390 silly placeDep ROOT he@1.2.0 OK for: @vue/compiler-vue2@2.7.16 want: ^1.2.0
5391 silly placeDep node_modules/vue-tsc @volar/source-map@2.4.15 OK for: @volar/language-core@2.4.15 want: 2.4.15
5392 silly placeDep node_modules/vue-tsc brace-expansion@2.1.0 OK for: minimatch@9.0.9 want: ^2.0.2
5393 silly placeDep node_modules/vue-tsc balanced-match@1.0.2 OK for: brace-expansion@2.1.0 want: ^1.0.0
5394 silly placeDep node_modules/wrap-ansi-cjs emoji-regex@8.0.0 OK for: string-width@4.2.3 want: ^8.0.0
5395 silly placeDep node_modules/wrap-ansi-cjs ansi-regex@5.0.1 OK for: strip-ansi@6.0.1 want: ^5.0.1
5396 silly reify moves {}
5397 http cache @parcel/watcher-wasm@https://registry.npmjs.org/@parcel/watcher-wasm/-/watcher-wasm-2.5.6.tgz 0ms (cache hit)
5398 silly tarball no local data for @parcel/watcher-wasm@https://registry.npmjs.org/@parcel/watcher-wasm/-/watcher-wasm-2.5.6.tgz. Extracting by manifest.
5399 http fetch GET 200 https://registry.npmjs.org/@parcel/watcher-wasm/-/watcher-wasm-2.5.6.tgz 275ms (cache miss)
5400 silly audit bulk request {
5400 silly audit   '@nuxt/fonts': [ '0.11.4' ],
5400 silly audit   '@nuxt/icon': [ '1.15.0' ],
5400 silly audit   '@nuxtjs/tailwindcss': [ '6.14.0' ],
5400 silly audit   nuxt: [ '3.21.4' ],
5400 silly audit   tailwindcss: [ '3.4.19' ],
5400 silly audit   typescript: [ '5.9.3' ],
5400 silly audit   vue: [ '3.5.34' ],
5400 silly audit   'vue-router': [ '4.6.4' ],
5400 silly audit   'vue-tsc': [ '2.2.12' ],
5400 silly audit   '@nuxt/devtools-kit': [ '2.7.0', '3.2.4' ],
5400 silly audit   '@nuxt/kit': [ '3.21.4', '4.4.4' ],
5400 silly audit   consola: [ '3.4.2' ],
5400 silly audit   'css-tree': [ '3.2.1', '2.2.1' ],
5400 silly audit   defu: [ '6.1.7' ],
5400 silly audit   esbuild: [ '0.25.12', '0.28.0', '0.27.7' ],
5400 silly audit   fontaine: [ '0.6.0' ],
5400 silly audit   h3: [ '1.15.11' ],
5400 silly audit   jiti: [ '2.7.0', '1.21.7' ],
5400 silly audit   'magic-regexp': [ '0.10.0' ],
5400 silly audit   'magic-string': [ '0.30.21' ],
5400 silly audit   'node-fetch-native': [ '1.6.7' ],
5400 silly audit   ohash: [ '2.0.11' ],
5400 silly audit   pathe: [ '2.0.3', '1.1.2' ],
5400 silly audit   sirv: [ '3.0.2' ],
5400 silly audit   tinyglobby: [ '0.2.16' ],
5400 silly audit   ufo: [ '1.6.4' ],
5400 silly audit   unifont: [ '0.4.1' ],
5400 silly audit   unplugin: [ '2.3.11', '3.0.0' ],
5400 silly audit   unstorage: [ '1.17.5' ],
5400 silly audit   execa: [ '8.0.1' ],
5400 silly audit   '@iconify/collections': [ '1.0.681' ],
5400 silly audit   '@iconify/types': [ '2.0.0' ],
5400 silly audit   '@iconify/utils': [ '2.3.0' ],
5400 silly audit   '@iconify/vue': [ '5.0.1' ],
5400 silly audit   'local-pkg': [ '1.1.2' ],
5400 silly audit   mlly: [ '1.8.2' ],
5400 silly audit   picomatch: [ '4.0.4', '2.3.2' ],
5400 silly audit   'std-env': [ '3.10.0', '4.1.0' ],
5400 silly audit   '@antfu/install-pkg': [ '1.1.0' ],
5400 silly audit   '@antfu/utils': [ '8.1.1' ],
5400 silly audit   debug: [ '4.4.3', '3.2.7' ],
5400 silly audit   globals: [ '15.15.0' ],
5400 silly audit   kolorist: [ '1.8.0' ],
5400 silly audit   'package-manager-detector': [ '1.6.0' ],
5400 silly audit   tinyexec: [ '1.1.2' ],
5400 silly audit   c12: [ '3.3.4' ],
5400 silly audit   destr: [ '2.0.5' ],
5400 silly audit   errx: [ '0.1.0' ],
5400 silly audit   exsolve: [ '1.0.8' ],
5400 silly audit   ignore: [ '7.0.5' ],
5400 silly audit   klona: [ '2.0.6' ],
5400 silly audit   knitwork: [ '1.3.0' ],
5400 silly audit   'pkg-types': [ '2.3.1', '1.3.1' ],
5400 silly audit   rc9: [ '3.0.1' ],
5400 silly audit   scule: [ '1.3.0' ],
5400 silly audit   semver: [ '7.8.0', '6.3.1' ],
5400 silly audit   unctx: [ '2.5.0' ],
5400 silly audit   untyped: [ '2.0.0' ],
5400 silly audit   autoprefixer: [ '10.5.0' ],
5400 silly audit   postcss: [ '8.5.14' ],
5400 silly audit   'postcss-nesting': [ '13.0.2' ],
5400 silly audit   'tailwind-config-viewer': [ '2.0.4' ],
5400 silly audit   browserslist: [ '4.28.2' ],
5400 silly audit   'caniuse-lite': [ '1.0.30001792' ],
5400 silly audit   'fraction.js': [ '5.3.4' ],
5400 silly audit   picocolors: [ '1.1.1' ],
5400 silly audit   'postcss-value-parser': [ '4.2.0' ],
5400 silly audit   'baseline-browser-mapping': [ '2.10.28' ],
5400 silly audit   'electron-to-chromium': [ '1.5.353' ],
5400 silly audit   'node-releases': [ '2.0.38' ],
5400 silly audit   'update-browserslist-db': [ '1.2.3' ],
5400 silly audit   chokidar: [ '5.0.0', '3.6.0', '4.0.3' ],
5400 silly audit   confbox: [ '0.2.4', '0.1.8' ],
5400 silly audit   dotenv: [ '17.4.2' ],
5400 silly audit   giget: [ '3.2.0' ],
5400 silly audit   'perfect-debounce': [ '2.1.0' ],
5400 silly audit   readdirp: [ '5.0.0', '3.6.0', '4.1.2' ],
5400 silly audit   'mdn-data': [ '2.27.1', '2.0.28' ],
5400 silly audit   'source-map-js': [ '1.2.1' ],
5400 silly audit   ms: [ '2.1.3' ],
5400 silly audit   '@esbuild/aix-ppc64': [ '0.25.12', '0.28.0', '0.27.7' ],
5400 silly audit   '@esbuild/android-arm': [ '0.25.12', '0.28.0', '0.27.7' ],
5400 silly audit   '@esbuild/android-arm64': [ '0.25.12', '0.28.0', '0.27.7' ],
5400 silly audit   '@esbuild/android-x64': [ '0.25.12', '0.28.0', '0.27.7' ],
5400 silly audit   '@esbuild/darwin-arm64': [ '0.25.12', '0.28.0', '0.27.7' ],
5400 silly audit   '@esbuild/darwin-x64': [ '0.25.12', '0.28.0', '0.27.7' ],
5400 silly audit   '@esbuild/freebsd-arm64': [ '0.25.12', '0.28.0', '0.27.7' ],
5400 silly audit   '@esbuild/freebsd-x64': [ '0.25.12', '0.28.0', '0.27.7' ],
5400 silly audit   '@esbuild/linux-arm': [ '0.25.12', '0.28.0', '0.27.7' ],
5400 silly audit   '@esbuild/linux-arm64': [ '0.25.12', '0.28.0', '0.27.7' ],
5400 silly audit   '@esbuild/linux-ia32': [ '0.25.12', '0.28.0', '0.27.7' ],
5400 silly audit   '@esbuild/linux-loong64': [ '0.25.12', '0.28.0', '0.27.7' ],
5400 silly audit   '@esbuild/linux-mips64el': [ '0.25.12', '0.28.0', '0.27.7' ],
5400 silly audit   '@esbuild/linux-ppc64': [ '0.25.12', '0.28.0', '0.27.7' ],
5400 silly audit   '@esbuild/linux-riscv64': [ '0.25.12', '0.28.0', '0.27.7' ],
5400 silly audit   '@esbuild/linux-s390x': [ '0.25.12', '0.28.0', '0.27.7' ],
5400 silly audit   '@esbuild/linux-x64': [ '0.25.12', '0.28.0', '0.27.7' ],
5400 silly audit   '@esbuild/netbsd-arm64': [ '0.25.12', '0.28.0', '0.27.7' ],
5400 silly audit   '@esbuild/netbsd-x64': [ '0.25.12', '0.28.0', '0.27.7' ],
5400 silly audit   '@esbuild/openbsd-arm64': [ '0.25.12', '0.28.0', '0.27.7' ],
5400 silly audit   '@esbuild/openbsd-x64': [ '0.25.12', '0.28.0', '0.27.7' ],
5400 silly audit   '@esbuild/openharmony-arm64': [ '0.25.12', '0.28.0', '0.27.7' ],
5400 silly audit   '@esbuild/sunos-x64': [ '0.25.12', '0.28.0', '0.27.7' ],
5400 silly audit   '@esbuild/win32-arm64': [ '0.25.12', '0.28.0', '0.27.7' ],
5400 silly audit   '@esbuild/win32-ia32': [ '0.25.12', '0.28.0', '0.27.7' ],
5400 silly audit   '@esbuild/win32-x64': [ '0.25.12', '0.28.0', '0.27.7' ],
5400 silly audit   'cross-spawn': [ '7.0.6' ],
5400 silly audit   'get-stream': [ '8.0.1' ],
5400 silly audit   'human-signals': [ '5.0.0' ],
5400 silly audit   'is-stream': [ '3.0.0', '2.0.1' ],
5400 silly audit   'merge-stream': [ '2.0.0' ],
5400 silly audit   'npm-run-path': [ '5.3.0', '6.0.0' ],
5400 silly audit   onetime: [ '6.0.0' ],
5400 silly audit   'signal-exit': [ '4.1.0', '3.0.7' ],
5400 silly audit   'strip-final-newline': [ '3.0.0' ],
5400 silly audit   'path-key': [ '3.1.1', '4.0.0' ],
5400 silly audit   'shebang-command': [ '2.0.0' ],
5400 silly audit   which: [ '2.0.2', '6.0.1' ],
5400 silly audit   '@capsizecss/metrics': [ '3.7.0' ],
5400 silly audit   '@capsizecss/unpack': [ '2.4.0' ],
5400 silly audit   'blob-to-buffer': [ '1.2.9' ],
5400 silly audit   'cross-fetch': [ '3.2.0' ],
5400 silly audit   fontkit: [ '2.0.4' ],
5400 silly audit   'node-fetch': [ '2.7.0' ],
5400 silly audit   '@swc/helpers': [ '0.5.21' ],
5400 silly audit   brotli: [ '1.3.3' ],
5400 silly audit   clone: [ '2.1.2' ],
5400 silly audit   dfa: [ '1.2.0' ],
5400 silly audit   'fast-deep-equal': [ '3.1.3' ],
5400 silly audit   restructure: [ '3.0.2' ],
5400 silly audit   'tiny-inflate': [ '1.0.3' ],
5400 silly audit   'unicode-properties': [ '1.4.1' ],
5400 silly audit   'unicode-trie': [ '2.0.0' ],
5400 silly audit   tslib: [ '2.8.1' ],
5400 silly audit   'base64-js': [ '1.5.1' ],
5400 silly audit   'cookie-es': [ '1.2.3', '2.0.1', '3.1.1' ],
5400 silly audit   crossws: [ '0.3.5' ],
5400 silly audit   'iron-webcrypto': [ '1.2.1' ],
5400 silly audit   'node-mock-http': [ '1.0.4' ],
5400 silly audit   radix3: [ '1.1.2' ],
5400 silly audit   uncrypto: [ '0.1.3' ],
5400 silly audit   quansync: [ '0.2.11' ],
5400 silly audit   'estree-walker': [ '3.0.3', '2.0.2' ],
5400 silly audit   'regexp-tree': [ '0.1.27' ],
5400 silly audit   'type-level-regexp': [ '0.1.17' ],
5400 silly audit   '@types/estree': [ '1.0.9', '1.0.8' ],
5400 silly audit   '@jridgewell/sourcemap-codec': [ '1.5.5' ],
5400 silly audit   acorn: [ '8.16.0' ],
5400 silly audit   'whatwg-url': [ '5.0.0' ],
5400 silly audit   '@dxup/nuxt': [ '0.4.1' ],
5400 silly audit   '@nuxt/cli': [ '3.35.1' ],
5400 silly audit   '@nuxt/devtools': [ '3.2.4' ],
5400 silly audit   '@nuxt/nitro-server': [ '3.21.4' ],
5400 silly audit   '@nuxt/telemetry': [ '2.8.0' ],
5400 silly audit   '@nuxt/vite-builder': [ '3.21.4' ],
5400 silly audit   '@unhead/vue': [ '2.1.15' ],
5400 silly audit   '@vue/shared': [ '3.5.34' ],
5400 silly audit   compatx: [ '0.2.0' ],
5400 silly audit   devalue: [ '5.8.0' ],
5400 silly audit   'escape-string-regexp': [ '5.0.0' ],
5400 silly audit   hookable: [ '5.5.3', '6.1.1' ],
5400 silly audit   impound: [ '1.1.5' ],
5400 silly audit   nanotar: [ '0.3.0' ],
5400 silly audit   nypm: [ '0.6.6' ],
5400 silly audit   ofetch: [ '1.5.1', '2.0.0-alpha.3' ],
5400 silly audit   'on-change': [ '6.0.2' ],
5400 silly audit   'oxc-minify': [ '0.128.0' ],
5400 silly audit   'oxc-parser': [ '0.128.0' ],
5400 silly audit   'oxc-transform': [ '0.128.0' ],
5400 silly audit   'oxc-walker': [ '0.7.0' ],
5400 silly audit   rou3: [ '0.8.1' ],
5400 silly audit   ultrahtml: [ '1.6.0' ],
5400 silly audit   unimport: [ '6.2.0' ],
5400 silly audit   'unplugin-vue-router': [ '0.19.2' ],
5400 silly audit   '@vue/compiler-sfc': [ '3.5.34' ],
5400 silly audit   '@dxup/unimport': [ '0.1.2' ],
5400 silly audit   '@bomb.sh/tab': [ '0.0.14' ],
5400 silly audit   '@clack/prompts': [ '1.3.0' ],
5400 silly audit   '@nuxt/schema': [ '4.4.4', '3.21.4' ],
5400 silly audit   citty: [ '0.2.2', '0.1.6' ],
5400 silly audit   'fuse.js': [ '7.3.0' ],
5400 silly audit   fzf: [ '0.5.2' ],
5400 silly audit   listhen: [ '1.10.0' ],
5400 silly audit   srvx: [ '0.11.15' ],
5400 silly audit   tinyclip: [ '0.1.12' ],
5400 silly audit   youch: [ '4.1.1' ],
5400 silly audit   '@clack/core': [ '1.3.0' ],
5400 silly audit   'fast-string-width': [ '3.0.2' ],
5400 silly audit   'fast-wrap-ansi': [ '0.2.0' ],
5400 silly audit   sisteransi: [ '1.0.5' ],
5400 silly audit   '@nuxt/devtools-wizard': [ '3.2.4' ],
5400 silly audit   '@vue/devtools-core': [ '8.1.2' ],
5400 silly audit   '@vue/devtools-kit': [ '8.1.2' ],
5400 silly audit   birpc: [ '4.0.0', '2.9.0' ],
5400 silly audit   'error-stack-parser-es': [ '1.0.5' ],
5400 silly audit   'fast-npm-meta': [ '1.5.1' ],
5400 silly audit   'get-port-please': [ '3.2.0' ],
5400 silly audit   'image-meta': [ '0.2.2' ],
5400 silly audit   'is-installed-globally': [ '1.0.0' ],
5400 silly audit   'launch-editor': [ '2.13.2' ],
5400 silly audit   magicast: [ '0.5.2' ],
5400 silly audit   'simple-git': [ '3.36.0' ],
5400 silly audit   'structured-clone-es': [ '2.0.0' ],
5400 silly audit   'vite-plugin-inspect': [ '11.3.3' ],
5400 silly audit   vite: [ '7.3.3' ],
5400 silly audit   'vite-plugin-vue-tracer': [ '1.3.0' ],
5400 silly audit   ws: [ '8.20.0' ],
5400 silly audit   diff: [ '8.0.4' ],
5400 silly audit   '@nuxt/devalue': [ '2.0.2' ],
5400 silly audit   'mocked-exports': [ '0.1.1' ],
5400 silly audit   nitropack: [ '2.13.4' ],
5400 silly audit   'vue-bundle-renderer': [ '2.2.0' ],
5400 silly audit   'vue-devtools-stub': [ '0.1.0' ],
5400 silly audit   '@rollup/plugin-replace': [ '6.0.3' ],
5400 silly audit   '@vitejs/plugin-vue': [ '6.0.6' ],
5400 silly audit   '@vitejs/plugin-vue-jsx': [ '5.1.5' ],
5400 silly audit   cssnano: [ '7.1.9' ],
5400 silly audit   externality: [ '1.0.2' ],
5400 silly audit   seroval: [ '1.5.4' ],
5400 silly audit   unenv: [ '2.0.0-rc.24' ],
5400 silly audit   'vite-node': [ '5.3.0' ],
5400 silly audit   'vite-plugin-checker': [ '0.13.0' ],
5400 silly audit   '@rollup/pluginutils': [ '5.3.0' ],
5400 silly audit   unhead: [ '2.1.15' ],
5400 silly audit   '@rolldown/pluginutils': [ '1.0.0-rc.13' ],
5400 silly audit   '@babel/core': [ '7.29.0' ],
5400 silly audit   '@babel/plugin-syntax-typescript': [ '7.28.6' ],
5400 silly audit   '@babel/plugin-transform-typescript': [ '7.28.6' ],
5400 silly audit   '@vue/babel-plugin-jsx': [ '2.0.1' ],
5400 silly audit   '@babel/code-frame': [ '7.29.0' ],
5400 silly audit   '@babel/generator': [ '7.29.1' ],
5400 silly audit   '@babel/helper-compilation-targets': [ '7.28.6' ],
5400 silly audit   '@babel/helper-module-transforms': [ '7.28.6' ],
5400 silly audit   '@babel/helpers': [ '7.29.2' ],
5400 silly audit   '@babel/parser': [ '7.29.3' ],
5400 silly audit   '@babel/template': [ '7.28.6' ],
5400 silly audit   '@babel/traverse': [ '7.29.0' ],
5400 silly audit   '@babel/types': [ '7.29.0' ],
5400 silly audit   '@jridgewell/remapping': [ '2.3.5' ],
5400 silly audit   'convert-source-map': [ '2.0.0' ],
5400 silly audit   gensync: [ '1.0.0-beta.2' ],
5400 silly audit   json5: [ '2.2.3' ],
5400 silly audit   '@babel/helper-validator-identifier': [ '7.28.5' ],
5400 silly audit   'js-tokens': [ '4.0.0', '9.0.1' ],
5400 silly audit   '@jridgewell/gen-mapping': [ '0.3.13' ],
5400 silly audit   '@jridgewell/trace-mapping': [ '0.3.31' ],
5400 silly audit   jsesc: [ '3.1.0' ],
5400 silly audit   '@babel/compat-data': [ '7.29.3' ],
5400 silly audit   '@babel/helper-validator-option': [ '7.27.1' ],
5400 silly audit   'lru-cache': [ '5.1.1', '11.3.6', '10.4.3' ],
5400 silly audit   '@babel/helper-module-imports': [ '7.28.6' ],
5400 silly audit   '@babel/helper-plugin-utils': [ '7.28.6' ],
5400 silly audit   '@babel/helper-annotate-as-pure': [ '7.27.3' ],
5400 silly audit   '@babel/helper-create-class-features-plugin': [ '7.29.3' ],
5400 silly audit   '@babel/helper-skip-transparent-expression-wrappers': [ '7.27.1' ],
5400 silly audit   '@babel/helper-member-expression-to-functions': [ '7.28.5' ],
5400 silly audit   '@babel/helper-optimise-call-expression': [ '7.27.1' ],
5400 silly audit   '@babel/helper-replace-supers': [ '7.28.6' ],
5400 silly audit   '@babel/helper-globals': [ '7.28.0' ],
5400 silly audit   '@babel/helper-string-parser': [ '7.27.1' ],
5400 silly audit   '@jridgewell/resolve-uri': [ '3.1.2' ],
5400 silly audit   '@babel/plugin-syntax-jsx': [ '7.28.6' ],
5400 silly audit   '@vue/babel-helper-vue-transform-on': [ '2.0.1' ],
5400 silly audit   '@vue/babel-plugin-resolve-type': [ '2.0.1' ],
5400 silly audit   '@vue/compiler-core': [ '3.5.34' ],
5400 silly audit   '@vue/compiler-dom': [ '3.5.34' ],
5400 silly audit   '@vue/compiler-ssr': [ '3.5.34' ],
5400 silly audit   entities: [ '7.0.1', '4.5.0' ],
5400 silly audit   '@vue/devtools-shared': [ '8.1.2' ],
5400 silly audit   'cssnano-preset-default': [ '7.0.17' ],
5400 silly audit   lilconfig: [ '3.1.3' ],
5400 silly audit   'css-declaration-sorter': [ '7.4.0' ],
5400 silly audit   'cssnano-utils': [ '5.0.3' ],
5400 silly audit   'postcss-calc': [ '10.1.1' ],
5400 silly audit   'postcss-colormin': [ '7.0.10' ],
5400 silly audit   'postcss-convert-values': [ '7.0.12' ],
5400 silly audit   'postcss-discard-comments': [ '7.0.8' ],
5400 silly audit   'postcss-discard-duplicates': [ '7.0.4' ],
5400 silly audit   'postcss-discard-empty': [ '7.0.3' ],
5400 silly audit   'postcss-discard-overridden': [ '7.0.3' ],
5400 silly audit   'postcss-merge-longhand': [ '7.0.7' ],
5400 silly audit   'postcss-merge-rules': [ '7.0.11' ],
5400 silly audit   'postcss-minify-font-values': [ '7.0.3' ],
5400 silly audit   'postcss-minify-gradients': [ '7.0.5' ],
5400 silly audit   'postcss-minify-params': [ '7.0.9' ],
5400 silly audit   'postcss-minify-selectors': [ '7.1.2' ],
5400 silly audit   'postcss-normalize-charset': [ '7.0.3' ],
5400 silly audit   'postcss-normalize-display-values': [ '7.0.3' ],
5400 silly audit   'postcss-normalize-positions': [ '7.0.4' ],
5400 silly audit   'postcss-normalize-repeat-style': [ '7.0.4' ],
5400 silly audit   'postcss-normalize-string': [ '7.0.3' ],
5400 silly audit   'postcss-normalize-timing-functions': [ '7.0.3' ],
5400 silly audit   'postcss-normalize-unicode': [ '7.0.9' ],
5400 silly audit   'postcss-normalize-url': [ '7.0.3' ],
5400 silly audit   'postcss-normalize-whitespace': [ '7.0.3' ],
5400 silly audit   'postcss-ordered-values': [ '7.0.4' ],
5400 silly audit   'postcss-reduce-initial': [ '7.0.9' ],
5400 silly audit   'postcss-reduce-transforms': [ '7.0.3' ],
5400 silly audit   'postcss-svgo': [ '7.1.3' ],
5400 silly audit   'postcss-unique-selectors': [ '7.0.7' ],
5400 silly audit   'enhanced-resolve': [ '5.21.2' ],
5400 silly audit   'graceful-fs': [ '4.2.11' ],
5400 silly audit   tapable: [ '2.3.3' ],
5400 silly audit   'fast-string-truncated-width': [ '3.0.3' ],
5400 silly audit   'es-module-lexer': [ '2.1.0' ],
5400 silly audit   'unplugin-utils': [ '0.3.1' ],
5400 silly audit   'global-directory': [ '4.0.1' ],
5400 silly audit   'is-path-inside': [ '4.0.0' ],
5400 silly audit   ini: [ '4.1.1' ],
5400 silly audit   'shell-quote': [ '1.8.3' ],
5400 silly audit   '@parcel/watcher': [ '2.5.6' ],
5400 silly audit   'http-shutdown': [ '1.2.2' ],
5400 silly audit   'node-forge': [ '1.4.0' ],
5400 silly audit   untun: [ '0.1.3' ],
5400 silly audit   uqr: [ '0.1.3' ],
5400 silly audit   '@parcel/watcher-android-arm64': [ '2.5.6' ],
5400 silly audit   '@parcel/watcher-darwin-arm64': [ '2.5.6' ],
5400 silly audit   '@parcel/watcher-darwin-x64': [ '2.5.6' ],
5400 silly audit   '@parcel/watcher-freebsd-x64': [ '2.5.6' ],
5400 silly audit   '@parcel/watcher-linux-arm-glibc': [ '2.5.6' ],
5400 silly audit   '@parcel/watcher-linux-arm-musl': [ '2.5.6' ],
5400 silly audit   '@parcel/watcher-linux-arm64-glibc': [ '2.5.6' ],
5400 silly audit   '@parcel/watcher-linux-arm64-musl': [ '2.5.6' ],
5400 silly audit   '@parcel/watcher-linux-x64-glibc': [ '2.5.6' ],
5400 silly audit   '@parcel/watcher-linux-x64-musl': [ '2.5.6' ],
5400 silly audit   '@parcel/watcher-win32-arm64': [ '2.5.6' ],
5400 silly audit   '@parcel/watcher-win32-ia32': [ '2.5.6' ],
5400 silly audit   '@parcel/watcher-win32-x64': [ '2.5.6' ],
5400 silly audit   'detect-libc': [ '2.1.2' ],
5400 silly audit   'is-glob': [ '4.0.3' ],
5400 silly audit   'node-addon-api': [ '7.1.1' ],
5400 silly audit   'is-extglob': [ '2.1.1' ],
5400 silly audit   yallist: [ '3.1.1', '5.0.0' ],
5400 silly audit   '@cloudflare/kv-asset-handler': [ '0.4.2' ],
5400 silly audit   '@rollup/plugin-alias': [ '6.0.0' ],
5400 silly audit   '@rollup/plugin-commonjs': [ '29.0.2' ],
5400 silly audit   '@rollup/plugin-inject': [ '5.0.5' ],
5400 silly audit   '@rollup/plugin-json': [ '6.1.0' ],
5400 silly audit   '@rollup/plugin-node-resolve': [ '16.0.3' ],
5400 silly audit   '@rollup/plugin-terser': [ '1.0.0' ],
5400 silly audit   '@vercel/nft': [ '1.5.0' ],
5400 silly audit   archiver: [ '7.0.1' ],
5400 silly audit   croner: [ '10.0.1' ],
5400 silly audit   db0: [ '0.3.4' ],
5400 silly audit   'dot-prop': [ '10.1.0' ],
5400 silly audit   etag: [ '1.8.1' ],
5400 silly audit   globby: [ '16.2.0' ],
5400 silly audit   'gzip-size': [ '7.0.0' ],
5400 silly audit   httpxy: [ '0.5.1' ],
5400 silly audit   ioredis: [ '5.10.1' ],
5400 silly audit   mime: [ '4.1.0' ],
5400 silly audit   'pretty-bytes': [ '7.1.0' ],
5400 silly audit   rollup: [ '4.60.3' ],
5400 silly audit   'rollup-plugin-visualizer': [ '7.0.1' ],
5400 silly audit   'serve-placeholder': [ '2.0.2' ],
5400 silly audit   'serve-static': [ '2.2.1' ],
5400 silly audit   'source-map': [ '0.7.6', '0.6.1' ],
5400 silly audit   unwasm: [ '0.5.3' ],
5400 silly audit   'youch-core': [ '0.3.3' ],
5400 silly audit   commondir: [ '1.0.1' ],
5400 silly audit   fdir: [ '6.5.0' ],
5400 silly audit   'is-reference': [ '1.2.1' ],
5400 silly audit   '@types/resolve': [ '1.20.2' ],
5400 silly audit   deepmerge: [ '4.3.1' ],
5400 silly audit   'is-module': [ '1.0.0' ],
5400 silly audit   resolve: [ '1.22.12' ],
5400 silly audit   'serialize-javascript': [ '7.0.5' ],
5400 silly audit   smob: [ '1.6.1' ],
5400 silly audit   terser: [ '5.47.1' ],
5400 silly audit   '@mapbox/node-pre-gyp': [ '2.0.3' ],
5400 silly audit   'acorn-import-attributes': [ '1.9.5' ],
5400 silly audit   'async-sema': [ '3.1.1' ],
5400 silly audit   bindings: [ '1.5.0' ],
5400 silly audit   glob: [ '13.0.6', '10.5.0', '7.2.3' ],
5400 silly audit   'node-gyp-build': [ '4.8.4' ],
5400 silly audit   'resolve-from': [ '5.0.0' ],
5400 silly audit   'https-proxy-agent': [ '7.0.6' ],
5400 silly audit   nopt: [ '8.1.0' ],
5400 silly audit   tar: [ '7.5.15' ],
5400 silly audit   'archiver-utils': [ '5.0.2' ],
5400 silly audit   async: [ '3.2.6' ],
5400 silly audit   'buffer-crc32': [ '1.0.0' ],
5400 silly audit   'readable-stream': [ '4.7.0', '2.3.8' ],
5400 silly audit   'readdir-glob': [ '1.1.3' ],
5400 silly audit   'tar-stream': [ '3.2.0' ],
5400 silly audit   'zip-stream': [ '6.0.1' ],
5400 silly audit   lazystream: [ '1.0.1' ],
5400 silly audit   lodash: [ '4.18.1' ],
5400 silly audit   'normalize-path': [ '3.0.0' ],
5400 silly audit   'file-uri-to-path': [ '1.0.0' ],
5400 silly audit   'type-fest': [ '5.6.0' ],
5400 silly audit   minimatch: [ '10.2.5', '5.1.9', '9.0.9', '3.1.5' ],
5400 silly audit   minipass: [ '7.1.3' ],
5400 silly audit   'path-scurry': [ '2.0.2', '1.11.1' ],
5400 silly audit   '@sindresorhus/merge-streams': [ '4.0.0' ],
5400 silly audit   'fast-glob': [ '3.3.3' ],
5400 silly audit   slash: [ '5.1.0' ],
5400 silly audit   'unicorn-magic': [ '0.4.0', '0.3.0' ],
5400 silly audit   '@nodelib/fs.stat': [ '2.0.5' ],
5400 silly audit   '@nodelib/fs.walk': [ '1.2.8' ],
5400 silly audit   'glob-parent': [ '5.1.2', '6.0.2' ],
5400 silly audit   merge2: [ '1.4.1' ],
5400 silly audit   micromatch: [ '4.0.8' ],
5400 silly audit   '@nodelib/fs.scandir': [ '2.1.5' ],
5400 silly audit   fastq: [ '1.20.1' ],
5400 silly audit   'run-parallel': [ '1.2.0' ],
5400 silly audit   reusify: [ '1.1.0' ],
5400 silly audit   duplexer: [ '0.1.2' ],
5400 silly audit   'agent-base': [ '7.1.4' ],
5400 silly audit   '@ioredis/commands': [ '1.5.1' ],
5400 silly audit   'cluster-key-slot': [ '1.1.2' ],
5400 silly audit   denque: [ '2.1.0' ],
5400 silly audit   'lodash.defaults': [ '4.2.0' ],
5400 silly audit   'lodash.isarguments': [ '3.1.0' ],
5400 silly audit   'redis-errors': [ '1.2.0' ],
5400 silly audit   'redis-parser': [ '3.0.0' ],
5400 silly audit   'standard-as-callback': [ '2.1.0' ],
5400 silly audit   braces: [ '3.0.3' ],
5400 silly audit   'fill-range': [ '7.1.1' ],
5400 silly audit   'to-regex-range': [ '5.0.1' ],
5400 silly audit   'brace-expansion': [ '5.0.6', '2.1.0', '1.1.14' ],
5400 silly audit   'balanced-match': [ '4.0.4', '1.0.2' ],
5400 silly audit   abbrev: [ '3.0.1' ],
5400 silly audit   'mimic-fn': [ '4.0.0' ],
5400 silly audit   '@oxc-minify/binding-android-arm-eabi': [ '0.128.0' ],
5400 silly audit   '@oxc-minify/binding-android-arm64': [ '0.128.0' ],
5400 silly audit   '@oxc-minify/binding-darwin-arm64': [ '0.128.0' ],
5400 silly audit   '@oxc-minify/binding-darwin-x64': [ '0.128.0' ],
5400 silly audit   '@oxc-minify/binding-freebsd-x64': [ '0.128.0' ],
5400 silly audit   '@oxc-minify/binding-linux-arm-gnueabihf': [ '0.128.0' ],
5400 silly audit   '@oxc-minify/binding-linux-arm-musleabihf': [ '0.128.0' ],
5400 silly audit   '@oxc-minify/binding-linux-arm64-gnu': [ '0.128.0' ],
5400 silly audit   '@oxc-minify/binding-linux-arm64-musl': [ '0.128.0' ],
5400 silly audit   '@oxc-minify/binding-linux-ppc64-gnu': [ '0.128.0' ],
5400 silly audit   '@oxc-minify/binding-linux-riscv64-gnu': [ '0.128.0' ],
5400 silly audit   '@oxc-minify/binding-linux-riscv64-musl': [ '0.128.0' ],
5400 silly audit   '@oxc-minify/binding-linux-s390x-gnu': [ '0.128.0' ],
5400 silly audit   '@oxc-minify/binding-linux-x64-gnu': [ '0.128.0' ],
5400 silly audit   '@oxc-minify/binding-linux-x64-musl': [ '0.128.0' ],
5400 silly audit   '@oxc-minify/binding-openharmony-arm64': [ '0.128.0' ],
5400 silly audit   '@oxc-minify/binding-wasm32-wasi': [ '0.128.0' ],
5400 silly audit   '@oxc-minify/binding-win32-arm64-msvc': [ '0.128.0' ],
5400 silly audit   '@oxc-minify/binding-win32-ia32-msvc': [ '0.128.0' ],
5400 silly audit   '@oxc-minify/binding-win32-x64-msvc': [ '0.128.0' ],
5400 silly audit   '@emnapi/core': [ '1.10.0' ],
5400 silly audit   '@emnapi/runtime': [ '1.10.0' ],
5400 silly audit   '@napi-rs/wasm-runtime': [ '1.1.4' ],
5400 silly audit   '@emnapi/wasi-threads': [ '1.2.1' ],
5400 silly audit   '@tybys/wasm-util': [ '0.10.2' ],
5400 silly audit   '@oxc-parser/binding-android-arm-eabi': [ '0.128.0' ],
5400 silly audit   '@oxc-parser/binding-android-arm64': [ '0.128.0' ],
5400 silly audit   '@oxc-parser/binding-darwin-arm64': [ '0.128.0' ],
5400 silly audit   '@oxc-parser/binding-darwin-x64': [ '0.128.0' ],
5400 silly audit   '@oxc-parser/binding-freebsd-x64': [ '0.128.0' ],
5400 silly audit   '@oxc-parser/binding-linux-arm-gnueabihf': [ '0.128.0' ],
5400 silly audit   '@oxc-parser/binding-linux-arm-musleabihf': [ '0.128.0' ],
5400 silly audit   '@oxc-parser/binding-linux-arm64-gnu': [ '0.128.0' ],
5400 silly audit   '@oxc-parser/binding-linux-arm64-musl': [ '0.128.0' ],
5400 silly audit   '@oxc-parser/binding-linux-ppc64-gnu': [ '0.128.0' ],
5400 silly audit   '@oxc-parser/binding-linux-riscv64-gnu': [ '0.128.0' ],
5400 silly audit   '@oxc-parser/binding-linux-riscv64-musl': [ '0.128.0' ],
5400 silly audit   '@oxc-parser/binding-linux-s390x-gnu': [ '0.128.0' ],
5400 silly audit   '@oxc-parser/binding-linux-x64-gnu': [ '0.128.0' ],
5400 silly audit   '@oxc-parser/binding-linux-x64-musl': [ '0.128.0' ],
5400 silly audit   '@oxc-parser/binding-openharmony-arm64': [ '0.128.0' ],
5400 silly audit   '@oxc-parser/binding-wasm32-wasi': [ '0.128.0' ],
5400 silly audit   '@oxc-parser/binding-win32-arm64-msvc': [ '0.128.0' ],
5400 silly audit   '@oxc-parser/binding-win32-ia32-msvc': [ '0.128.0' ],
5400 silly audit   '@oxc-parser/binding-win32-x64-msvc': [ '0.128.0' ],
5400 silly audit   '@oxc-project/types': [ '0.128.0' ],
5400 silly audit   '@oxc-transform/binding-android-arm-eabi': [ '0.128.0' ],
5400 silly audit   '@oxc-transform/binding-android-arm64': [ '0.128.0' ],
5400 silly audit   '@oxc-transform/binding-darwin-arm64': [ '0.128.0' ],
5400 silly audit   '@oxc-transform/binding-darwin-x64': [ '0.128.0' ],
5400 silly audit   '@oxc-transform/binding-freebsd-x64': [ '0.128.0' ],
5400 silly audit   '@oxc-transform/binding-linux-arm-gnueabihf': [ '0.128.0' ],
5400 silly audit   '@oxc-transform/binding-linux-arm-musleabihf': [ '0.128.0' ],
5400 silly audit   '@oxc-transform/binding-linux-arm64-gnu': [ '0.128.0' ],
5400 silly audit   '@oxc-transform/binding-linux-arm64-musl': [ '0.128.0' ],
5400 silly audit   '@oxc-transform/binding-linux-ppc64-gnu': [ '0.128.0' ],
5400 silly audit   '@oxc-transform/binding-linux-riscv64-gnu': [ '0.128.0' ],
5400 silly audit   '@oxc-transform/binding-linux-riscv64-musl': [ '0.128.0' ],
5400 silly audit   '@oxc-transform/binding-linux-s390x-gnu': [ '0.128.0' ],
5400 silly audit   '@oxc-transform/binding-linux-x64-gnu': [ '0.128.0' ],
5400 silly audit   '@oxc-transform/binding-linux-x64-musl': [ '0.128.0' ],
5400 silly audit   '@oxc-transform/binding-openharmony-arm64': [ '0.128.0' ],
5400 silly audit   '@oxc-transform/binding-wasm32-wasi': [ '0.128.0' ],
5400 silly audit   '@oxc-transform/binding-win32-arm64-msvc': [ '0.128.0' ],
5400 silly audit   '@oxc-transform/binding-win32-ia32-msvc': [ '0.128.0' ],
5400 silly audit   '@oxc-transform/binding-win32-x64-msvc': [ '0.128.0' ],
5400 silly audit   nanoid: [ '3.3.12' ],
5400 silly audit   'postcss-selector-parser': [ '7.1.1', '6.1.2' ],
5400 silly audit   '@colordx/core': [ '5.4.3' ],
5400 silly audit   'caniuse-api': [ '3.0.0' ],
5400 silly audit   'lodash.memoize': [ '4.1.2' ],
5400 silly audit   'lodash.uniq': [ '4.5.0' ],
5400 silly audit   stylehacks: [ '7.0.11' ],
5400 silly audit   cssesc: [ '3.0.0' ],
5400 silly audit   '@csstools/selector-resolve-nested': [ '3.1.0' ],
5400 silly audit   '@csstools/selector-specificity': [ '5.0.0' ],
5400 silly audit   'util-deprecate': [ '1.0.2' ],
5400 silly audit   svgo: [ '4.0.1' ],
5400 silly audit   'abort-controller': [ '3.0.0' ],
5400 silly audit   buffer: [ '6.0.3' ],
5400 silly audit   events: [ '3.3.0' ],
5400 silly audit   process: [ '0.11.10' ],
5400 silly audit   string_decoder: [ '1.3.0', '1.1.1' ],
5400 silly audit   'event-target-shim': [ '5.0.1' ],
5400 silly audit   ieee754: [ '1.2.1' ],
5400 silly audit   'es-errors': [ '1.3.0' ],
5400 silly audit   'is-core-module': [ '2.16.2' ],
5400 silly audit   'path-parse': [ '1.0.7' ],
5400 silly audit   'supports-preserve-symlinks-flag': [ '1.0.0' ],
5400 silly audit   hasown: [ '2.0.3' ],
5400 silly audit   'function-bind': [ '1.1.2' ],
5400 silly audit   '@rollup/rollup-android-arm-eabi': [ '4.60.3' ],
5400 silly audit   '@rollup/rollup-android-arm64': [ '4.60.3' ],
5400 silly audit   '@rollup/rollup-darwin-arm64': [ '4.60.3' ],
5400 silly audit   '@rollup/rollup-darwin-x64': [ '4.60.3' ],
5400 silly audit   '@rollup/rollup-freebsd-arm64': [ '4.60.3' ],
5400 silly audit   '@rollup/rollup-freebsd-x64': [ '4.60.3' ],
5400 silly audit   '@rollup/rollup-linux-arm-gnueabihf': [ '4.60.3' ],
5400 silly audit   '@rollup/rollup-linux-arm-musleabihf': [ '4.60.3' ],
5400 silly audit   '@rollup/rollup-linux-arm64-gnu': [ '4.60.3' ],
5400 silly audit   '@rollup/rollup-linux-arm64-musl': [ '4.60.3' ],
5400 silly audit   '@rollup/rollup-linux-loong64-gnu': [ '4.60.3' ],
5400 silly audit   '@rollup/rollup-linux-loong64-musl': [ '4.60.3' ],
5400 silly audit   '@rollup/rollup-linux-ppc64-gnu': [ '4.60.3' ],
5400 silly audit   '@rollup/rollup-linux-ppc64-musl': [ '4.60.3' ],
5400 silly audit   '@rollup/rollup-linux-riscv64-gnu': [ '4.60.3' ],
5400 silly audit   '@rollup/rollup-linux-riscv64-musl': [ '4.60.3' ],
5400 silly audit   '@rollup/rollup-linux-s390x-gnu': [ '4.60.3' ],
5400 silly audit   '@rollup/rollup-linux-x64-gnu': [ '4.60.3' ],
5400 silly audit   '@rollup/rollup-linux-x64-musl': [ '4.60.3' ],
5400 silly audit   '@rollup/rollup-openbsd-x64': [ '4.60.3' ],
5400 silly audit   '@rollup/rollup-openharmony-arm64': [ '4.60.3' ],
5400 silly audit   '@rollup/rollup-win32-arm64-msvc': [ '4.60.3' ],
5400 silly audit   '@rollup/rollup-win32-ia32-msvc': [ '4.60.3' ],
5400 silly audit   '@rollup/rollup-win32-x64-gnu': [ '4.60.3' ],
5400 silly audit   '@rollup/rollup-win32-x64-msvc': [ '4.60.3' ],
5400 silly audit   fsevents: [ '2.3.3' ],
5400 silly audit   open: [ '11.0.0', '7.4.2', '10.2.0' ],
5400 silly audit   yargs: [ '18.0.0', '17.7.2' ],
5400 silly audit   'default-browser': [ '5.5.0' ],
5400 silly audit   'define-lazy-prop': [ '3.0.0' ],
5400 silly audit   'is-in-ssh': [ '1.0.0' ],
5400 silly audit   'is-inside-container': [ '1.0.0' ],
5400 silly audit   'powershell-utils': [ '0.1.0' ],
5400 silly audit   'wsl-utils': [ '0.3.1', '0.1.0' ],
5400 silly audit   'bundle-name': [ '4.1.0' ],
5400 silly audit   'default-browser-id': [ '5.0.1' ],
5400 silly audit   'run-applescript': [ '7.1.0' ],
5400 silly audit   'is-docker': [ '3.0.0', '2.2.1' ],
5400 silly audit   'queue-microtask': [ '1.2.3' ],
5400 silly audit   encodeurl: [ '2.0.0', '1.0.2' ],
5400 silly audit   'escape-html': [ '1.0.3' ],
5400 silly audit   parseurl: [ '1.3.3' ],
5400 silly audit   send: [ '1.2.1' ],
5400 silly audit   fresh: [ '2.0.0', '0.5.2' ],
5400 silly audit   'http-errors': [ '2.0.1', '1.8.1', '1.6.3' ],
5400 silly audit   'mime-types': [ '3.0.2', '2.1.35' ],
5400 silly audit   'on-finished': [ '2.4.1' ],
5400 silly audit   'range-parser': [ '1.2.1' ],
5400 silly audit   statuses: [ '2.0.2', '1.5.0' ],
5400 silly audit   depd: [ '2.0.0', '1.1.2' ],
5400 silly audit   inherits: [ '2.0.4', '2.0.3' ],
5400 silly audit   setprototypeof: [ '1.2.0', '1.1.0' ],
5400 silly audit   toidentifier: [ '1.0.1' ],
5400 silly audit   'mime-db': [ '1.54.0', '1.52.0' ],
5400 silly audit   'ee-first': [ '1.1.1' ],
5400 silly audit   'shebang-regex': [ '3.0.0' ],
5400 silly audit   '@kwsites/file-exists': [ '1.1.1' ],
5400 silly audit   '@kwsites/promise-deferred': [ '1.1.1' ],
5400 silly audit   '@simple-git/args-pathspec': [ '1.0.3' ],
5400 silly audit   '@simple-git/argv-parser': [ '1.1.1' ],
5400 silly audit   '@polka/url': [ '1.0.0-next.29' ],
5400 silly audit   mrmime: [ '2.0.1' ],
5400 silly audit   totalist: [ '3.0.1' ],
5400 silly audit   'safe-buffer': [ '5.2.1', '5.1.2' ],
5400 silly audit   commander: [ '11.1.0', '6.2.1', '4.1.1', '2.20.3' ],
5400 silly audit   'css-select': [ '5.2.2' ],
5400 silly audit   'css-what': [ '6.2.2' ],
5400 silly audit   csso: [ '5.0.5' ],
5400 silly audit   sax: [ '1.6.0' ],
5400 silly audit   boolbase: [ '1.0.0' ],
5400 silly audit   domhandler: [ '5.0.3' ],
5400 silly audit   domutils: [ '3.2.2' ],
5400 silly audit   'nth-check': [ '2.1.1' ],
5400 silly audit   domelementtype: [ '2.3.0' ],
5400 silly audit   'dom-serializer': [ '2.0.0' ],
5400 silly audit   '@koa/router': [ '12.0.2' ],
5400 silly audit   'fs-extra': [ '9.1.0' ],
5400 silly audit   koa: [ '2.16.4' ],
5400 silly audit   'koa-static': [ '5.0.0' ],
5400 silly audit   portfinder: [ '1.0.38' ],
5400 silly audit   'replace-in-file': [ '6.3.5' ],
5400 silly audit   'koa-compose': [ '4.1.0' ],
5400 silly audit   methods: [ '1.1.2' ],
5400 silly audit   'path-to-regexp': [ '6.3.0' ],
5400 silly audit   'at-least-node': [ '1.0.0' ],
5400 silly audit   jsonfile: [ '6.2.1' ],
5400 silly audit   universalify: [ '2.0.1' ],
5400 silly audit   accepts: [ '1.3.8' ],
5400 silly audit   'cache-content-type': [ '1.0.1' ],
5400 silly audit   'content-disposition': [ '0.5.4' ],
5400 silly audit   'content-type': [ '1.0.5' ],
5400 silly audit   cookies: [ '0.9.1' ],
5400 silly audit   delegates: [ '1.0.0' ],
5400 silly audit   destroy: [ '1.2.0' ],
5400 silly audit   'http-assert': [ '1.5.0' ],
5400 silly audit   'is-generator-function': [ '1.1.2' ],
5400 silly audit   'koa-convert': [ '2.0.0' ],
5400 silly audit   only: [ '0.0.2' ],
5400 silly audit   'type-is': [ '1.6.18' ],
5400 silly audit   vary: [ '1.1.2' ],
5400 silly audit   negotiator: [ '0.6.3' ],
5400 silly audit   ylru: [ '1.4.0' ],
5400 silly audit   keygrip: [ '1.1.0' ],
5400 silly audit   'deep-equal': [ '1.0.1' ],
5400 silly audit   'call-bound': [ '1.0.4' ],
5400 silly audit   'generator-function': [ '2.0.1' ],
5400 silly audit   'get-proto': [ '1.0.1' ],
5400 silly audit   'has-tostringtag': [ '1.0.2' ],
5400 silly audit   'safe-regex-test': [ '1.1.0' ],
5400 silly audit   'call-bind-apply-helpers': [ '1.0.2' ],
5400 silly audit   'get-intrinsic': [ '1.3.0' ],
5400 silly audit   'es-define-property': [ '1.0.1' ],
5400 silly audit   'es-object-atoms': [ '1.1.1' ],
5400 silly audit   gopd: [ '1.2.0' ],
5400 silly audit   'has-symbols': [ '1.1.0' ],
5400 silly audit   'math-intrinsics': [ '1.1.0' ],
5400 silly audit   'dunder-proto': [ '1.0.1' ],
5400 silly audit   tsscmp: [ '1.0.6' ],
5400 silly audit   co: [ '4.6.0' ],
5400 silly audit   'koa-send': [ '5.0.1' ],
5400 silly audit   'resolve-path': [ '1.4.0' ],
5400 silly audit   chalk: [ '4.1.2' ],
5400 silly audit   'ansi-styles': [ '4.3.0', '6.2.3' ],
5400 silly audit   'supports-color': [ '7.2.0', '10.2.2' ],
5400 silly audit   'color-convert': [ '2.0.1' ],
5400 silly audit   'color-name': [ '1.1.4' ],
5400 silly audit   'path-is-absolute': [ '1.0.1' ],
5400 silly audit   'is-regex': [ '1.2.1' ],
5400 silly audit   'has-flag': [ '4.0.0' ],
5400 silly audit   '@alloc/quick-lru': [ '5.2.0' ],
5400 silly audit   arg: [ '5.0.2' ],
5400 silly audit   didyoumean: [ '1.2.2' ],
5400 silly audit   dlv: [ '1.1.3' ],
5400 silly audit   'object-hash': [ '3.0.0' ],
5400 silly audit   'postcss-import': [ '15.1.0' ],
5400 silly audit   'postcss-js': [ '4.1.0' ],
5400 silly audit   'postcss-load-config': [ '6.0.1' ],
5400 silly audit   'postcss-nested': [ '6.2.0' ],
5400 silly audit   sucrase: [ '3.35.1' ],
5400 silly audit   'read-cache': [ '1.0.0' ],
5400 silly audit   'camelcase-css': [ '2.0.1' ],
5400 silly audit   pify: [ '2.3.0' ],
5400 silly audit   'lines-and-columns': [ '1.2.4' ],
5400 silly audit   mz: [ '2.7.0' ],
5400 silly audit   pirates: [ '4.0.7' ],
5400 silly audit   'ts-interface-checker': [ '0.1.13' ],
5400 silly audit   'any-promise': [ '1.3.0' ],
5400 silly audit   'object-assign': [ '4.1.1' ],
5400 silly audit   'thenify-all': [ '1.6.0' ],
5400 silly audit   '@isaacs/fs-minipass': [ '4.0.1' ],
5400 silly audit   chownr: [ '3.0.0' ],
5400 silly audit   minizlib: [ '3.1.0' ],
5400 silly audit   b4a: [ '1.8.1' ],
5400 silly audit   'bare-fs': [ '4.7.1' ],
5400 silly audit   'fast-fifo': [ '1.3.2' ],
5400 silly audit   streamx: [ '2.25.0' ],
5400 silly audit   'bare-events': [ '2.8.2' ],
5400 silly audit   'bare-path': [ '3.0.0' ],
5400 silly audit   'bare-stream': [ '2.13.1' ],
5400 silly audit   'bare-url': [ '2.4.3' ],
5400 silly audit   'bare-os': [ '3.9.1' ],
5400 silly audit   teex: [ '1.0.1' ],
5400 silly audit   'events-universal': [ '1.0.1' ],
5400 silly audit   'text-decoder': [ '1.2.7' ],
5400 silly audit   '@jridgewell/source-map': [ '0.3.11' ],
5400 silly audit   'source-map-support': [ '0.5.21' ],
5400 silly audit   'buffer-from': [ '1.1.2' ],
5400 silly audit   thenify: [ '3.3.1' ],
5400 silly audit   'is-number': [ '7.0.0' ],
5400 silly audit   'tagged-tag': [ '1.0.0' ],
5400 silly audit   'media-typer': [ '0.3.0' ],
5400 silly audit   pako: [ '0.2.9' ],
5400 silly audit   'strip-literal': [ '3.1.0' ],
5400 silly audit   'webpack-virtual-modules': [ '0.6.2' ],
5400 silly audit   '@vue-macros/common': [ '3.1.2' ],
5400 silly audit   '@vue/language-core': [ '3.2.8', '2.2.12' ],
5400 silly audit   'ast-walker-scope': [ '0.8.3' ],
5400 silly audit   'muggle-string': [ '0.4.1' ],
5400 silly audit   yaml: [ '2.8.4' ],
5400 silly audit   'ast-kit': [ '2.2.0' ],
5400 silly audit   'magic-string-ast': [ '1.0.3' ],
5400 silly audit   '@volar/language-core': [ '2.4.28', '2.4.15' ],
5400 silly audit   'alien-signals': [ '3.1.2', '1.0.13' ],
5400 silly audit   'path-browserify': [ '1.0.1' ],
5400 silly audit   '@volar/source-map': [ '2.4.28', '2.4.15' ],
5400 silly audit   anymatch: [ '3.1.3' ],
5400 silly audit   escalade: [ '3.2.0' ],
5400 silly audit   cac: [ '6.7.14' ],
5400 silly audit   obug: [ '2.1.1' ],
5400 silly audit   'proper-lockfile': [ '4.1.2' ],
5400 silly audit   'tiny-invariant': [ '1.3.3' ],
5400 silly audit   'vscode-uri': [ '3.1.0' ],
5400 silly audit   retry: [ '0.12.0' ],
5400 silly audit   ansis: [ '4.2.0' ],
5400 silly audit   'vite-dev-rpc': [ '1.1.0' ],
5400 silly audit   'vite-hot-client': [ '2.2.0' ],
5400 silly audit   '@vue/runtime-dom': [ '3.5.34' ],
5400 silly audit   '@vue/server-renderer': [ '3.5.34' ],
5400 silly audit   '@vue/reactivity': [ '3.5.34' ],
5400 silly audit   '@vue/runtime-core': [ '3.5.34' ],
5400 silly audit   csstype: [ '3.2.3' ],
5400 silly audit   '@vue/devtools-api': [ '6.6.4' ],
5400 silly audit   '@volar/typescript': [ '2.4.15' ],
5400 silly audit   tr46: [ '0.0.3' ],
5400 silly audit   'webidl-conversions': [ '3.0.1' ],
5400 silly audit   isexe: [ '2.0.0', '4.0.0' ],
5400 silly audit   'is-wsl': [ '3.1.1', '2.2.0' ],
5400 silly audit   cliui: [ '9.0.1', '8.0.1' ],
5400 silly audit   'get-caller-file': [ '2.0.5' ],
5400 silly audit   'string-width': [ '7.2.0', '5.1.2', '4.2.3' ],
5400 silly audit   y18n: [ '5.0.8' ],
5400 silly audit   'yargs-parser': [ '22.0.0', '21.1.1' ],
5400 silly audit   'strip-ansi': [ '7.2.0', '6.0.1' ],
5400 silly audit   'wrap-ansi': [ '9.0.2', '8.1.0', '7.0.0' ],
5400 silly audit   'emoji-regex': [ '10.6.0', '8.0.0', '9.2.2' ],
5400 silly audit   'get-east-asian-width': [ '1.6.0' ],
5400 silly audit   'ansi-regex': [ '6.2.2', '5.0.1' ],
5400 silly audit   '@poppinss/colors': [ '4.1.6' ],
5400 silly audit   '@poppinss/dumper': [ '0.7.0' ],
5400 silly audit   '@speed-highlight/core': [ '1.2.15' ],
5400 silly audit   kleur: [ '4.1.5' ],
5400 silly audit   '@sindresorhus/is': [ '7.2.0' ],
5400 silly audit   '@poppinss/exception': [ '1.2.3' ],
5400 silly audit   'compress-commons': [ '6.0.2' ],
5400 silly audit   'crc-32': [ '1.2.2' ],
5400 silly audit   'crc32-stream': [ '6.0.0' ],
5400 silly audit   'foreground-child': [ '3.3.1' ],
5400 silly audit   jackspeak: [ '3.4.3' ],
5400 silly audit   'package-json-from-dist': [ '1.0.1' ],
5400 silly audit   '@isaacs/cliui': [ '8.0.2' ],
5400 silly audit   '@pkgjs/parseargs': [ '0.11.0' ],
5400 silly audit   'is-fullwidth-code-point': [ '3.0.0' ],
5400 silly audit   eastasianwidth: [ '0.2.0' ],
5400 silly audit   'core-util-is': [ '1.0.3' ],
5400 silly audit   isarray: [ '1.0.0' ],
5400 silly audit   'process-nextick-args': [ '2.0.1' ],
5400 silly audit   'fs.realpath': [ '1.0.0' ],
5400 silly audit   inflight: [ '1.0.6' ],
5400 silly audit   once: [ '1.4.0' ],
5400 silly audit   wrappy: [ '1.0.2' ],
5400 silly audit   'concat-map': [ '0.0.1' ],
5400 silly audit   'require-directory': [ '2.1.1' ],
5400 silly audit   'is-binary-path': [ '2.1.0' ],
5400 silly audit   'binary-extensions': [ '2.3.0' ],
5400 silly audit   '@vue/compiler-vue2': [ '2.7.16' ],
5400 silly audit   'de-indent': [ '1.0.2' ],
5400 silly audit   he: [ '1.2.0' ],
5400 silly audit   '@parcel/watcher-wasm': [ '2.5.6' ],
5400 silly audit   'napi-wasm': [ '1.1.0' ]
5400 silly audit }
5401 verbose reify failed optional dependency /Users/franccescobuscicchio/Desktop/rituali-creativi-nuxt/node_modules/@rollup/rollup-win32-x64-msvc
5402 silly reify mark deleted [
5402 silly reify   '/Users/franccescobuscicchio/Desktop/rituali-creativi-nuxt/node_modules/@rollup/rollup-win32-x64-msvc'
5402 silly reify ]
5403 verbose reify failed optional dependency /Users/franccescobuscicchio/Desktop/rituali-creativi-nuxt/node_modules/@rollup/rollup-win32-x64-gnu
5404 silly reify mark deleted [
5404 silly reify   '/Users/franccescobuscicchio/Desktop/rituali-creativi-nuxt/node_modules/@rollup/rollup-win32-x64-gnu'
5404 silly reify ]
5405 verbose reify failed optional dependency /Users/franccescobuscicchio/Desktop/rituali-creativi-nuxt/node_modules/@rollup/rollup-win32-ia32-msvc
5406 silly reify mark deleted [
5406 silly reify   '/Users/franccescobuscicchio/Desktop/rituali-creativi-nuxt/node_modules/@rollup/rollup-win32-ia32-msvc'
5406 silly reify ]
5407 verbose reify failed optional dependency /Users/franccescobuscicchio/Desktop/rituali-creativi-nuxt/node_modules/@rollup/rollup-win32-arm64-msvc
5408 silly reify mark deleted [
5408 silly reify   '/Users/franccescobuscicchio/Desktop/rituali-creativi-nuxt/node_modules/@rollup/rollup-win32-arm64-msvc'
5408 silly reify ]
5409 verbose reify failed optional dependency /Users/franccescobuscicchio/Desktop/rituali-creativi-nuxt/node_modules/@rollup/rollup-openharmony-arm64
5410 silly reify mark deleted [
5410 silly reify   '/Users/franccescobuscicchio/Desktop/rituali-creativi-nuxt/node_modules/@rollup/rollup-openharmony-arm64'
5410 silly reify ]
5411 verbose reify failed optional dependency /Users/franccescobuscicchio/Desktop/rituali-creativi-nuxt/node_modules/@rollup/rollup-openbsd-x64
5412 silly reify mark deleted [
5412 silly reify   '/Users/franccescobuscicchio/Desktop/rituali-creativi-nuxt/node_modules/@rollup/rollup-openbsd-x64'
5412 silly reify ]
5413 verbose reify failed optional dependency /Users/franccescobuscicchio/Desktop/rituali-creativi-nuxt/node_modules/@rollup/rollup-linux-x64-musl
5414 silly reify mark deleted [
5414 silly reify   '/Users/franccescobuscicchio/Desktop/rituali-creativi-nuxt/node_modules/@rollup/rollup-linux-x64-musl'
5414 silly reify ]
5415 verbose reify failed optional dependency /Users/franccescobuscicchio/Desktop/rituali-creativi-nuxt/node_modules/@rollup/rollup-linux-x64-gnu
5416 silly reify mark deleted [
5416 silly reify   '/Users/franccescobuscicchio/Desktop/rituali-creativi-nuxt/node_modules/@rollup/rollup-linux-x64-gnu'
5416 silly reify ]
5417 verbose reify failed optional dependency /Users/franccescobuscicchio/Desktop/rituali-creativi-nuxt/node_modules/@rollup/rollup-linux-s390x-gnu
5418 silly reify mark deleted [
5418 silly reify   '/Users/franccescobuscicchio/Desktop/rituali-creativi-nuxt/node_modules/@rollup/rollup-linux-s390x-gnu'
5418 silly reify ]
5419 verbose reify failed optional dependency /Users/franccescobuscicchio/Desktop/rituali-creativi-nuxt/node_modules/@rollup/rollup-linux-riscv64-musl
5420 silly reify mark deleted [
5420 silly reify   '/Users/franccescobuscicchio/Desktop/rituali-creativi-nuxt/node_modules/@rollup/rollup-linux-riscv64-musl'
5420 silly reify ]
5421 verbose reify failed optional dependency /Users/franccescobuscicchio/Desktop/rituali-creativi-nuxt/node_modules/@rollup/rollup-linux-riscv64-gnu
5422 silly reify mark deleted [
5422 silly reify   '/Users/franccescobuscicchio/Desktop/rituali-creativi-nuxt/node_modules/@rollup/rollup-linux-riscv64-gnu'
5422 silly reify ]
5423 verbose reify failed optional dependency /Users/franccescobuscicchio/Desktop/rituali-creativi-nuxt/node_modules/@rollup/rollup-linux-ppc64-musl
5424 silly reify mark deleted [
5424 silly reify   '/Users/franccescobuscicchio/Desktop/rituali-creativi-nuxt/node_modules/@rollup/rollup-linux-ppc64-musl'
5424 silly reify ]
5425 verbose reify failed optional dependency /Users/franccescobuscicchio/Desktop/rituali-creativi-nuxt/node_modules/@rollup/rollup-linux-ppc64-gnu
5426 silly reify mark deleted [
5426 silly reify   '/Users/franccescobuscicchio/Desktop/rituali-creativi-nuxt/node_modules/@rollup/rollup-linux-ppc64-gnu'
5426 silly reify ]
5427 verbose reify failed optional dependency /Users/franccescobuscicchio/Desktop/rituali-creativi-nuxt/node_modules/@rollup/rollup-linux-loong64-musl
5428 silly reify mark deleted [
5428 silly reify   '/Users/franccescobuscicchio/Desktop/rituali-creativi-nuxt/node_modules/@rollup/rollup-linux-loong64-musl'
5428 silly reify ]
5429 verbose reify failed optional dependency /Users/franccescobuscicchio/Desktop/rituali-creativi-nuxt/node_modules/@rollup/rollup-linux-loong64-gnu
5430 silly reify mark deleted [
5430 silly reify   '/Users/franccescobuscicchio/Desktop/rituali-creativi-nuxt/node_modules/@rollup/rollup-linux-loong64-gnu'
5430 silly reify ]
5431 verbose reify failed optional dependency /Users/franccescobuscicchio/Desktop/rituali-creativi-nuxt/node_modules/@rollup/rollup-linux-arm64-musl
5432 silly reify mark deleted [
5432 silly reify   '/Users/franccescobuscicchio/Desktop/rituali-creativi-nuxt/node_modules/@rollup/rollup-linux-arm64-musl'
5432 silly reify ]
5433 verbose reify failed optional dependency /Users/franccescobuscicchio/Desktop/rituali-creativi-nuxt/node_modules/@rollup/rollup-linux-arm64-gnu
5434 silly reify mark deleted [
5434 silly reify   '/Users/franccescobuscicchio/Desktop/rituali-creativi-nuxt/node_modules/@rollup/rollup-linux-arm64-gnu'
5434 silly reify ]
5435 verbose reify failed optional dependency /Users/franccescobuscicchio/Desktop/rituali-creativi-nuxt/node_modules/@rollup/rollup-linux-arm-musleabihf
5436 silly reify mark deleted [
5436 silly reify   '/Users/franccescobuscicchio/Desktop/rituali-creativi-nuxt/node_modules/@rollup/rollup-linux-arm-musleabihf'
5436 silly reify ]
5437 verbose reify failed optional dependency /Users/franccescobuscicchio/Desktop/rituali-creativi-nuxt/node_modules/@rollup/rollup-linux-arm-gnueabihf
5438 silly reify mark deleted [
5438 silly reify   '/Users/franccescobuscicchio/Desktop/rituali-creativi-nuxt/node_modules/@rollup/rollup-linux-arm-gnueabihf'
5438 silly reify ]
5439 verbose reify failed optional dependency /Users/franccescobuscicchio/Desktop/rituali-creativi-nuxt/node_modules/@rollup/rollup-freebsd-x64
5440 silly reify mark deleted [
5440 silly reify   '/Users/franccescobuscicchio/Desktop/rituali-creativi-nuxt/node_modules/@rollup/rollup-freebsd-x64'
5440 silly reify ]
5441 verbose reify failed optional dependency /Users/franccescobuscicchio/Desktop/rituali-creativi-nuxt/node_modules/@rollup/rollup-freebsd-arm64
5442 silly reify mark deleted [
5442 silly reify   '/Users/franccescobuscicchio/Desktop/rituali-creativi-nuxt/node_modules/@rollup/rollup-freebsd-arm64'
5442 silly reify ]
5443 verbose reify failed optional dependency /Users/franccescobuscicchio/Desktop/rituali-creativi-nuxt/node_modules/@rollup/rollup-darwin-x64
5444 silly reify mark deleted [
5444 silly reify   '/Users/franccescobuscicchio/Desktop/rituali-creativi-nuxt/node_modules/@rollup/rollup-darwin-x64'
5444 silly reify ]
5445 verbose reify failed optional dependency /Users/franccescobuscicchio/Desktop/rituali-creativi-nuxt/node_modules/@rollup/rollup-android-arm64
5446 silly reify mark deleted [
5446 silly reify   '/Users/franccescobuscicchio/Desktop/rituali-creativi-nuxt/node_modules/@rollup/rollup-android-arm64'
5446 silly reify ]
5447 verbose reify failed optional dependency /Users/franccescobuscicchio/Desktop/rituali-creativi-nuxt/node_modules/@rollup/rollup-android-arm-eabi
5448 silly reify mark deleted [
5448 silly reify   '/Users/franccescobuscicchio/Desktop/rituali-creativi-nuxt/node_modules/@rollup/rollup-android-arm-eabi'
5448 silly reify ]
5449 verbose reify failed optional dependency /Users/franccescobuscicchio/Desktop/rituali-creativi-nuxt/node_modules/@oxc-transform/binding-win32-x64-msvc
5450 silly reify mark deleted [
5450 silly reify   '/Users/franccescobuscicchio/Desktop/rituali-creativi-nuxt/node_modules/@oxc-transform/binding-win32-x64-msvc'
5450 silly reify ]
5451 verbose reify failed optional dependency /Users/franccescobuscicchio/Desktop/rituali-creativi-nuxt/node_modules/@oxc-transform/binding-win32-ia32-msvc
5452 silly reify mark deleted [
5452 silly reify   '/Users/franccescobuscicchio/Desktop/rituali-creativi-nuxt/node_modules/@oxc-transform/binding-win32-ia32-msvc'
5452 silly reify ]
5453 verbose reify failed optional dependency /Users/franccescobuscicchio/Desktop/rituali-creativi-nuxt/node_modules/@oxc-transform/binding-win32-arm64-msvc
5454 silly reify mark deleted [
5454 silly reify   '/Users/franccescobuscicchio/Desktop/rituali-creativi-nuxt/node_modules/@oxc-transform/binding-win32-arm64-msvc'
5454 silly reify ]
5455 verbose reify failed optional dependency /Users/franccescobuscicchio/Desktop/rituali-creativi-nuxt/node_modules/@oxc-transform/binding-wasm32-wasi
5456 silly reify mark deleted [
5456 silly reify   '/Users/franccescobuscicchio/Desktop/rituali-creativi-nuxt/node_modules/@oxc-transform/binding-wasm32-wasi'
5456 silly reify ]
5457 verbose reify failed optional dependency /Users/franccescobuscicchio/Desktop/rituali-creativi-nuxt/node_modules/@oxc-transform/binding-openharmony-arm64
5458 silly reify mark deleted [
5458 silly reify   '/Users/franccescobuscicchio/Desktop/rituali-creativi-nuxt/node_modules/@oxc-transform/binding-openharmony-arm64'
5458 silly reify ]
5459 verbose reify failed optional dependency /Users/franccescobuscicchio/Desktop/rituali-creativi-nuxt/node_modules/@oxc-transform/binding-linux-x64-musl
5460 silly reify mark deleted [
5460 silly reify   '/Users/franccescobuscicchio/Desktop/rituali-creativi-nuxt/node_modules/@oxc-transform/binding-linux-x64-musl'
5460 silly reify ]
5461 verbose reify failed optional dependency /Users/franccescobuscicchio/Desktop/rituali-creativi-nuxt/node_modules/@oxc-transform/binding-linux-x64-gnu
5462 silly reify mark deleted [
5462 silly reify   '/Users/franccescobuscicchio/Desktop/rituali-creativi-nuxt/node_modules/@oxc-transform/binding-linux-x64-gnu'
5462 silly reify ]
5463 verbose reify failed optional dependency /Users/franccescobuscicchio/Desktop/rituali-creativi-nuxt/node_modules/@oxc-transform/binding-linux-s390x-gnu
5464 silly reify mark deleted [
5464 silly reify   '/Users/franccescobuscicchio/Desktop/rituali-creativi-nuxt/node_modules/@oxc-transform/binding-linux-s390x-gnu'
5464 silly reify ]
5465 verbose reify failed optional dependency /Users/franccescobuscicchio/Desktop/rituali-creativi-nuxt/node_modules/@oxc-transform/binding-linux-riscv64-musl
5466 silly reify mark deleted [
5466 silly reify   '/Users/franccescobuscicchio/Desktop/rituali-creativi-nuxt/node_modules/@oxc-transform/binding-linux-riscv64-musl'
5466 silly reify ]
5467 verbose reify failed optional dependency /Users/franccescobuscicchio/Desktop/rituali-creativi-nuxt/node_modules/@oxc-transform/binding-linux-riscv64-gnu
5468 silly reify mark deleted [
5468 silly reify   '/Users/franccescobuscicchio/Desktop/rituali-creativi-nuxt/node_modules/@oxc-transform/binding-linux-riscv64-gnu'
5468 silly reify ]
5469 verbose reify failed optional dependency /Users/franccescobuscicchio/Desktop/rituali-creativi-nuxt/node_modules/@oxc-transform/binding-linux-ppc64-gnu
5470 silly reify mark deleted [
5470 silly reify   '/Users/franccescobuscicchio/Desktop/rituali-creativi-nuxt/node_modules/@oxc-transform/binding-linux-ppc64-gnu'
5470 silly reify ]
5471 verbose reify failed optional dependency /Users/franccescobuscicchio/Desktop/rituali-creativi-nuxt/node_modules/@oxc-transform/binding-linux-arm64-musl
5472 silly reify mark deleted [
5472 silly reify   '/Users/franccescobuscicchio/Desktop/rituali-creativi-nuxt/node_modules/@oxc-transform/binding-linux-arm64-musl'
5472 silly reify ]
5473 verbose reify failed optional dependency /Users/franccescobuscicchio/Desktop/rituali-creativi-nuxt/node_modules/@oxc-transform/binding-linux-arm64-gnu
5474 silly reify mark deleted [
5474 silly reify   '/Users/franccescobuscicchio/Desktop/rituali-creativi-nuxt/node_modules/@oxc-transform/binding-linux-arm64-gnu'
5474 silly reify ]
5475 verbose reify failed optional dependency /Users/franccescobuscicchio/Desktop/rituali-creativi-nuxt/node_modules/@oxc-transform/binding-linux-arm-musleabihf
5476 silly reify mark deleted [
5476 silly reify   '/Users/franccescobuscicchio/Desktop/rituali-creativi-nuxt/node_modules/@oxc-transform/binding-linux-arm-musleabihf'
5476 silly reify ]
5477 verbose reify failed optional dependency /Users/franccescobuscicchio/Desktop/rituali-creativi-nuxt/node_modules/@oxc-transform/binding-linux-arm-gnueabihf
5478 silly reify mark deleted [
5478 silly reify   '/Users/franccescobuscicchio/Desktop/rituali-creativi-nuxt/node_modules/@oxc-transform/binding-linux-arm-gnueabihf'
5478 silly reify ]
5479 verbose reify failed optional dependency /Users/franccescobuscicchio/Desktop/rituali-creativi-nuxt/node_modules/@oxc-transform/binding-freebsd-x64
5480 silly reify mark deleted [
5480 silly reify   '/Users/franccescobuscicchio/Desktop/rituali-creativi-nuxt/node_modules/@oxc-transform/binding-freebsd-x64'
5480 silly reify ]
5481 verbose reify failed optional dependency /Users/franccescobuscicchio/Desktop/rituali-creativi-nuxt/node_modules/@oxc-transform/binding-darwin-x64
5482 silly reify mark deleted [
5482 silly reify   '/Users/franccescobuscicchio/Desktop/rituali-creativi-nuxt/node_modules/@oxc-transform/binding-darwin-x64'
5482 silly reify ]
5483 verbose reify failed optional dependency /Users/franccescobuscicchio/Desktop/rituali-creativi-nuxt/node_modules/@oxc-transform/binding-android-arm64
5484 silly reify mark deleted [
5484 silly reify   '/Users/franccescobuscicchio/Desktop/rituali-creativi-nuxt/node_modules/@oxc-transform/binding-android-arm64'
5484 silly reify ]
5485 verbose reify failed optional dependency /Users/franccescobuscicchio/Desktop/rituali-creativi-nuxt/node_modules/@oxc-transform/binding-android-arm-eabi
5486 silly reify mark deleted [
5486 silly reify   '/Users/franccescobuscicchio/Desktop/rituali-creativi-nuxt/node_modules/@oxc-transform/binding-android-arm-eabi'
5486 silly reify ]
5487 verbose reify failed optional dependency /Users/franccescobuscicchio/Desktop/rituali-creativi-nuxt/node_modules/@oxc-parser/binding-win32-x64-msvc
5488 silly reify mark deleted [
5488 silly reify   '/Users/franccescobuscicchio/Desktop/rituali-creativi-nuxt/node_modules/@oxc-parser/binding-win32-x64-msvc'
5488 silly reify ]
5489 verbose reify failed optional dependency /Users/franccescobuscicchio/Desktop/rituali-creativi-nuxt/node_modules/@oxc-parser/binding-win32-ia32-msvc
5490 silly reify mark deleted [
5490 silly reify   '/Users/franccescobuscicchio/Desktop/rituali-creativi-nuxt/node_modules/@oxc-parser/binding-win32-ia32-msvc'
5490 silly reify ]
5491 verbose reify failed optional dependency /Users/franccescobuscicchio/Desktop/rituali-creativi-nuxt/node_modules/@oxc-parser/binding-win32-arm64-msvc
5492 silly reify mark deleted [
5492 silly reify   '/Users/franccescobuscicchio/Desktop/rituali-creativi-nuxt/node_modules/@oxc-parser/binding-win32-arm64-msvc'
5492 silly reify ]
5493 verbose reify failed optional dependency /Users/franccescobuscicchio/Desktop/rituali-creativi-nuxt/node_modules/@oxc-parser/binding-wasm32-wasi
5494 silly reify mark deleted [
5494 silly reify   '/Users/franccescobuscicchio/Desktop/rituali-creativi-nuxt/node_modules/@oxc-parser/binding-wasm32-wasi'
5494 silly reify ]
5495 verbose reify failed optional dependency /Users/franccescobuscicchio/Desktop/rituali-creativi-nuxt/node_modules/@oxc-parser/binding-openharmony-arm64
5496 silly reify mark deleted [
5496 silly reify   '/Users/franccescobuscicchio/Desktop/rituali-creativi-nuxt/node_modules/@oxc-parser/binding-openharmony-arm64'
5496 silly reify ]
5497 verbose reify failed optional dependency /Users/franccescobuscicchio/Desktop/rituali-creativi-nuxt/node_modules/@oxc-parser/binding-linux-x64-musl
5498 silly reify mark deleted [
5498 silly reify   '/Users/franccescobuscicchio/Desktop/rituali-creativi-nuxt/node_modules/@oxc-parser/binding-linux-x64-musl'
5498 silly reify ]
5499 verbose reify failed optional dependency /Users/franccescobuscicchio/Desktop/rituali-creativi-nuxt/node_modules/@oxc-parser/binding-linux-x64-gnu
5500 silly reify mark deleted [
5500 silly reify   '/Users/franccescobuscicchio/Desktop/rituali-creativi-nuxt/node_modules/@oxc-parser/binding-linux-x64-gnu'
5500 silly reify ]
5501 verbose reify failed optional dependency /Users/franccescobuscicchio/Desktop/rituali-creativi-nuxt/node_modules/@oxc-parser/binding-linux-s390x-gnu
5502 silly reify mark deleted [
5502 silly reify   '/Users/franccescobuscicchio/Desktop/rituali-creativi-nuxt/node_modules/@oxc-parser/binding-linux-s390x-gnu'
5502 silly reify ]
5503 verbose reify failed optional dependency /Users/franccescobuscicchio/Desktop/rituali-creativi-nuxt/node_modules/@oxc-parser/binding-linux-riscv64-musl
5504 silly reify mark deleted [
5504 silly reify   '/Users/franccescobuscicchio/Desktop/rituali-creativi-nuxt/node_modules/@oxc-parser/binding-linux-riscv64-musl'
5504 silly reify ]
5505 verbose reify failed optional dependency /Users/franccescobuscicchio/Desktop/rituali-creativi-nuxt/node_modules/@oxc-parser/binding-linux-riscv64-gnu
5506 silly reify mark deleted [
5506 silly reify   '/Users/franccescobuscicchio/Desktop/rituali-creativi-nuxt/node_modules/@oxc-parser/binding-linux-riscv64-gnu'
5506 silly reify ]
5507 verbose reify failed optional dependency /Users/franccescobuscicchio/Desktop/rituali-creativi-nuxt/node_modules/@oxc-parser/binding-linux-ppc64-gnu
5508 silly reify mark deleted [
5508 silly reify   '/Users/franccescobuscicchio/Desktop/rituali-creativi-nuxt/node_modules/@oxc-parser/binding-linux-ppc64-gnu'
5508 silly reify ]
5509 verbose reify failed optional dependency /Users/franccescobuscicchio/Desktop/rituali-creativi-nuxt/node_modules/@oxc-parser/binding-linux-arm64-musl
5510 silly reify mark deleted [
5510 silly reify   '/Users/franccescobuscicchio/Desktop/rituali-creativi-nuxt/node_modules/@oxc-parser/binding-linux-arm64-musl'
5510 silly reify ]
5511 verbose reify failed optional dependency /Users/franccescobuscicchio/Desktop/rituali-creativi-nuxt/node_modules/@oxc-parser/binding-linux-arm64-gnu
5512 silly reify mark deleted [
5512 silly reify   '/Users/franccescobuscicchio/Desktop/rituali-creativi-nuxt/node_modules/@oxc-parser/binding-linux-arm64-gnu'
5512 silly reify ]
5513 verbose reify failed optional dependency /Users/franccescobuscicchio/Desktop/rituali-creativi-nuxt/node_modules/@oxc-parser/binding-linux-arm-musleabihf
5514 silly reify mark deleted [
5514 silly reify   '/Users/franccescobuscicchio/Desktop/rituali-creativi-nuxt/node_modules/@oxc-parser/binding-linux-arm-musleabihf'
5514 silly reify ]
5515 verbose reify failed optional dependency /Users/franccescobuscicchio/Desktop/rituali-creativi-nuxt/node_modules/@oxc-parser/binding-linux-arm-gnueabihf
5516 silly reify mark deleted [
5516 silly reify   '/Users/franccescobuscicchio/Desktop/rituali-creativi-nuxt/node_modules/@oxc-parser/binding-linux-arm-gnueabihf'
5516 silly reify ]
5517 verbose reify failed optional dependency /Users/franccescobuscicchio/Desktop/rituali-creativi-nuxt/node_modules/@oxc-parser/binding-freebsd-x64
5518 silly reify mark deleted [
5518 silly reify   '/Users/franccescobuscicchio/Desktop/rituali-creativi-nuxt/node_modules/@oxc-parser/binding-freebsd-x64'
5518 silly reify ]
5519 verbose reify failed optional dependency /Users/franccescobuscicchio/Desktop/rituali-creativi-nuxt/node_modules/@oxc-parser/binding-darwin-x64
5520 silly reify mark deleted [
5520 silly reify   '/Users/franccescobuscicchio/Desktop/rituali-creativi-nuxt/node_modules/@oxc-parser/binding-darwin-x64'
5520 silly reify ]
5521 verbose reify failed optional dependency /Users/franccescobuscicchio/Desktop/rituali-creativi-nuxt/node_modules/@oxc-parser/binding-android-arm64
5522 silly reify mark deleted [
5522 silly reify   '/Users/franccescobuscicchio/Desktop/rituali-creativi-nuxt/node_modules/@oxc-parser/binding-android-arm64'
5522 silly reify ]
5523 verbose reify failed optional dependency /Users/franccescobuscicchio/Desktop/rituali-creativi-nuxt/node_modules/@oxc-parser/binding-android-arm-eabi
5524 silly reify mark deleted [
5524 silly reify   '/Users/franccescobuscicchio/Desktop/rituali-creativi-nuxt/node_modules/@oxc-parser/binding-android-arm-eabi'
5524 silly reify ]
5525 verbose reify failed optional dependency /Users/franccescobuscicchio/Desktop/rituali-creativi-nuxt/node_modules/@oxc-minify/binding-win32-x64-msvc
5526 silly reify mark deleted [
5526 silly reify   '/Users/franccescobuscicchio/Desktop/rituali-creativi-nuxt/node_modules/@oxc-minify/binding-win32-x64-msvc'
5526 silly reify ]
5527 verbose reify failed optional dependency /Users/franccescobuscicchio/Desktop/rituali-creativi-nuxt/node_modules/@oxc-minify/binding-win32-ia32-msvc
5528 silly reify mark deleted [
5528 silly reify   '/Users/franccescobuscicchio/Desktop/rituali-creativi-nuxt/node_modules/@oxc-minify/binding-win32-ia32-msvc'
5528 silly reify ]
5529 verbose reify failed optional dependency /Users/franccescobuscicchio/Desktop/rituali-creativi-nuxt/node_modules/@oxc-minify/binding-win32-arm64-msvc
5530 silly reify mark deleted [
5530 silly reify   '/Users/franccescobuscicchio/Desktop/rituali-creativi-nuxt/node_modules/@oxc-minify/binding-win32-arm64-msvc'
5530 silly reify ]
5531 verbose reify failed optional dependency /Users/franccescobuscicchio/Desktop/rituali-creativi-nuxt/node_modules/@oxc-minify/binding-wasm32-wasi
5532 silly reify mark deleted [
5532 silly reify   '/Users/franccescobuscicchio/Desktop/rituali-creativi-nuxt/node_modules/@oxc-minify/binding-wasm32-wasi'
5532 silly reify ]
5533 verbose reify failed optional dependency /Users/franccescobuscicchio/Desktop/rituali-creativi-nuxt/node_modules/@oxc-minify/binding-openharmony-arm64
5534 silly reify mark deleted [
5534 silly reify   '/Users/franccescobuscicchio/Desktop/rituali-creativi-nuxt/node_modules/@oxc-minify/binding-openharmony-arm64'
5534 silly reify ]
5535 verbose reify failed optional dependency /Users/franccescobuscicchio/Desktop/rituali-creativi-nuxt/node_modules/@oxc-minify/binding-linux-x64-musl
5536 silly reify mark deleted [
5536 silly reify   '/Users/franccescobuscicchio/Desktop/rituali-creativi-nuxt/node_modules/@oxc-minify/binding-linux-x64-musl'
5536 silly reify ]
5537 verbose reify failed optional dependency /Users/franccescobuscicchio/Desktop/rituali-creativi-nuxt/node_modules/@oxc-minify/binding-linux-x64-gnu
5538 silly reify mark deleted [
5538 silly reify   '/Users/franccescobuscicchio/Desktop/rituali-creativi-nuxt/node_modules/@oxc-minify/binding-linux-x64-gnu'
5538 silly reify ]
5539 verbose reify failed optional dependency /Users/franccescobuscicchio/Desktop/rituali-creativi-nuxt/node_modules/@oxc-minify/binding-linux-s390x-gnu
5540 silly reify mark deleted [
5540 silly reify   '/Users/franccescobuscicchio/Desktop/rituali-creativi-nuxt/node_modules/@oxc-minify/binding-linux-s390x-gnu'
5540 silly reify ]
5541 verbose reify failed optional dependency /Users/franccescobuscicchio/Desktop/rituali-creativi-nuxt/node_modules/@oxc-minify/binding-linux-riscv64-musl
5542 silly reify mark deleted [
5542 silly reify   '/Users/franccescobuscicchio/Desktop/rituali-creativi-nuxt/node_modules/@oxc-minify/binding-linux-riscv64-musl'
5542 silly reify ]
5543 verbose reify failed optional dependency /Users/franccescobuscicchio/Desktop/rituali-creativi-nuxt/node_modules/@oxc-minify/binding-linux-riscv64-gnu
5544 silly reify mark deleted [
5544 silly reify   '/Users/franccescobuscicchio/Desktop/rituali-creativi-nuxt/node_modules/@oxc-minify/binding-linux-riscv64-gnu'
5544 silly reify ]
5545 verbose reify failed optional dependency /Users/franccescobuscicchio/Desktop/rituali-creativi-nuxt/node_modules/@oxc-minify/binding-linux-ppc64-gnu
5546 silly reify mark deleted [
5546 silly reify   '/Users/franccescobuscicchio/Desktop/rituali-creativi-nuxt/node_modules/@oxc-minify/binding-linux-ppc64-gnu'
5546 silly reify ]
5547 verbose reify failed optional dependency /Users/franccescobuscicchio/Desktop/rituali-creativi-nuxt/node_modules/@oxc-minify/binding-linux-arm64-musl
5548 silly reify mark deleted [
5548 silly reify   '/Users/franccescobuscicchio/Desktop/rituali-creativi-nuxt/node_modules/@oxc-minify/binding-linux-arm64-musl'
5548 silly reify ]
5549 verbose reify failed optional dependency /Users/franccescobuscicchio/Desktop/rituali-creativi-nuxt/node_modules/@oxc-minify/binding-linux-arm64-gnu
5550 silly reify mark deleted [
5550 silly reify   '/Users/franccescobuscicchio/Desktop/rituali-creativi-nuxt/node_modules/@oxc-minify/binding-linux-arm64-gnu'
5550 silly reify ]
5551 verbose reify failed optional dependency /Users/franccescobuscicchio/Desktop/rituali-creativi-nuxt/node_modules/@oxc-minify/binding-linux-arm-musleabihf
5552 silly reify mark deleted [
5552 silly reify   '/Users/franccescobuscicchio/Desktop/rituali-creativi-nuxt/node_modules/@oxc-minify/binding-linux-arm-musleabihf'
5552 silly reify ]
5553 verbose reify failed optional dependency /Users/franccescobuscicchio/Desktop/rituali-creativi-nuxt/node_modules/@oxc-minify/binding-linux-arm-gnueabihf
5554 silly reify mark deleted [
5554 silly reify   '/Users/franccescobuscicchio/Desktop/rituali-creativi-nuxt/node_modules/@oxc-minify/binding-linux-arm-gnueabihf'
5554 silly reify ]
5555 verbose reify failed optional dependency /Users/franccescobuscicchio/Desktop/rituali-creativi-nuxt/node_modules/@oxc-minify/binding-freebsd-x64
5556 silly reify mark deleted [
5556 silly reify   '/Users/franccescobuscicchio/Desktop/rituali-creativi-nuxt/node_modules/@oxc-minify/binding-freebsd-x64'
5556 silly reify ]
5557 verbose reify failed optional dependency /Users/franccescobuscicchio/Desktop/rituali-creativi-nuxt/node_modules/@oxc-minify/binding-darwin-x64
5558 silly reify mark deleted [
5558 silly reify   '/Users/franccescobuscicchio/Desktop/rituali-creativi-nuxt/node_modules/@oxc-minify/binding-darwin-x64'
5558 silly reify ]
5559 verbose reify failed optional dependency /Users/franccescobuscicchio/Desktop/rituali-creativi-nuxt/node_modules/@oxc-minify/binding-android-arm64
5560 silly reify mark deleted [
5560 silly reify   '/Users/franccescobuscicchio/Desktop/rituali-creativi-nuxt/node_modules/@oxc-minify/binding-android-arm64'
5560 silly reify ]
5561 verbose reify failed optional dependency /Users/franccescobuscicchio/Desktop/rituali-creativi-nuxt/node_modules/@oxc-minify/binding-android-arm-eabi
5562 silly reify mark deleted [
5562 silly reify   '/Users/franccescobuscicchio/Desktop/rituali-creativi-nuxt/node_modules/@oxc-minify/binding-android-arm-eabi'
5562 silly reify ]
5563 verbose reify failed optional dependency /Users/franccescobuscicchio/Desktop/rituali-creativi-nuxt/node_modules/@parcel/watcher-win32-x64
5564 silly reify mark deleted [
5564 silly reify   '/Users/franccescobuscicchio/Desktop/rituali-creativi-nuxt/node_modules/@parcel/watcher-win32-x64'
5564 silly reify ]
5565 verbose reify failed optional dependency /Users/franccescobuscicchio/Desktop/rituali-creativi-nuxt/node_modules/@parcel/watcher-win32-ia32
5566 silly reify mark deleted [
5566 silly reify   '/Users/franccescobuscicchio/Desktop/rituali-creativi-nuxt/node_modules/@parcel/watcher-win32-ia32'
5566 silly reify ]
5567 verbose reify failed optional dependency /Users/franccescobuscicchio/Desktop/rituali-creativi-nuxt/node_modules/@parcel/watcher-win32-arm64
5568 silly reify mark deleted [
5568 silly reify   '/Users/franccescobuscicchio/Desktop/rituali-creativi-nuxt/node_modules/@parcel/watcher-win32-arm64'
5568 silly reify ]
5569 verbose reify failed optional dependency /Users/franccescobuscicchio/Desktop/rituali-creativi-nuxt/node_modules/@parcel/watcher-linux-x64-musl
5570 silly reify mark deleted [
5570 silly reify   '/Users/franccescobuscicchio/Desktop/rituali-creativi-nuxt/node_modules/@parcel/watcher-linux-x64-musl'
5570 silly reify ]
5571 verbose reify failed optional dependency /Users/franccescobuscicchio/Desktop/rituali-creativi-nuxt/node_modules/@parcel/watcher-linux-x64-glibc
5572 silly reify mark deleted [
5572 silly reify   '/Users/franccescobuscicchio/Desktop/rituali-creativi-nuxt/node_modules/@parcel/watcher-linux-x64-glibc'
5572 silly reify ]
5573 verbose reify failed optional dependency /Users/franccescobuscicchio/Desktop/rituali-creativi-nuxt/node_modules/@parcel/watcher-linux-arm64-musl
5574 silly reify mark deleted [
5574 silly reify   '/Users/franccescobuscicchio/Desktop/rituali-creativi-nuxt/node_modules/@parcel/watcher-linux-arm64-musl'
5574 silly reify ]
5575 verbose reify failed optional dependency /Users/franccescobuscicchio/Desktop/rituali-creativi-nuxt/node_modules/@parcel/watcher-linux-arm64-glibc
5576 silly reify mark deleted [
5576 silly reify   '/Users/franccescobuscicchio/Desktop/rituali-creativi-nuxt/node_modules/@parcel/watcher-linux-arm64-glibc'
5576 silly reify ]
5577 verbose reify failed optional dependency /Users/franccescobuscicchio/Desktop/rituali-creativi-nuxt/node_modules/@parcel/watcher-linux-arm-musl
5578 silly reify mark deleted [
5578 silly reify   '/Users/franccescobuscicchio/Desktop/rituali-creativi-nuxt/node_modules/@parcel/watcher-linux-arm-musl'
5578 silly reify ]
5579 verbose reify failed optional dependency /Users/franccescobuscicchio/Desktop/rituali-creativi-nuxt/node_modules/@parcel/watcher-linux-arm-glibc
5580 silly reify mark deleted [
5580 silly reify   '/Users/franccescobuscicchio/Desktop/rituali-creativi-nuxt/node_modules/@parcel/watcher-linux-arm-glibc'
5580 silly reify ]
5581 verbose reify failed optional dependency /Users/franccescobuscicchio/Desktop/rituali-creativi-nuxt/node_modules/@parcel/watcher-freebsd-x64
5582 silly reify mark deleted [
5582 silly reify   '/Users/franccescobuscicchio/Desktop/rituali-creativi-nuxt/node_modules/@parcel/watcher-freebsd-x64'
5582 silly reify ]
5583 verbose reify failed optional dependency /Users/franccescobuscicchio/Desktop/rituali-creativi-nuxt/node_modules/@parcel/watcher-darwin-x64
5584 silly reify mark deleted [
5584 silly reify   '/Users/franccescobuscicchio/Desktop/rituali-creativi-nuxt/node_modules/@parcel/watcher-darwin-x64'
5584 silly reify ]
5585 verbose reify failed optional dependency /Users/franccescobuscicchio/Desktop/rituali-creativi-nuxt/node_modules/@parcel/watcher-android-arm64
5586 silly reify mark deleted [
5586 silly reify   '/Users/franccescobuscicchio/Desktop/rituali-creativi-nuxt/node_modules/@parcel/watcher-android-arm64'
5586 silly reify ]
5587 verbose reify failed optional dependency /Users/franccescobuscicchio/Desktop/rituali-creativi-nuxt/node_modules/nitropack/node_modules/@esbuild/win32-x64
5588 silly reify mark deleted [
5588 silly reify   '/Users/franccescobuscicchio/Desktop/rituali-creativi-nuxt/node_modules/nitropack/node_modules/@esbuild/win32-x64'
5588 silly reify ]
5589 verbose reify failed optional dependency /Users/franccescobuscicchio/Desktop/rituali-creativi-nuxt/node_modules/nitropack/node_modules/@esbuild/win32-ia32
5590 silly reify mark deleted [
5590 silly reify   '/Users/franccescobuscicchio/Desktop/rituali-creativi-nuxt/node_modules/nitropack/node_modules/@esbuild/win32-ia32'
5590 silly reify ]
5591 verbose reify failed optional dependency /Users/franccescobuscicchio/Desktop/rituali-creativi-nuxt/node_modules/nitropack/node_modules/@esbuild/win32-arm64
5592 silly reify mark deleted [
5592 silly reify   '/Users/franccescobuscicchio/Desktop/rituali-creativi-nuxt/node_modules/nitropack/node_modules/@esbuild/win32-arm64'
5592 silly reify ]
5593 verbose reify failed optional dependency /Users/franccescobuscicchio/Desktop/rituali-creativi-nuxt/node_modules/nitropack/node_modules/@esbuild/sunos-x64
5594 silly reify mark deleted [
5594 silly reify   '/Users/franccescobuscicchio/Desktop/rituali-creativi-nuxt/node_modules/nitropack/node_modules/@esbuild/sunos-x64'
5594 silly reify ]
5595 verbose reify failed optional dependency /Users/franccescobuscicchio/Desktop/rituali-creativi-nuxt/node_modules/nitropack/node_modules/@esbuild/openharmony-arm64
5596 silly reify mark deleted [
5596 silly reify   '/Users/franccescobuscicchio/Desktop/rituali-creativi-nuxt/node_modules/nitropack/node_modules/@esbuild/openharmony-arm64'
5596 silly reify ]
5597 verbose reify failed optional dependency /Users/franccescobuscicchio/Desktop/rituali-creativi-nuxt/node_modules/nitropack/node_modules/@esbuild/openbsd-x64
5598 silly reify mark deleted [
5598 silly reify   '/Users/franccescobuscicchio/Desktop/rituali-creativi-nuxt/node_modules/nitropack/node_modules/@esbuild/openbsd-x64'
5598 silly reify ]
5599 verbose reify failed optional dependency /Users/franccescobuscicchio/Desktop/rituali-creativi-nuxt/node_modules/nitropack/node_modules/@esbuild/openbsd-arm64
5600 silly reify mark deleted [
5600 silly reify   '/Users/franccescobuscicchio/Desktop/rituali-creativi-nuxt/node_modules/nitropack/node_modules/@esbuild/openbsd-arm64'
5600 silly reify ]
5601 verbose reify failed optional dependency /Users/franccescobuscicchio/Desktop/rituali-creativi-nuxt/node_modules/nitropack/node_modules/@esbuild/netbsd-x64
5602 silly reify mark deleted [
5602 silly reify   '/Users/franccescobuscicchio/Desktop/rituali-creativi-nuxt/node_modules/nitropack/node_modules/@esbuild/netbsd-x64'
5602 silly reify ]
5603 verbose reify failed optional dependency /Users/franccescobuscicchio/Desktop/rituali-creativi-nuxt/node_modules/nitropack/node_modules/@esbuild/netbsd-arm64
5604 silly reify mark deleted [
5604 silly reify   '/Users/franccescobuscicchio/Desktop/rituali-creativi-nuxt/node_modules/nitropack/node_modules/@esbuild/netbsd-arm64'
5604 silly reify ]
5605 verbose reify failed optional dependency /Users/franccescobuscicchio/Desktop/rituali-creativi-nuxt/node_modules/nitropack/node_modules/@esbuild/linux-x64
5606 silly reify mark deleted [
5606 silly reify   '/Users/franccescobuscicchio/Desktop/rituali-creativi-nuxt/node_modules/nitropack/node_modules/@esbuild/linux-x64'
5606 silly reify ]
5607 verbose reify failed optional dependency /Users/franccescobuscicchio/Desktop/rituali-creativi-nuxt/node_modules/nitropack/node_modules/@esbuild/linux-s390x
5608 silly reify mark deleted [
5608 silly reify   '/Users/franccescobuscicchio/Desktop/rituali-creativi-nuxt/node_modules/nitropack/node_modules/@esbuild/linux-s390x'
5608 silly reify ]
5609 verbose reify failed optional dependency /Users/franccescobuscicchio/Desktop/rituali-creativi-nuxt/node_modules/nitropack/node_modules/@esbuild/linux-riscv64
5610 silly reify mark deleted [
5610 silly reify   '/Users/franccescobuscicchio/Desktop/rituali-creativi-nuxt/node_modules/nitropack/node_modules/@esbuild/linux-riscv64'
5610 silly reify ]
5611 verbose reify failed optional dependency /Users/franccescobuscicchio/Desktop/rituali-creativi-nuxt/node_modules/nitropack/node_modules/@esbuild/linux-ppc64
5612 silly reify mark deleted [
5612 silly reify   '/Users/franccescobuscicchio/Desktop/rituali-creativi-nuxt/node_modules/nitropack/node_modules/@esbuild/linux-ppc64'
5612 silly reify ]
5613 verbose reify failed optional dependency /Users/franccescobuscicchio/Desktop/rituali-creativi-nuxt/node_modules/nitropack/node_modules/@esbuild/linux-mips64el
5614 silly reify mark deleted [
5614 silly reify   '/Users/franccescobuscicchio/Desktop/rituali-creativi-nuxt/node_modules/nitropack/node_modules/@esbuild/linux-mips64el'
5614 silly reify ]
5615 verbose reify failed optional dependency /Users/franccescobuscicchio/Desktop/rituali-creativi-nuxt/node_modules/nitropack/node_modules/@esbuild/linux-loong64
5616 silly reify mark deleted [
5616 silly reify   '/Users/franccescobuscicchio/Desktop/rituali-creativi-nuxt/node_modules/nitropack/node_modules/@esbuild/linux-loong64'
5616 silly reify ]
5617 verbose reify failed optional dependency /Users/franccescobuscicchio/Desktop/rituali-creativi-nuxt/node_modules/nitropack/node_modules/@esbuild/linux-ia32
5618 silly reify mark deleted [
5618 silly reify   '/Users/franccescobuscicchio/Desktop/rituali-creativi-nuxt/node_modules/nitropack/node_modules/@esbuild/linux-ia32'
5618 silly reify ]
5619 verbose reify failed optional dependency /Users/franccescobuscicchio/Desktop/rituali-creativi-nuxt/node_modules/nitropack/node_modules/@esbuild/linux-arm64
5620 silly reify mark deleted [
5620 silly reify   '/Users/franccescobuscicchio/Desktop/rituali-creativi-nuxt/node_modules/nitropack/node_modules/@esbuild/linux-arm64'
5620 silly reify ]
5621 verbose reify failed optional dependency /Users/franccescobuscicchio/Desktop/rituali-creativi-nuxt/node_modules/nitropack/node_modules/@esbuild/linux-arm
5622 silly reify mark deleted [
5622 silly reify   '/Users/franccescobuscicchio/Desktop/rituali-creativi-nuxt/node_modules/nitropack/node_modules/@esbuild/linux-arm'
5622 silly reify ]
5623 verbose reify failed optional dependency /Users/franccescobuscicchio/Desktop/rituali-creativi-nuxt/node_modules/nitropack/node_modules/@esbuild/freebsd-x64
5624 silly reify mark deleted [
5624 silly reify   '/Users/franccescobuscicchio/Desktop/rituali-creativi-nuxt/node_modules/nitropack/node_modules/@esbuild/freebsd-x64'
5624 silly reify ]
5625 verbose reify failed optional dependency /Users/franccescobuscicchio/Desktop/rituali-creativi-nuxt/node_modules/nitropack/node_modules/@esbuild/freebsd-arm64
5626 silly reify mark deleted [
5626 silly reify   '/Users/franccescobuscicchio/Desktop/rituali-creativi-nuxt/node_modules/nitropack/node_modules/@esbuild/freebsd-arm64'
5626 silly reify ]
5627 verbose reify failed optional dependency /Users/franccescobuscicchio/Desktop/rituali-creativi-nuxt/node_modules/nitropack/node_modules/@esbuild/darwin-x64
5628 silly reify mark deleted [
5628 silly reify   '/Users/franccescobuscicchio/Desktop/rituali-creativi-nuxt/node_modules/nitropack/node_modules/@esbuild/darwin-x64'
5628 silly reify ]
5629 verbose reify failed optional dependency /Users/franccescobuscicchio/Desktop/rituali-creativi-nuxt/node_modules/nitropack/node_modules/@esbuild/android-x64
5630 silly reify mark deleted [
5630 silly reify   '/Users/franccescobuscicchio/Desktop/rituali-creativi-nuxt/node_modules/nitropack/node_modules/@esbuild/android-x64'
5630 silly reify ]
5631 verbose reify failed optional dependency /Users/franccescobuscicchio/Desktop/rituali-creativi-nuxt/node_modules/nitropack/node_modules/@esbuild/android-arm64
5632 silly reify mark deleted [
5632 silly reify   '/Users/franccescobuscicchio/Desktop/rituali-creativi-nuxt/node_modules/nitropack/node_modules/@esbuild/android-arm64'
5632 silly reify ]
5633 verbose reify failed optional dependency /Users/franccescobuscicchio/Desktop/rituali-creativi-nuxt/node_modules/nitropack/node_modules/@esbuild/android-arm
5634 silly reify mark deleted [
5634 silly reify   '/Users/franccescobuscicchio/Desktop/rituali-creativi-nuxt/node_modules/nitropack/node_modules/@esbuild/android-arm'
5634 silly reify ]
5635 verbose reify failed optional dependency /Users/franccescobuscicchio/Desktop/rituali-creativi-nuxt/node_modules/nitropack/node_modules/@esbuild/aix-ppc64
5636 silly reify mark deleted [
5636 silly reify   '/Users/franccescobuscicchio/Desktop/rituali-creativi-nuxt/node_modules/nitropack/node_modules/@esbuild/aix-ppc64'
5636 silly reify ]
5637 verbose reify failed optional dependency /Users/franccescobuscicchio/Desktop/rituali-creativi-nuxt/node_modules/vite/node_modules/@esbuild/win32-x64
5638 silly reify mark deleted [
5638 silly reify   '/Users/franccescobuscicchio/Desktop/rituali-creativi-nuxt/node_modules/vite/node_modules/@esbuild/win32-x64'
5638 silly reify ]
5639 verbose reify failed optional dependency /Users/franccescobuscicchio/Desktop/rituali-creativi-nuxt/node_modules/vite/node_modules/@esbuild/win32-ia32
5640 silly reify mark deleted [
5640 silly reify   '/Users/franccescobuscicchio/Desktop/rituali-creativi-nuxt/node_modules/vite/node_modules/@esbuild/win32-ia32'
5640 silly reify ]
5641 verbose reify failed optional dependency /Users/franccescobuscicchio/Desktop/rituali-creativi-nuxt/node_modules/vite/node_modules/@esbuild/win32-arm64
5642 silly reify mark deleted [
5642 silly reify   '/Users/franccescobuscicchio/Desktop/rituali-creativi-nuxt/node_modules/vite/node_modules/@esbuild/win32-arm64'
5642 silly reify ]
5643 verbose reify failed optional dependency /Users/franccescobuscicchio/Desktop/rituali-creativi-nuxt/node_modules/vite/node_modules/@esbuild/sunos-x64
5644 silly reify mark deleted [
5644 silly reify   '/Users/franccescobuscicchio/Desktop/rituali-creativi-nuxt/node_modules/vite/node_modules/@esbuild/sunos-x64'
5644 silly reify ]
5645 verbose reify failed optional dependency /Users/franccescobuscicchio/Desktop/rituali-creativi-nuxt/node_modules/vite/node_modules/@esbuild/openharmony-arm64
5646 silly reify mark deleted [
5646 silly reify   '/Users/franccescobuscicchio/Desktop/rituali-creativi-nuxt/node_modules/vite/node_modules/@esbuild/openharmony-arm64'
5646 silly reify ]
5647 verbose reify failed optional dependency /Users/franccescobuscicchio/Desktop/rituali-creativi-nuxt/node_modules/vite/node_modules/@esbuild/openbsd-x64
5648 silly reify mark deleted [
5648 silly reify   '/Users/franccescobuscicchio/Desktop/rituali-creativi-nuxt/node_modules/vite/node_modules/@esbuild/openbsd-x64'
5648 silly reify ]
5649 verbose reify failed optional dependency /Users/franccescobuscicchio/Desktop/rituali-creativi-nuxt/node_modules/vite/node_modules/@esbuild/openbsd-arm64
5650 silly reify mark deleted [
5650 silly reify   '/Users/franccescobuscicchio/Desktop/rituali-creativi-nuxt/node_modules/vite/node_modules/@esbuild/openbsd-arm64'
5650 silly reify ]
5651 verbose reify failed optional dependency /Users/franccescobuscicchio/Desktop/rituali-creativi-nuxt/node_modules/vite/node_modules/@esbuild/netbsd-x64
5652 silly reify mark deleted [
5652 silly reify   '/Users/franccescobuscicchio/Desktop/rituali-creativi-nuxt/node_modules/vite/node_modules/@esbuild/netbsd-x64'
5652 silly reify ]
5653 verbose reify failed optional dependency /Users/franccescobuscicchio/Desktop/rituali-creativi-nuxt/node_modules/vite/node_modules/@esbuild/netbsd-arm64
5654 silly reify mark deleted [
5654 silly reify   '/Users/franccescobuscicchio/Desktop/rituali-creativi-nuxt/node_modules/vite/node_modules/@esbuild/netbsd-arm64'
5654 silly reify ]
5655 verbose reify failed optional dependency /Users/franccescobuscicchio/Desktop/rituali-creativi-nuxt/node_modules/vite/node_modules/@esbuild/linux-x64
5656 silly reify mark deleted [
5656 silly reify   '/Users/franccescobuscicchio/Desktop/rituali-creativi-nuxt/node_modules/vite/node_modules/@esbuild/linux-x64'
5656 silly reify ]
5657 verbose reify failed optional dependency /Users/franccescobuscicchio/Desktop/rituali-creativi-nuxt/node_modules/vite/node_modules/@esbuild/linux-s390x
5658 silly reify mark deleted [
5658 silly reify   '/Users/franccescobuscicchio/Desktop/rituali-creativi-nuxt/node_modules/vite/node_modules/@esbuild/linux-s390x'
5658 silly reify ]
5659 verbose reify failed optional dependency /Users/franccescobuscicchio/Desktop/rituali-creativi-nuxt/node_modules/vite/node_modules/@esbuild/linux-riscv64
5660 silly reify mark deleted [
5660 silly reify   '/Users/franccescobuscicchio/Desktop/rituali-creativi-nuxt/node_modules/vite/node_modules/@esbuild/linux-riscv64'
5660 silly reify ]
5661 verbose reify failed optional dependency /Users/franccescobuscicchio/Desktop/rituali-creativi-nuxt/node_modules/vite/node_modules/@esbuild/linux-ppc64
5662 silly reify mark deleted [
5662 silly reify   '/Users/franccescobuscicchio/Desktop/rituali-creativi-nuxt/node_modules/vite/node_modules/@esbuild/linux-ppc64'
5662 silly reify ]
5663 verbose reify failed optional dependency /Users/franccescobuscicchio/Desktop/rituali-creativi-nuxt/node_modules/vite/node_modules/@esbuild/linux-mips64el
5664 silly reify mark deleted [
5664 silly reify   '/Users/franccescobuscicchio/Desktop/rituali-creativi-nuxt/node_modules/vite/node_modules/@esbuild/linux-mips64el'
5664 silly reify ]
5665 verbose reify failed optional dependency /Users/franccescobuscicchio/Desktop/rituali-creativi-nuxt/node_modules/vite/node_modules/@esbuild/linux-loong64
5666 silly reify mark deleted [
5666 silly reify   '/Users/franccescobuscicchio/Desktop/rituali-creativi-nuxt/node_modules/vite/node_modules/@esbuild/linux-loong64'
5666 silly reify ]
5667 verbose reify failed optional dependency /Users/franccescobuscicchio/Desktop/rituali-creativi-nuxt/node_modules/vite/node_modules/@esbuild/linux-ia32
5668 silly reify mark deleted [
5668 silly reify   '/Users/franccescobuscicchio/Desktop/rituali-creativi-nuxt/node_modules/vite/node_modules/@esbuild/linux-ia32'
5668 silly reify ]
5669 verbose reify failed optional dependency /Users/franccescobuscicchio/Desktop/rituali-creativi-nuxt/node_modules/vite/node_modules/@esbuild/linux-arm64
5670 silly reify mark deleted [
5670 silly reify   '/Users/franccescobuscicchio/Desktop/rituali-creativi-nuxt/node_modules/vite/node_modules/@esbuild/linux-arm64'
5670 silly reify ]
5671 verbose reify failed optional dependency /Users/franccescobuscicchio/Desktop/rituali-creativi-nuxt/node_modules/vite/node_modules/@esbuild/linux-arm
5672 silly reify mark deleted [
5672 silly reify   '/Users/franccescobuscicchio/Desktop/rituali-creativi-nuxt/node_modules/vite/node_modules/@esbuild/linux-arm'
5672 silly reify ]
5673 verbose reify failed optional dependency /Users/franccescobuscicchio/Desktop/rituali-creativi-nuxt/node_modules/vite/node_modules/@esbuild/freebsd-x64
5674 silly reify mark deleted [
5674 silly reify   '/Users/franccescobuscicchio/Desktop/rituali-creativi-nuxt/node_modules/vite/node_modules/@esbuild/freebsd-x64'
5674 silly reify ]
5675 verbose reify failed optional dependency /Users/franccescobuscicchio/Desktop/rituali-creativi-nuxt/node_modules/vite/node_modules/@esbuild/freebsd-arm64
5676 silly reify mark deleted [
5676 silly reify   '/Users/franccescobuscicchio/Desktop/rituali-creativi-nuxt/node_modules/vite/node_modules/@esbuild/freebsd-arm64'
5676 silly reify ]
5677 verbose reify failed optional dependency /Users/franccescobuscicchio/Desktop/rituali-creativi-nuxt/node_modules/vite/node_modules/@esbuild/darwin-x64
5678 silly reify mark deleted [
5678 silly reify   '/Users/franccescobuscicchio/Desktop/rituali-creativi-nuxt/node_modules/vite/node_modules/@esbuild/darwin-x64'
5678 silly reify ]
5679 verbose reify failed optional dependency /Users/franccescobuscicchio/Desktop/rituali-creativi-nuxt/node_modules/vite/node_modules/@esbuild/android-x64
5680 silly reify mark deleted [
5680 silly reify   '/Users/franccescobuscicchio/Desktop/rituali-creativi-nuxt/node_modules/vite/node_modules/@esbuild/android-x64'
5680 silly reify ]
5681 verbose reify failed optional dependency /Users/franccescobuscicchio/Desktop/rituali-creativi-nuxt/node_modules/vite/node_modules/@esbuild/android-arm64
5682 silly reify mark deleted [
5682 silly reify   '/Users/franccescobuscicchio/Desktop/rituali-creativi-nuxt/node_modules/vite/node_modules/@esbuild/android-arm64'
5682 silly reify ]
5683 verbose reify failed optional dependency /Users/franccescobuscicchio/Desktop/rituali-creativi-nuxt/node_modules/vite/node_modules/@esbuild/android-arm
5684 silly reify mark deleted [
5684 silly reify   '/Users/franccescobuscicchio/Desktop/rituali-creativi-nuxt/node_modules/vite/node_modules/@esbuild/android-arm'
5684 silly reify ]
5685 verbose reify failed optional dependency /Users/franccescobuscicchio/Desktop/rituali-creativi-nuxt/node_modules/vite/node_modules/@esbuild/aix-ppc64
5686 silly reify mark deleted [
5686 silly reify   '/Users/franccescobuscicchio/Desktop/rituali-creativi-nuxt/node_modules/vite/node_modules/@esbuild/aix-ppc64'
5686 silly reify ]
5687 verbose reify failed optional dependency /Users/franccescobuscicchio/Desktop/rituali-creativi-nuxt/node_modules/@esbuild/win32-x64
5688 silly reify mark deleted [
5688 silly reify   '/Users/franccescobuscicchio/Desktop/rituali-creativi-nuxt/node_modules/@esbuild/win32-x64'
5688 silly reify ]
5689 verbose reify failed optional dependency /Users/franccescobuscicchio/Desktop/rituali-creativi-nuxt/node_modules/@esbuild/win32-ia32
5690 silly reify mark deleted [
5690 silly reify   '/Users/franccescobuscicchio/Desktop/rituali-creativi-nuxt/node_modules/@esbuild/win32-ia32'
5690 silly reify ]
5691 verbose reify failed optional dependency /Users/franccescobuscicchio/Desktop/rituali-creativi-nuxt/node_modules/@esbuild/win32-arm64
5692 silly reify mark deleted [
5692 silly reify   '/Users/franccescobuscicchio/Desktop/rituali-creativi-nuxt/node_modules/@esbuild/win32-arm64'
5692 silly reify ]
5693 verbose reify failed optional dependency /Users/franccescobuscicchio/Desktop/rituali-creativi-nuxt/node_modules/@esbuild/sunos-x64
5694 silly reify mark deleted [
5694 silly reify   '/Users/franccescobuscicchio/Desktop/rituali-creativi-nuxt/node_modules/@esbuild/sunos-x64'
5694 silly reify ]
5695 verbose reify failed optional dependency /Users/franccescobuscicchio/Desktop/rituali-creativi-nuxt/node_modules/@esbuild/openharmony-arm64
5696 silly reify mark deleted [
5696 silly reify   '/Users/franccescobuscicchio/Desktop/rituali-creativi-nuxt/node_modules/@esbuild/openharmony-arm64'
5696 silly reify ]
5697 verbose reify failed optional dependency /Users/franccescobuscicchio/Desktop/rituali-creativi-nuxt/node_modules/@esbuild/openbsd-x64
5698 silly reify mark deleted [
5698 silly reify   '/Users/franccescobuscicchio/Desktop/rituali-creativi-nuxt/node_modules/@esbuild/openbsd-x64'
5698 silly reify ]
5699 verbose reify failed optional dependency /Users/franccescobuscicchio/Desktop/rituali-creativi-nuxt/node_modules/@esbuild/openbsd-arm64
5700 silly reify mark deleted [
5700 silly reify   '/Users/franccescobuscicchio/Desktop/rituali-creativi-nuxt/node_modules/@esbuild/openbsd-arm64'
5700 silly reify ]
5701 verbose reify failed optional dependency /Users/franccescobuscicchio/Desktop/rituali-creativi-nuxt/node_modules/@esbuild/netbsd-x64
5702 silly reify mark deleted [
5702 silly reify   '/Users/franccescobuscicchio/Desktop/rituali-creativi-nuxt/node_modules/@esbuild/netbsd-x64'
5702 silly reify ]
5703 verbose reify failed optional dependency /Users/franccescobuscicchio/Desktop/rituali-creativi-nuxt/node_modules/@esbuild/netbsd-arm64
5704 silly reify mark deleted [
5704 silly reify   '/Users/franccescobuscicchio/Desktop/rituali-creativi-nuxt/node_modules/@esbuild/netbsd-arm64'
5704 silly reify ]
5705 verbose reify failed optional dependency /Users/franccescobuscicchio/Desktop/rituali-creativi-nuxt/node_modules/@esbuild/linux-x64
5706 silly reify mark deleted [
5706 silly reify   '/Users/franccescobuscicchio/Desktop/rituali-creativi-nuxt/node_modules/@esbuild/linux-x64'
5706 silly reify ]
5707 verbose reify failed optional dependency /Users/franccescobuscicchio/Desktop/rituali-creativi-nuxt/node_modules/@esbuild/linux-s390x
5708 silly reify mark deleted [
5708 silly reify   '/Users/franccescobuscicchio/Desktop/rituali-creativi-nuxt/node_modules/@esbuild/linux-s390x'
5708 silly reify ]
5709 verbose reify failed optional dependency /Users/franccescobuscicchio/Desktop/rituali-creativi-nuxt/node_modules/@esbuild/linux-riscv64
5710 silly reify mark deleted [
5710 silly reify   '/Users/franccescobuscicchio/Desktop/rituali-creativi-nuxt/node_modules/@esbuild/linux-riscv64'
5710 silly reify ]
5711 verbose reify failed optional dependency /Users/franccescobuscicchio/Desktop/rituali-creativi-nuxt/node_modules/@esbuild/linux-ppc64
5712 silly reify mark deleted [
5712 silly reify   '/Users/franccescobuscicchio/Desktop/rituali-creativi-nuxt/node_modules/@esbuild/linux-ppc64'
5712 silly reify ]
5713 verbose reify failed optional dependency /Users/franccescobuscicchio/Desktop/rituali-creativi-nuxt/node_modules/@esbuild/linux-mips64el
5714 silly reify mark deleted [
5714 silly reify   '/Users/franccescobuscicchio/Desktop/rituali-creativi-nuxt/node_modules/@esbuild/linux-mips64el'
5714 silly reify ]
5715 verbose reify failed optional dependency /Users/franccescobuscicchio/Desktop/rituali-creativi-nuxt/node_modules/@esbuild/linux-loong64
5716 silly reify mark deleted [
5716 silly reify   '/Users/franccescobuscicchio/Desktop/rituali-creativi-nuxt/node_modules/@esbuild/linux-loong64'
5716 silly reify ]
5717 verbose reify failed optional dependency /Users/franccescobuscicchio/Desktop/rituali-creativi-nuxt/node_modules/@esbuild/linux-ia32
5718 silly reify mark deleted [
5718 silly reify   '/Users/franccescobuscicchio/Desktop/rituali-creativi-nuxt/node_modules/@esbuild/linux-ia32'
5718 silly reify ]
5719 verbose reify failed optional dependency /Users/franccescobuscicchio/Desktop/rituali-creativi-nuxt/node_modules/@esbuild/linux-arm64
5720 silly reify mark deleted [
5720 silly reify   '/Users/franccescobuscicchio/Desktop/rituali-creativi-nuxt/node_modules/@esbuild/linux-arm64'
5720 silly reify ]
5721 verbose reify failed optional dependency /Users/franccescobuscicchio/Desktop/rituali-creativi-nuxt/node_modules/@esbuild/linux-arm
5722 silly reify mark deleted [
5722 silly reify   '/Users/franccescobuscicchio/Desktop/rituali-creativi-nuxt/node_modules/@esbuild/linux-arm'
5722 silly reify ]
5723 verbose reify failed optional dependency /Users/franccescobuscicchio/Desktop/rituali-creativi-nuxt/node_modules/@esbuild/freebsd-x64
5724 silly reify mark deleted [
5724 silly reify   '/Users/franccescobuscicchio/Desktop/rituali-creativi-nuxt/node_modules/@esbuild/freebsd-x64'
5724 silly reify ]
5725 verbose reify failed optional dependency /Users/franccescobuscicchio/Desktop/rituali-creativi-nuxt/node_modules/@esbuild/freebsd-arm64
5726 silly reify mark deleted [
5726 silly reify   '/Users/franccescobuscicchio/Desktop/rituali-creativi-nuxt/node_modules/@esbuild/freebsd-arm64'
5726 silly reify ]
5727 verbose reify failed optional dependency /Users/franccescobuscicchio/Desktop/rituali-creativi-nuxt/node_modules/@esbuild/darwin-x64
5728 silly reify mark deleted [
5728 silly reify   '/Users/franccescobuscicchio/Desktop/rituali-creativi-nuxt/node_modules/@esbuild/darwin-x64'
5728 silly reify ]
5729 verbose reify failed optional dependency /Users/franccescobuscicchio/Desktop/rituali-creativi-nuxt/node_modules/@esbuild/android-x64
5730 silly reify mark deleted [
5730 silly reify   '/Users/franccescobuscicchio/Desktop/rituali-creativi-nuxt/node_modules/@esbuild/android-x64'
5730 silly reify ]
5731 verbose reify failed optional dependency /Users/franccescobuscicchio/Desktop/rituali-creativi-nuxt/node_modules/@esbuild/android-arm64
5732 silly reify mark deleted [
5732 silly reify   '/Users/franccescobuscicchio/Desktop/rituali-creativi-nuxt/node_modules/@esbuild/android-arm64'
5732 silly reify ]
5733 verbose reify failed optional dependency /Users/franccescobuscicchio/Desktop/rituali-creativi-nuxt/node_modules/@esbuild/android-arm
5734 silly reify mark deleted [
5734 silly reify   '/Users/franccescobuscicchio/Desktop/rituali-creativi-nuxt/node_modules/@esbuild/android-arm'
5734 silly reify ]
5735 verbose reify failed optional dependency /Users/franccescobuscicchio/Desktop/rituali-creativi-nuxt/node_modules/@esbuild/aix-ppc64
5736 silly reify mark deleted [
5736 silly reify   '/Users/franccescobuscicchio/Desktop/rituali-creativi-nuxt/node_modules/@esbuild/aix-ppc64'
5736 silly reify ]
5737 http cache he@https://registry.npmjs.org/he/-/he-1.2.0.tgz 0ms (cache hit)
5738 http cache de-indent@https://registry.npmjs.org/de-indent/-/de-indent-1.0.2.tgz 0ms (cache hit)
5739 http cache @vue/compiler-vue2@https://registry.npmjs.org/@vue/compiler-vue2/-/compiler-vue2-2.7.16.tgz 0ms (cache hit)
5740 http cache binary-extensions@https://registry.npmjs.org/binary-extensions/-/binary-extensions-2.3.0.tgz 0ms (cache hit)
5741 http cache is-binary-path@https://registry.npmjs.org/is-binary-path/-/is-binary-path-2.1.0.tgz 0ms (cache hit)
5742 http cache require-directory@https://registry.npmjs.org/require-directory/-/require-directory-2.1.1.tgz 0ms (cache hit)
5743 http cache concat-map@https://registry.npmjs.org/concat-map/-/concat-map-0.0.1.tgz 0ms (cache hit)
5744 http cache wrappy@https://registry.npmjs.org/wrappy/-/wrappy-1.0.2.tgz 0ms (cache hit)
5745 http cache once@https://registry.npmjs.org/once/-/once-1.4.0.tgz 0ms (cache hit)
5746 http cache inflight@https://registry.npmjs.org/inflight/-/inflight-1.0.6.tgz 0ms (cache hit)
5747 http cache fs.realpath@https://registry.npmjs.org/fs.realpath/-/fs.realpath-1.0.0.tgz 0ms (cache hit)
5748 http cache process-nextick-args@https://registry.npmjs.org/process-nextick-args/-/process-nextick-args-2.0.1.tgz 0ms (cache hit)
5749 http cache isarray@https://registry.npmjs.org/isarray/-/isarray-1.0.0.tgz 0ms (cache hit)
5750 http cache core-util-is@https://registry.npmjs.org/core-util-is/-/core-util-is-1.0.3.tgz 0ms (cache hit)
5751 http cache eastasianwidth@https://registry.npmjs.org/eastasianwidth/-/eastasianwidth-0.2.0.tgz 0ms (cache hit)
5752 http cache is-fullwidth-code-point@https://registry.npmjs.org/is-fullwidth-code-point/-/is-fullwidth-code-point-3.0.0.tgz 0ms (cache hit)
5753 http cache wrap-ansi-cjs@https://registry.npmjs.org/wrap-ansi/-/wrap-ansi-7.0.0.tgz 0ms (cache hit)
5754 http cache strip-ansi-cjs@https://registry.npmjs.org/strip-ansi/-/strip-ansi-6.0.1.tgz 0ms (cache hit)
5755 http cache string-width-cjs@https://registry.npmjs.org/string-width/-/string-width-4.2.3.tgz 0ms (cache hit)
5756 http cache @pkgjs/parseargs@https://registry.npmjs.org/@pkgjs/parseargs/-/parseargs-0.11.0.tgz 0ms (cache hit)
5757 http cache package-json-from-dist@https://registry.npmjs.org/package-json-from-dist/-/package-json-from-dist-1.0.1.tgz 0ms (cache hit)
5758 http cache jackspeak@https://registry.npmjs.org/jackspeak/-/jackspeak-3.4.3.tgz 0ms (cache hit)
5759 http cache foreground-child@https://registry.npmjs.org/foreground-child/-/foreground-child-3.3.1.tgz 0ms (cache hit)
5760 http cache crc32-stream@https://registry.npmjs.org/crc32-stream/-/crc32-stream-6.0.0.tgz 0ms (cache hit)
5761 http cache crc-32@https://registry.npmjs.org/crc-32/-/crc-32-1.2.2.tgz 0ms (cache hit)
5762 http cache compress-commons@https://registry.npmjs.org/compress-commons/-/compress-commons-6.0.2.tgz 0ms (cache hit)
5763 http cache @poppinss/exception@https://registry.npmjs.org/@poppinss/exception/-/exception-1.2.3.tgz 0ms (cache hit)
5764 http cache @sindresorhus/is@https://registry.npmjs.org/@sindresorhus/is/-/is-7.2.0.tgz 0ms (cache hit)
5765 http cache kleur@https://registry.npmjs.org/kleur/-/kleur-4.1.5.tgz 0ms (cache hit)
5766 http cache @poppinss/dumper@https://registry.npmjs.org/@poppinss/dumper/-/dumper-0.7.0.tgz 0ms (cache hit)
5767 http cache @speed-highlight/core@https://registry.npmjs.org/@speed-highlight/core/-/core-1.2.15.tgz 0ms (cache hit)
5768 http cache @poppinss/colors@https://registry.npmjs.org/@poppinss/colors/-/colors-4.1.6.tgz 0ms (cache hit)
5769 http cache @isaacs/cliui@https://registry.npmjs.org/@isaacs/cliui/-/cliui-8.0.2.tgz 0ms (cache hit)
5770 http cache ansi-regex@https://registry.npmjs.org/ansi-regex/-/ansi-regex-6.2.2.tgz 0ms (cache hit)
5771 http cache emoji-regex@https://registry.npmjs.org/emoji-regex/-/emoji-regex-10.6.0.tgz 0ms (cache hit)
5772 http cache get-east-asian-width@https://registry.npmjs.org/get-east-asian-width/-/get-east-asian-width-1.6.0.tgz 0ms (cache hit)
5773 http cache strip-ansi@https://registry.npmjs.org/strip-ansi/-/strip-ansi-7.2.0.tgz 0ms (cache hit)
5774 http cache yargs-parser@https://registry.npmjs.org/yargs-parser/-/yargs-parser-22.0.0.tgz 0ms (cache hit)
5775 http cache wrap-ansi@https://registry.npmjs.org/wrap-ansi/-/wrap-ansi-9.0.2.tgz 0ms (cache hit)
5776 http cache y18n@https://registry.npmjs.org/y18n/-/y18n-5.0.8.tgz 0ms (cache hit)
5777 http cache get-caller-file@https://registry.npmjs.org/get-caller-file/-/get-caller-file-2.0.5.tgz 0ms (cache hit)
5778 http cache string-width@https://registry.npmjs.org/string-width/-/string-width-7.2.0.tgz 0ms (cache hit)
5779 http cache cliui@https://registry.npmjs.org/cliui/-/cliui-9.0.1.tgz 0ms (cache hit)
5780 http cache isexe@https://registry.npmjs.org/isexe/-/isexe-2.0.0.tgz 0ms (cache hit)
5781 http cache is-wsl@https://registry.npmjs.org/is-wsl/-/is-wsl-3.1.1.tgz 0ms (cache hit)
5782 http cache webidl-conversions@https://registry.npmjs.org/webidl-conversions/-/webidl-conversions-3.0.1.tgz 0ms (cache hit)
5783 http cache tr46@https://registry.npmjs.org/tr46/-/tr46-0.0.3.tgz 0ms (cache hit)
5784 http cache @volar/typescript@https://registry.npmjs.org/@volar/typescript/-/typescript-2.4.15.tgz 0ms (cache hit)
5785 http cache csstype@https://registry.npmjs.org/csstype/-/csstype-3.2.3.tgz 0ms (cache hit)
5786 http cache @vue/runtime-core@https://registry.npmjs.org/@vue/runtime-core/-/runtime-core-3.5.34.tgz 0ms (cache hit)
5787 http cache @vue/reactivity@https://registry.npmjs.org/@vue/reactivity/-/reactivity-3.5.34.tgz 0ms (cache hit)
5788 http cache @vue/server-renderer@https://registry.npmjs.org/@vue/server-renderer/-/server-renderer-3.5.34.tgz 0ms (cache hit)
5789 http cache @vue/runtime-dom@https://registry.npmjs.org/@vue/runtime-dom/-/runtime-dom-3.5.34.tgz 0ms (cache hit)
5790 http cache vite-hot-client@https://registry.npmjs.org/vite-hot-client/-/vite-hot-client-2.2.0.tgz 0ms (cache hit)
5791 http cache vite-dev-rpc@https://registry.npmjs.org/vite-dev-rpc/-/vite-dev-rpc-1.1.0.tgz 0ms (cache hit)
5792 http cache ansis@https://registry.npmjs.org/ansis/-/ansis-4.2.0.tgz 0ms (cache hit)
5793 http cache retry@https://registry.npmjs.org/retry/-/retry-0.12.0.tgz 0ms (cache hit)
5794 http cache vscode-uri@https://registry.npmjs.org/vscode-uri/-/vscode-uri-3.1.0.tgz 0ms (cache hit)
5795 http cache proper-lockfile@https://registry.npmjs.org/proper-lockfile/-/proper-lockfile-4.1.2.tgz 0ms (cache hit)
5796 http cache @vue/devtools-api@https://registry.npmjs.org/@vue/devtools-api/-/devtools-api-6.6.4.tgz 0ms (cache hit)
5797 http cache obug@https://registry.npmjs.org/obug/-/obug-2.1.1.tgz 0ms (cache hit)
5798 http cache cac@https://registry.npmjs.org/cac/-/cac-6.7.14.tgz 0ms (cache hit)
5799 http cache escalade@https://registry.npmjs.org/escalade/-/escalade-3.2.0.tgz 0ms (cache hit)
5800 http cache tiny-invariant@https://registry.npmjs.org/tiny-invariant/-/tiny-invariant-1.3.3.tgz 0ms (cache hit)
5801 http cache anymatch@https://registry.npmjs.org/anymatch/-/anymatch-3.1.3.tgz 0ms (cache hit)
5802 http cache @volar/source-map@https://registry.npmjs.org/@volar/source-map/-/source-map-2.4.28.tgz 0ms (cache hit)
5803 http cache path-browserify@https://registry.npmjs.org/path-browserify/-/path-browserify-1.0.1.tgz 0ms (cache hit)
5804 http cache alien-signals@https://registry.npmjs.org/alien-signals/-/alien-signals-3.1.2.tgz 0ms (cache hit)
5805 http cache @volar/language-core@https://registry.npmjs.org/@volar/language-core/-/language-core-2.4.28.tgz 0ms (cache hit)
5806 http cache magic-string-ast@https://registry.npmjs.org/magic-string-ast/-/magic-string-ast-1.0.3.tgz 0ms (cache hit)
5807 http cache ast-kit@https://registry.npmjs.org/ast-kit/-/ast-kit-2.2.0.tgz 0ms (cache hit)
5808 http cache yaml@https://registry.npmjs.org/yaml/-/yaml-2.8.4.tgz 0ms (cache hit)
5809 http cache muggle-string@https://registry.npmjs.org/muggle-string/-/muggle-string-0.4.1.tgz 0ms (cache hit)
5810 http cache @vue/language-core@https://registry.npmjs.org/@vue/language-core/-/language-core-3.2.8.tgz 0ms (cache hit)
5811 http cache ast-walker-scope@https://registry.npmjs.org/ast-walker-scope/-/ast-walker-scope-0.8.3.tgz 0ms (cache hit)
5812 http cache strip-literal@https://registry.npmjs.org/strip-literal/-/strip-literal-3.1.0.tgz 0ms (cache hit)
5813 http cache pako@https://registry.npmjs.org/pako/-/pako-0.2.9.tgz 0ms (cache hit)
5814 http cache media-typer@https://registry.npmjs.org/media-typer/-/media-typer-0.3.0.tgz 0ms (cache hit)
5815 http cache tagged-tag@https://registry.npmjs.org/tagged-tag/-/tagged-tag-1.0.0.tgz 0ms (cache hit)
5816 http cache webpack-virtual-modules@https://registry.npmjs.org/webpack-virtual-modules/-/webpack-virtual-modules-0.6.2.tgz 0ms (cache hit)
5817 http cache is-number@https://registry.npmjs.org/is-number/-/is-number-7.0.0.tgz 0ms (cache hit)
5818 http cache thenify@https://registry.npmjs.org/thenify/-/thenify-3.3.1.tgz 0ms (cache hit)
5819 http cache source-map-support@https://registry.npmjs.org/source-map-support/-/source-map-support-0.5.21.tgz 0ms (cache hit)
5820 http cache @jridgewell/source-map@https://registry.npmjs.org/@jridgewell/source-map/-/source-map-0.3.11.tgz 0ms (cache hit)
5821 http cache text-decoder@https://registry.npmjs.org/text-decoder/-/text-decoder-1.2.7.tgz 0ms (cache hit)
5822 http cache events-universal@https://registry.npmjs.org/events-universal/-/events-universal-1.0.1.tgz 0ms (cache hit)
5823 http cache teex@https://registry.npmjs.org/teex/-/teex-1.0.1.tgz 0ms (cache hit)
5824 http cache bare-os@https://registry.npmjs.org/bare-os/-/bare-os-3.9.1.tgz 0ms (cache hit)
5825 http cache bare-url@https://registry.npmjs.org/bare-url/-/bare-url-2.4.3.tgz 0ms (cache hit)
5826 http cache bare-stream@https://registry.npmjs.org/bare-stream/-/bare-stream-2.13.1.tgz 0ms (cache hit)
5827 http cache bare-path@https://registry.npmjs.org/bare-path/-/bare-path-3.0.0.tgz 0ms (cache hit)
5828 http cache bare-events@https://registry.npmjs.org/bare-events/-/bare-events-2.8.2.tgz 0ms (cache hit)
5829 http cache streamx@https://registry.npmjs.org/streamx/-/streamx-2.25.0.tgz 0ms (cache hit)
5830 http cache fast-fifo@https://registry.npmjs.org/fast-fifo/-/fast-fifo-1.3.2.tgz 0ms (cache hit)
5831 http cache bare-fs@https://registry.npmjs.org/bare-fs/-/bare-fs-4.7.1.tgz 0ms (cache hit)
5832 http cache b4a@https://registry.npmjs.org/b4a/-/b4a-1.8.1.tgz 0ms (cache hit)
5833 http cache minizlib@https://registry.npmjs.org/minizlib/-/minizlib-3.1.0.tgz 0ms (cache hit)
5834 http cache chownr@https://registry.npmjs.org/chownr/-/chownr-3.0.0.tgz 0ms (cache hit)
5835 http cache thenify-all@https://registry.npmjs.org/thenify-all/-/thenify-all-1.6.0.tgz 0ms (cache hit)
5836 http cache @isaacs/fs-minipass@https://registry.npmjs.org/@isaacs/fs-minipass/-/fs-minipass-4.0.1.tgz 0ms (cache hit)
5837 http cache object-assign@https://registry.npmjs.org/object-assign/-/object-assign-4.1.1.tgz 0ms (cache hit)
5838 http cache any-promise@https://registry.npmjs.org/any-promise/-/any-promise-1.3.0.tgz 0ms (cache hit)
5839 http cache ts-interface-checker@https://registry.npmjs.org/ts-interface-checker/-/ts-interface-checker-0.1.13.tgz 0ms (cache hit)
5840 http cache pirates@https://registry.npmjs.org/pirates/-/pirates-4.0.7.tgz 0ms (cache hit)
5841 http cache pify@https://registry.npmjs.org/pify/-/pify-2.3.0.tgz 0ms (cache hit)
5842 http cache mz@https://registry.npmjs.org/mz/-/mz-2.7.0.tgz 0ms (cache hit)
5843 http cache lines-and-columns@https://registry.npmjs.org/lines-and-columns/-/lines-and-columns-1.2.4.tgz 0ms (cache hit)
5844 http cache camelcase-css@https://registry.npmjs.org/camelcase-css/-/camelcase-css-2.0.1.tgz 0ms (cache hit)
5845 http cache read-cache@https://registry.npmjs.org/read-cache/-/read-cache-1.0.0.tgz 0ms (cache hit)
5846 http cache buffer-from@https://registry.npmjs.org/buffer-from/-/buffer-from-1.1.2.tgz 0ms (cache hit)
5847 http cache sucrase@https://registry.npmjs.org/sucrase/-/sucrase-3.35.1.tgz 0ms (cache hit)
5848 http cache postcss-nested@https://registry.npmjs.org/postcss-nested/-/postcss-nested-6.2.0.tgz 0ms (cache hit)
5849 http cache postcss-load-config@https://registry.npmjs.org/postcss-load-config/-/postcss-load-config-6.0.1.tgz 0ms (cache hit)
5850 http cache @vue-macros/common@https://registry.npmjs.org/@vue-macros/common/-/common-3.1.2.tgz 0ms (cache hit)
5851 http cache object-hash@https://registry.npmjs.org/object-hash/-/object-hash-3.0.0.tgz 0ms (cache hit)
5852 http cache postcss-import@https://registry.npmjs.org/postcss-import/-/postcss-import-15.1.0.tgz 0ms (cache hit)
5853 http cache dlv@https://registry.npmjs.org/dlv/-/dlv-1.1.3.tgz 0ms (cache hit)
5854 http cache didyoumean@https://registry.npmjs.org/didyoumean/-/didyoumean-1.2.2.tgz 0ms (cache hit)
5855 http cache arg@https://registry.npmjs.org/arg/-/arg-5.0.2.tgz 0ms (cache hit)
5856 http cache @alloc/quick-lru@https://registry.npmjs.org/@alloc/quick-lru/-/quick-lru-5.2.0.tgz 0ms (cache hit)
5857 http cache has-flag@https://registry.npmjs.org/has-flag/-/has-flag-4.0.0.tgz 0ms (cache hit)
5858 http cache is-regex@https://registry.npmjs.org/is-regex/-/is-regex-1.2.1.tgz 0ms (cache hit)
5859 http cache color-name@https://registry.npmjs.org/color-name/-/color-name-1.1.4.tgz 0ms (cache hit)
5860 http cache path-is-absolute@https://registry.npmjs.org/path-is-absolute/-/path-is-absolute-1.0.1.tgz 0ms (cache hit)
5861 http cache color-convert@https://registry.npmjs.org/color-convert/-/color-convert-2.0.1.tgz 0ms (cache hit)
5862 http cache postcss-js@https://registry.npmjs.org/postcss-js/-/postcss-js-4.1.0.tgz 0ms (cache hit)
5863 http cache supports-color@https://registry.npmjs.org/supports-color/-/supports-color-7.2.0.tgz 0ms (cache hit)
5864 http cache ansi-styles@https://registry.npmjs.org/ansi-styles/-/ansi-styles-4.3.0.tgz 0ms (cache hit)
5865 http cache resolve-path@https://registry.npmjs.org/resolve-path/-/resolve-path-1.4.0.tgz 0ms (cache hit)
5866 http cache koa-send@https://registry.npmjs.org/koa-send/-/koa-send-5.0.1.tgz 0ms (cache hit)
5867 http cache co@https://registry.npmjs.org/co/-/co-4.6.0.tgz 0ms (cache hit)
5868 http cache tsscmp@https://registry.npmjs.org/tsscmp/-/tsscmp-1.0.6.tgz 0ms (cache hit)
5869 http cache dunder-proto@https://registry.npmjs.org/dunder-proto/-/dunder-proto-1.0.1.tgz 0ms (cache hit)
5870 http cache math-intrinsics@https://registry.npmjs.org/math-intrinsics/-/math-intrinsics-1.1.0.tgz 0ms (cache hit)
5871 http cache has-symbols@https://registry.npmjs.org/has-symbols/-/has-symbols-1.1.0.tgz 0ms (cache hit)
5872 http cache gopd@https://registry.npmjs.org/gopd/-/gopd-1.2.0.tgz 0ms (cache hit)
5873 http cache es-define-property@https://registry.npmjs.org/es-define-property/-/es-define-property-1.0.1.tgz 0ms (cache hit)
5874 http cache call-bind-apply-helpers@https://registry.npmjs.org/call-bind-apply-helpers/-/call-bind-apply-helpers-1.0.2.tgz 0ms (cache hit)
5875 http cache chalk@https://registry.npmjs.org/chalk/-/chalk-4.1.2.tgz 0ms (cache hit)
5876 http cache get-intrinsic@https://registry.npmjs.org/get-intrinsic/-/get-intrinsic-1.3.0.tgz 0ms (cache hit)
5877 http cache es-object-atoms@https://registry.npmjs.org/es-object-atoms/-/es-object-atoms-1.1.1.tgz 0ms (cache hit)
5878 http cache has-tostringtag@https://registry.npmjs.org/has-tostringtag/-/has-tostringtag-1.0.2.tgz 0ms (cache hit)
5879 http cache generator-function@https://registry.npmjs.org/generator-function/-/generator-function-2.0.1.tgz 0ms (cache hit)
5880 http cache call-bound@https://registry.npmjs.org/call-bound/-/call-bound-1.0.4.tgz 0ms (cache hit)
5881 http cache deep-equal@https://registry.npmjs.org/deep-equal/-/deep-equal-1.0.1.tgz 0ms (cache hit)
5882 http cache keygrip@https://registry.npmjs.org/keygrip/-/keygrip-1.1.0.tgz 0ms (cache hit)
5883 http cache safe-regex-test@https://registry.npmjs.org/safe-regex-test/-/safe-regex-test-1.1.0.tgz 0ms (cache hit)
5884 http cache vary@https://registry.npmjs.org/vary/-/vary-1.1.2.tgz 0ms (cache hit)
5885 http cache negotiator@https://registry.npmjs.org/negotiator/-/negotiator-0.6.3.tgz 0ms (cache hit)
5886 http cache type-is@https://registry.npmjs.org/type-is/-/type-is-1.6.18.tgz 0ms (cache hit)
5887 http cache only@https://registry.npmjs.org/only/-/only-0.0.2.tgz 0ms (cache hit)
5888 http cache get-proto@https://registry.npmjs.org/get-proto/-/get-proto-1.0.1.tgz 0ms (cache hit)
5889 http cache koa-convert@https://registry.npmjs.org/koa-convert/-/koa-convert-2.0.0.tgz 0ms (cache hit)
5890 http cache is-generator-function@https://registry.npmjs.org/is-generator-function/-/is-generator-function-1.1.2.tgz 0ms (cache hit)
5891 http cache http-assert@https://registry.npmjs.org/http-assert/-/http-assert-1.5.0.tgz 0ms (cache hit)
5892 http cache ylru@https://registry.npmjs.org/ylru/-/ylru-1.4.0.tgz 0ms (cache hit)
5893 http cache destroy@https://registry.npmjs.org/destroy/-/destroy-1.2.0.tgz 0ms (cache hit)
5894 http cache content-disposition@https://registry.npmjs.org/content-disposition/-/content-disposition-0.5.4.tgz 0ms (cache hit)
5895 http cache cache-content-type@https://registry.npmjs.org/cache-content-type/-/cache-content-type-1.0.1.tgz 0ms (cache hit)
5896 http cache delegates@https://registry.npmjs.org/delegates/-/delegates-1.0.0.tgz 0ms (cache hit)
5897 http cache universalify@https://registry.npmjs.org/universalify/-/universalify-2.0.1.tgz 0ms (cache hit)
5898 http cache jsonfile@https://registry.npmjs.org/jsonfile/-/jsonfile-6.2.1.tgz 0ms (cache hit)
5899 http cache content-type@https://registry.npmjs.org/content-type/-/content-type-1.0.5.tgz 0ms (cache hit)
5900 http cache at-least-node@https://registry.npmjs.org/at-least-node/-/at-least-node-1.0.0.tgz 0ms (cache hit)
5901 http cache path-to-regexp@https://registry.npmjs.org/path-to-regexp/-/path-to-regexp-6.3.0.tgz 0ms (cache hit)
5902 http cache cookies@https://registry.npmjs.org/cookies/-/cookies-0.9.1.tgz 0ms (cache hit)
5903 http cache methods@https://registry.npmjs.org/methods/-/methods-1.1.2.tgz 0ms (cache hit)
5904 http cache replace-in-file@https://registry.npmjs.org/replace-in-file/-/replace-in-file-6.3.5.tgz 0ms (cache hit)
5905 http cache portfinder@https://registry.npmjs.org/portfinder/-/portfinder-1.0.38.tgz 0ms (cache hit)
5906 http cache accepts@https://registry.npmjs.org/accepts/-/accepts-1.3.8.tgz 0ms (cache hit)
5907 http cache koa@https://registry.npmjs.org/koa/-/koa-2.16.4.tgz 0ms (cache hit)
5908 http cache fs-extra@https://registry.npmjs.org/fs-extra/-/fs-extra-9.1.0.tgz 0ms (cache hit)
5909 http cache @koa/router@https://registry.npmjs.org/@koa/router/-/router-12.0.2.tgz 0ms (cache hit)
5910 http cache dom-serializer@https://registry.npmjs.org/dom-serializer/-/dom-serializer-2.0.0.tgz 0ms (cache hit)
5911 http cache domelementtype@https://registry.npmjs.org/domelementtype/-/domelementtype-2.3.0.tgz 0ms (cache hit)
5912 http cache domutils@https://registry.npmjs.org/domutils/-/domutils-3.2.2.tgz 0ms (cache hit)
5913 http cache domhandler@https://registry.npmjs.org/domhandler/-/domhandler-5.0.3.tgz 0ms (cache hit)
5914 http cache nth-check@https://registry.npmjs.org/nth-check/-/nth-check-2.1.1.tgz 0ms (cache hit)
5915 http cache boolbase@https://registry.npmjs.org/boolbase/-/boolbase-1.0.0.tgz 0ms (cache hit)
5916 http cache css-what@https://registry.npmjs.org/css-what/-/css-what-6.2.2.tgz 0ms (cache hit)
5917 http cache css-select@https://registry.npmjs.org/css-select/-/css-select-5.2.2.tgz 0ms (cache hit)
5918 http cache koa-static@https://registry.npmjs.org/koa-static/-/koa-static-5.0.0.tgz 0ms (cache hit)
5919 http cache commander@https://registry.npmjs.org/commander/-/commander-11.1.0.tgz 0ms (cache hit)
5920 http cache safe-buffer@https://registry.npmjs.org/safe-buffer/-/safe-buffer-5.2.1.tgz 0ms (cache hit)
5921 http cache csso@https://registry.npmjs.org/csso/-/csso-5.0.5.tgz 0ms (cache hit)
5922 http cache totalist@https://registry.npmjs.org/totalist/-/totalist-3.0.1.tgz 0ms (cache hit)
5923 http cache sax@https://registry.npmjs.org/sax/-/sax-1.6.0.tgz 0ms (cache hit)
5924 http cache mrmime@https://registry.npmjs.org/mrmime/-/mrmime-2.0.1.tgz 0ms (cache hit)
5925 http cache @simple-git/argv-parser@https://registry.npmjs.org/@simple-git/argv-parser/-/argv-parser-1.1.1.tgz 0ms (cache hit)
5926 http cache @polka/url@https://registry.npmjs.org/@polka/url/-/url-1.0.0-next.29.tgz 0ms (cache hit)
5927 http cache @simple-git/args-pathspec@https://registry.npmjs.org/@simple-git/args-pathspec/-/args-pathspec-1.0.3.tgz 0ms (cache hit)
5928 http cache @kwsites/promise-deferred@https://registry.npmjs.org/@kwsites/promise-deferred/-/promise-deferred-1.1.1.tgz 0ms (cache hit)
5929 http cache @kwsites/file-exists@https://registry.npmjs.org/@kwsites/file-exists/-/file-exists-1.1.1.tgz 0ms (cache hit)
5930 http cache shebang-regex@https://registry.npmjs.org/shebang-regex/-/shebang-regex-3.0.0.tgz 0ms (cache hit)
5931 http cache ee-first@https://registry.npmjs.org/ee-first/-/ee-first-1.1.1.tgz 0ms (cache hit)
5932 http cache mime-db@https://registry.npmjs.org/mime-db/-/mime-db-1.54.0.tgz 0ms (cache hit)
5933 http cache toidentifier@https://registry.npmjs.org/toidentifier/-/toidentifier-1.0.1.tgz 0ms (cache hit)
5934 http cache inherits@https://registry.npmjs.org/inherits/-/inherits-2.0.4.tgz 0ms (cache hit)
5935 http cache setprototypeof@https://registry.npmjs.org/setprototypeof/-/setprototypeof-1.2.0.tgz 0ms (cache hit)
5936 http cache depd@https://registry.npmjs.org/depd/-/depd-2.0.0.tgz 0ms (cache hit)
5937 http cache statuses@https://registry.npmjs.org/statuses/-/statuses-2.0.2.tgz 0ms (cache hit)
5938 http cache range-parser@https://registry.npmjs.org/range-parser/-/range-parser-1.2.1.tgz 0ms (cache hit)
5939 http cache on-finished@https://registry.npmjs.org/on-finished/-/on-finished-2.4.1.tgz 0ms (cache hit)
5940 http cache mime-types@https://registry.npmjs.org/mime-types/-/mime-types-3.0.2.tgz 0ms (cache hit)
5941 http cache http-errors@https://registry.npmjs.org/http-errors/-/http-errors-2.0.1.tgz 0ms (cache hit)
5942 http cache fresh@https://registry.npmjs.org/fresh/-/fresh-2.0.0.tgz 0ms (cache hit)
5943 http cache send@https://registry.npmjs.org/send/-/send-1.2.1.tgz 0ms (cache hit)
5944 http cache parseurl@https://registry.npmjs.org/parseurl/-/parseurl-1.3.3.tgz 0ms (cache hit)
5945 http cache escape-html@https://registry.npmjs.org/escape-html/-/escape-html-1.0.3.tgz 0ms (cache hit)
5946 http cache encodeurl@https://registry.npmjs.org/encodeurl/-/encodeurl-2.0.0.tgz 0ms (cache hit)
5947 http cache queue-microtask@https://registry.npmjs.org/queue-microtask/-/queue-microtask-1.2.3.tgz 0ms (cache hit)
5948 http cache is-docker@https://registry.npmjs.org/is-docker/-/is-docker-3.0.0.tgz 0ms (cache hit)
5949 http cache run-applescript@https://registry.npmjs.org/run-applescript/-/run-applescript-7.1.0.tgz 0ms (cache hit)
5950 http cache default-browser-id@https://registry.npmjs.org/default-browser-id/-/default-browser-id-5.0.1.tgz 0ms (cache hit)
5951 http cache bundle-name@https://registry.npmjs.org/bundle-name/-/bundle-name-4.1.0.tgz 0ms (cache hit)
5952 http cache wsl-utils@https://registry.npmjs.org/wsl-utils/-/wsl-utils-0.3.1.tgz 0ms (cache hit)
5953 http cache powershell-utils@https://registry.npmjs.org/powershell-utils/-/powershell-utils-0.1.0.tgz 0ms (cache hit)
5954 http cache is-inside-container@https://registry.npmjs.org/is-inside-container/-/is-inside-container-1.0.0.tgz 0ms (cache hit)
5955 http cache is-in-ssh@https://registry.npmjs.org/is-in-ssh/-/is-in-ssh-1.0.0.tgz 0ms (cache hit)
5956 http cache define-lazy-prop@https://registry.npmjs.org/define-lazy-prop/-/define-lazy-prop-3.0.0.tgz 0ms (cache hit)
5957 http cache koa-compose@https://registry.npmjs.org/koa-compose/-/koa-compose-4.1.0.tgz 0ms (cache hit)
5958 http cache default-browser@https://registry.npmjs.org/default-browser/-/default-browser-5.5.0.tgz 0ms (cache hit)
5959 http cache yargs@https://registry.npmjs.org/yargs/-/yargs-18.0.0.tgz 0ms (cache hit)
5960 http cache open@https://registry.npmjs.org/open/-/open-11.0.0.tgz 0ms (cache hit)
5961 http cache fsevents@https://registry.npmjs.org/fsevents/-/fsevents-2.3.3.tgz 0ms (cache hit)
5962 http cache @rollup/rollup-darwin-arm64@https://registry.npmjs.org/@rollup/rollup-darwin-arm64/-/rollup-darwin-arm64-4.60.3.tgz 0ms (cache hit)
5963 http cache function-bind@https://registry.npmjs.org/function-bind/-/function-bind-1.1.2.tgz 0ms (cache hit)
5964 http cache hasown@https://registry.npmjs.org/hasown/-/hasown-2.0.3.tgz 0ms (cache hit)
5965 http cache supports-preserve-symlinks-flag@https://registry.npmjs.org/supports-preserve-symlinks-flag/-/supports-preserve-symlinks-flag-1.0.0.tgz 0ms (cache hit)
5966 http cache path-parse@https://registry.npmjs.org/path-parse/-/path-parse-1.0.7.tgz 0ms (cache hit)
5967 http cache is-core-module@https://registry.npmjs.org/is-core-module/-/is-core-module-2.16.2.tgz 0ms (cache hit)
5968 http cache es-errors@https://registry.npmjs.org/es-errors/-/es-errors-1.3.0.tgz 0ms (cache hit)
5969 http cache ieee754@https://registry.npmjs.org/ieee754/-/ieee754-1.2.1.tgz 0ms (cache hit)
5970 http cache event-target-shim@https://registry.npmjs.org/event-target-shim/-/event-target-shim-5.0.1.tgz 0ms (cache hit)
5971 http cache process@https://registry.npmjs.org/process/-/process-0.11.10.tgz 0ms (cache hit)
5972 http cache events@https://registry.npmjs.org/events/-/events-3.3.0.tgz 0ms (cache hit)
5973 http cache buffer@https://registry.npmjs.org/buffer/-/buffer-6.0.3.tgz 0ms (cache hit)
5974 http cache abort-controller@https://registry.npmjs.org/abort-controller/-/abort-controller-3.0.0.tgz 0ms (cache hit)
5975 http cache svgo@https://registry.npmjs.org/svgo/-/svgo-4.0.1.tgz 0ms (cache hit)
5976 http cache util-deprecate@https://registry.npmjs.org/util-deprecate/-/util-deprecate-1.0.2.tgz 0ms (cache hit)
5977 http cache @csstools/selector-specificity@https://registry.npmjs.org/@csstools/selector-specificity/-/selector-specificity-5.0.0.tgz 0ms (cache hit)
5978 http cache @csstools/selector-resolve-nested@https://registry.npmjs.org/@csstools/selector-resolve-nested/-/selector-resolve-nested-3.1.0.tgz 0ms (cache hit)
5979 http cache string_decoder@https://registry.npmjs.org/string_decoder/-/string_decoder-1.3.0.tgz 0ms (cache hit)
5980 http cache cssesc@https://registry.npmjs.org/cssesc/-/cssesc-3.0.0.tgz 0ms (cache hit)
5981 http cache lodash.uniq@https://registry.npmjs.org/lodash.uniq/-/lodash.uniq-4.5.0.tgz 0ms (cache hit)
5982 http cache caniuse-api@https://registry.npmjs.org/caniuse-api/-/caniuse-api-3.0.0.tgz 0ms (cache hit)
5983 http cache lodash.memoize@https://registry.npmjs.org/lodash.memoize/-/lodash.memoize-4.1.2.tgz 0ms (cache hit)
5984 http cache stylehacks@https://registry.npmjs.org/stylehacks/-/stylehacks-7.0.11.tgz 0ms (cache hit)
5985 http cache postcss-selector-parser@https://registry.npmjs.org/postcss-selector-parser/-/postcss-selector-parser-7.1.1.tgz 0ms (cache hit)
5986 http cache nanoid@https://registry.npmjs.org/nanoid/-/nanoid-3.3.12.tgz 0ms (cache hit)
5987 http cache @oxc-transform/binding-darwin-arm64@https://registry.npmjs.org/@oxc-transform/binding-darwin-arm64/-/binding-darwin-arm64-0.128.0.tgz 0ms (cache hit)
5988 http cache @tybys/wasm-util@https://registry.npmjs.org/@tybys/wasm-util/-/wasm-util-0.10.2.tgz 0ms (cache hit)
5989 http cache @emnapi/wasi-threads@https://registry.npmjs.org/@emnapi/wasi-threads/-/wasi-threads-1.2.1.tgz 0ms (cache hit)
5990 http cache @oxc-parser/binding-darwin-arm64@https://registry.npmjs.org/@oxc-parser/binding-darwin-arm64/-/binding-darwin-arm64-0.128.0.tgz 0ms (cache hit)
5991 http cache @napi-rs/wasm-runtime@https://registry.npmjs.org/@napi-rs/wasm-runtime/-/wasm-runtime-1.1.4.tgz 0ms (cache hit)
5992 http cache @emnapi/core@https://registry.npmjs.org/@emnapi/core/-/core-1.10.0.tgz 0ms (cache hit)
5993 http cache @emnapi/runtime@https://registry.npmjs.org/@emnapi/runtime/-/runtime-1.10.0.tgz 0ms (cache hit)
5994 http cache mimic-fn@https://registry.npmjs.org/mimic-fn/-/mimic-fn-4.0.0.tgz 0ms (cache hit)
5995 http cache @oxc-project/types@https://registry.npmjs.org/@oxc-project/types/-/types-0.128.0.tgz 0ms (cache hit)
5996 http cache abbrev@https://registry.npmjs.org/abbrev/-/abbrev-3.0.1.tgz 0ms (cache hit)
5997 http cache balanced-match@https://registry.npmjs.org/balanced-match/-/balanced-match-4.0.4.tgz 0ms (cache hit)
5998 http cache brace-expansion@https://registry.npmjs.org/brace-expansion/-/brace-expansion-5.0.6.tgz 0ms (cache hit)
5999 http cache to-regex-range@https://registry.npmjs.org/to-regex-range/-/to-regex-range-5.0.1.tgz 0ms (cache hit)
6000 http cache fill-range@https://registry.npmjs.org/fill-range/-/fill-range-7.1.1.tgz 0ms (cache hit)
6001 http cache @oxc-minify/binding-darwin-arm64@https://registry.npmjs.org/@oxc-minify/binding-darwin-arm64/-/binding-darwin-arm64-0.128.0.tgz 0ms (cache hit)
6002 http cache braces@https://registry.npmjs.org/braces/-/braces-3.0.3.tgz 0ms (cache hit)
6003 http cache standard-as-callback@https://registry.npmjs.org/standard-as-callback/-/standard-as-callback-2.1.0.tgz 0ms (cache hit)
6004 http cache @colordx/core@https://registry.npmjs.org/@colordx/core/-/core-5.4.3.tgz 0ms (cache hit)
6005 http cache redis-errors@https://registry.npmjs.org/redis-errors/-/redis-errors-1.2.0.tgz 0ms (cache hit)
6006 http cache lodash.isarguments@https://registry.npmjs.org/lodash.isarguments/-/lodash.isarguments-3.1.0.tgz 0ms (cache hit)
6007 http cache lodash.defaults@https://registry.npmjs.org/lodash.defaults/-/lodash.defaults-4.2.0.tgz 0ms (cache hit)
6008 http cache denque@https://registry.npmjs.org/denque/-/denque-2.1.0.tgz 0ms (cache hit)
6009 http cache cluster-key-slot@https://registry.npmjs.org/cluster-key-slot/-/cluster-key-slot-1.1.2.tgz 0ms (cache hit)
6010 http cache agent-base@https://registry.npmjs.org/agent-base/-/agent-base-7.1.4.tgz 0ms (cache hit)
6011 http cache @ioredis/commands@https://registry.npmjs.org/@ioredis/commands/-/commands-1.5.1.tgz 0ms (cache hit)
6012 http cache duplexer@https://registry.npmjs.org/duplexer/-/duplexer-0.1.2.tgz 0ms (cache hit)
6013 http cache reusify@https://registry.npmjs.org/reusify/-/reusify-1.1.0.tgz 0ms (cache hit)
6014 http cache run-parallel@https://registry.npmjs.org/run-parallel/-/run-parallel-1.2.0.tgz 0ms (cache hit)
6015 http cache fastq@https://registry.npmjs.org/fastq/-/fastq-1.20.1.tgz 0ms (cache hit)
6016 http cache @nodelib/fs.scandir@https://registry.npmjs.org/@nodelib/fs.scandir/-/fs.scandir-2.1.5.tgz 0ms (cache hit)
6017 http cache micromatch@https://registry.npmjs.org/micromatch/-/micromatch-4.0.8.tgz 0ms (cache hit)
6018 http cache redis-parser@https://registry.npmjs.org/redis-parser/-/redis-parser-3.0.0.tgz 0ms (cache hit)
6019 http cache merge2@https://registry.npmjs.org/merge2/-/merge2-1.4.1.tgz 0ms (cache hit)
6020 http cache unicorn-magic@https://registry.npmjs.org/unicorn-magic/-/unicorn-magic-0.4.0.tgz 0ms (cache hit)
6021 http cache glob-parent@https://registry.npmjs.org/glob-parent/-/glob-parent-5.1.2.tgz 0ms (cache hit)
6022 http cache slash@https://registry.npmjs.org/slash/-/slash-5.1.0.tgz 0ms (cache hit)
6023 http cache fast-glob@https://registry.npmjs.org/fast-glob/-/fast-glob-3.3.3.tgz 0ms (cache hit)
6024 http cache path-scurry@https://registry.npmjs.org/path-scurry/-/path-scurry-2.0.2.tgz 0ms (cache hit)
6025 http cache @nodelib/fs.walk@https://registry.npmjs.org/@nodelib/fs.walk/-/fs.walk-1.2.8.tgz 0ms (cache hit)
6026 http cache minipass@https://registry.npmjs.org/minipass/-/minipass-7.1.3.tgz 0ms (cache hit)
6027 http cache minimatch@https://registry.npmjs.org/minimatch/-/minimatch-10.2.5.tgz 0ms (cache hit)
6028 http cache type-fest@https://registry.npmjs.org/type-fest/-/type-fest-5.6.0.tgz 0ms (cache hit)
6029 http cache @sindresorhus/merge-streams@https://registry.npmjs.org/@sindresorhus/merge-streams/-/merge-streams-4.0.0.tgz 0ms (cache hit)
6030 http cache file-uri-to-path@https://registry.npmjs.org/file-uri-to-path/-/file-uri-to-path-1.0.0.tgz 0ms (cache hit)
6031 http cache normalize-path@https://registry.npmjs.org/normalize-path/-/normalize-path-3.0.0.tgz 0ms (cache hit)
6032 http cache lodash@https://registry.npmjs.org/lodash/-/lodash-4.18.1.tgz 0ms (cache hit)
6033 http cache lazystream@https://registry.npmjs.org/lazystream/-/lazystream-1.0.1.tgz 0ms (cache hit)
6034 http cache zip-stream@https://registry.npmjs.org/zip-stream/-/zip-stream-6.0.1.tgz 0ms (cache hit)
6035 http cache tar-stream@https://registry.npmjs.org/tar-stream/-/tar-stream-3.2.0.tgz 0ms (cache hit)
6036 http cache readdir-glob@https://registry.npmjs.org/readdir-glob/-/readdir-glob-1.1.3.tgz 0ms (cache hit)
6037 http cache readable-stream@https://registry.npmjs.org/readable-stream/-/readable-stream-4.7.0.tgz 0ms (cache hit)
6038 http cache buffer-crc32@https://registry.npmjs.org/buffer-crc32/-/buffer-crc32-1.0.0.tgz 0ms (cache hit)
6039 http cache archiver-utils@https://registry.npmjs.org/archiver-utils/-/archiver-utils-5.0.2.tgz 0ms (cache hit)
6040 http cache tar@https://registry.npmjs.org/tar/-/tar-7.5.15.tgz 0ms (cache hit)
6041 http cache async@https://registry.npmjs.org/async/-/async-3.2.6.tgz 0ms (cache hit)
6042 http cache @nodelib/fs.stat@https://registry.npmjs.org/@nodelib/fs.stat/-/fs.stat-2.0.5.tgz 0ms (cache hit)
6043 http cache nopt@https://registry.npmjs.org/nopt/-/nopt-8.1.0.tgz 0ms (cache hit)
6044 http cache resolve-from@https://registry.npmjs.org/resolve-from/-/resolve-from-5.0.0.tgz 0ms (cache hit)
6045 http cache https-proxy-agent@https://registry.npmjs.org/https-proxy-agent/-/https-proxy-agent-7.0.6.tgz 0ms (cache hit)
6046 http cache node-gyp-build@https://registry.npmjs.org/node-gyp-build/-/node-gyp-build-4.8.4.tgz 0ms (cache hit)
6047 http cache glob@https://registry.npmjs.org/glob/-/glob-13.0.6.tgz 0ms (cache hit)
6048 http cache bindings@https://registry.npmjs.org/bindings/-/bindings-1.5.0.tgz 0ms (cache hit)
6049 http cache async-sema@https://registry.npmjs.org/async-sema/-/async-sema-3.1.1.tgz 0ms (cache hit)
6050 http cache acorn-import-attributes@https://registry.npmjs.org/acorn-import-attributes/-/acorn-import-attributes-1.9.5.tgz 0ms (cache hit)
6051 http cache @mapbox/node-pre-gyp@https://registry.npmjs.org/@mapbox/node-pre-gyp/-/node-pre-gyp-2.0.3.tgz 0ms (cache hit)
6052 http cache terser@https://registry.npmjs.org/terser/-/terser-5.47.1.tgz 0ms (cache hit)
6053 http cache smob@https://registry.npmjs.org/smob/-/smob-1.6.1.tgz 0ms (cache hit)
6054 http cache serialize-javascript@https://registry.npmjs.org/serialize-javascript/-/serialize-javascript-7.0.5.tgz 0ms (cache hit)
6055 http cache resolve@https://registry.npmjs.org/resolve/-/resolve-1.22.12.tgz 0ms (cache hit)
6056 http cache is-module@https://registry.npmjs.org/is-module/-/is-module-1.0.0.tgz 0ms (cache hit)
6057 http cache is-reference@https://registry.npmjs.org/is-reference/-/is-reference-1.2.1.tgz 0ms (cache hit)
6058 http cache @types/resolve@https://registry.npmjs.org/@types/resolve/-/resolve-1.20.2.tgz 0ms (cache hit)
6059 http cache deepmerge@https://registry.npmjs.org/deepmerge/-/deepmerge-4.3.1.tgz 0ms (cache hit)
6060 http cache fdir@https://registry.npmjs.org/fdir/-/fdir-6.5.0.tgz 0ms (cache hit)
6061 http cache commondir@https://registry.npmjs.org/commondir/-/commondir-1.0.1.tgz 0ms (cache hit)
6062 http cache unwasm@https://registry.npmjs.org/unwasm/-/unwasm-0.5.3.tgz 0ms (cache hit)
6063 http cache youch-core@https://registry.npmjs.org/youch-core/-/youch-core-0.3.3.tgz 0ms (cache hit)
6064 http cache source-map@https://registry.npmjs.org/source-map/-/source-map-0.7.6.tgz 0ms (cache hit)
6065 http cache serve-static@https://registry.npmjs.org/serve-static/-/serve-static-2.2.1.tgz 0ms (cache hit)
6066 http cache serve-placeholder@https://registry.npmjs.org/serve-placeholder/-/serve-placeholder-2.0.2.tgz 0ms (cache hit)
6067 http cache rollup-plugin-visualizer@https://registry.npmjs.org/rollup-plugin-visualizer/-/rollup-plugin-visualizer-7.0.1.tgz 0ms (cache hit)
6068 http cache rollup@https://registry.npmjs.org/rollup/-/rollup-4.60.3.tgz 0ms (cache hit)
6069 http cache pretty-bytes@https://registry.npmjs.org/pretty-bytes/-/pretty-bytes-7.1.0.tgz 0ms (cache hit)
6070 http cache mime@https://registry.npmjs.org/mime/-/mime-4.1.0.tgz 0ms (cache hit)
6071 http cache ioredis@https://registry.npmjs.org/ioredis/-/ioredis-5.10.1.tgz 0ms (cache hit)
6072 http cache gzip-size@https://registry.npmjs.org/gzip-size/-/gzip-size-7.0.0.tgz 0ms (cache hit)
6073 http cache httpxy@https://registry.npmjs.org/httpxy/-/httpxy-0.5.1.tgz 0ms (cache hit)
6074 http cache globby@https://registry.npmjs.org/globby/-/globby-16.2.0.tgz 0ms (cache hit)
6075 http cache etag@https://registry.npmjs.org/etag/-/etag-1.8.1.tgz 0ms (cache hit)
6076 http cache dot-prop@https://registry.npmjs.org/dot-prop/-/dot-prop-10.1.0.tgz 0ms (cache hit)
6077 http cache db0@https://registry.npmjs.org/db0/-/db0-0.3.4.tgz 0ms (cache hit)
6078 http cache croner@https://registry.npmjs.org/croner/-/croner-10.0.1.tgz 0ms (cache hit)
6079 http cache archiver@https://registry.npmjs.org/archiver/-/archiver-7.0.1.tgz 0ms (cache hit)
6080 http cache @vercel/nft@https://registry.npmjs.org/@vercel/nft/-/nft-1.5.0.tgz 0ms (cache hit)
6081 http cache @rollup/plugin-terser@https://registry.npmjs.org/@rollup/plugin-terser/-/plugin-terser-1.0.0.tgz 0ms (cache hit)
6082 http cache @rollup/plugin-node-resolve@https://registry.npmjs.org/@rollup/plugin-node-resolve/-/plugin-node-resolve-16.0.3.tgz 0ms (cache hit)
6083 http cache @rollup/plugin-json@https://registry.npmjs.org/@rollup/plugin-json/-/plugin-json-6.1.0.tgz 0ms (cache hit)
6084 http cache @rollup/plugin-inject@https://registry.npmjs.org/@rollup/plugin-inject/-/plugin-inject-5.0.5.tgz 0ms (cache hit)
6085 http cache @rollup/plugin-alias@https://registry.npmjs.org/@rollup/plugin-alias/-/plugin-alias-6.0.0.tgz 0ms (cache hit)
6086 http cache @cloudflare/kv-asset-handler@https://registry.npmjs.org/@cloudflare/kv-asset-handler/-/kv-asset-handler-0.4.2.tgz 0ms (cache hit)
6087 http cache node-addon-api@https://registry.npmjs.org/node-addon-api/-/node-addon-api-7.1.1.tgz 0ms (cache hit)
6088 http cache is-extglob@https://registry.npmjs.org/is-extglob/-/is-extglob-2.1.1.tgz 0ms (cache hit)
6089 http cache is-glob@https://registry.npmjs.org/is-glob/-/is-glob-4.0.3.tgz 0ms (cache hit)
6090 http cache detect-libc@https://registry.npmjs.org/detect-libc/-/detect-libc-2.1.2.tgz 0ms (cache hit)
6091 http cache uqr@https://registry.npmjs.org/uqr/-/uqr-0.1.3.tgz 0ms (cache hit)
6092 http cache @parcel/watcher-darwin-arm64@https://registry.npmjs.org/@parcel/watcher-darwin-arm64/-/watcher-darwin-arm64-2.5.6.tgz 0ms (cache hit)
6093 http cache untun@https://registry.npmjs.org/untun/-/untun-0.1.3.tgz 0ms (cache hit)
6094 http cache node-forge@https://registry.npmjs.org/node-forge/-/node-forge-1.4.0.tgz 0ms (cache hit)
6095 http cache http-shutdown@https://registry.npmjs.org/http-shutdown/-/http-shutdown-1.2.2.tgz 0ms (cache hit)
6096 http cache yallist@https://registry.npmjs.org/yallist/-/yallist-3.1.1.tgz 0ms (cache hit)
6097 http cache @parcel/watcher@https://registry.npmjs.org/@parcel/watcher/-/watcher-2.5.6.tgz 0ms (cache hit)
6098 http cache shell-quote@https://registry.npmjs.org/shell-quote/-/shell-quote-1.8.3.tgz 0ms (cache hit)
6099 http cache ini@https://registry.npmjs.org/ini/-/ini-4.1.1.tgz 0ms (cache hit)
6100 http cache is-path-inside@https://registry.npmjs.org/is-path-inside/-/is-path-inside-4.0.0.tgz 0ms (cache hit)
6101 http cache global-directory@https://registry.npmjs.org/global-directory/-/global-directory-4.0.1.tgz 0ms (cache hit)
6102 http cache unplugin-utils@https://registry.npmjs.org/unplugin-utils/-/unplugin-utils-0.3.1.tgz 0ms (cache hit)
6103 http cache es-module-lexer@https://registry.npmjs.org/es-module-lexer/-/es-module-lexer-2.1.0.tgz 0ms (cache hit)
6104 http cache fast-string-truncated-width@https://registry.npmjs.org/fast-string-truncated-width/-/fast-string-truncated-width-3.0.3.tgz 0ms (cache hit)
6105 http cache tapable@https://registry.npmjs.org/tapable/-/tapable-2.3.3.tgz 0ms (cache hit)
6106 http cache graceful-fs@https://registry.npmjs.org/graceful-fs/-/graceful-fs-4.2.11.tgz 0ms (cache hit)
6107 http cache enhanced-resolve@https://registry.npmjs.org/enhanced-resolve/-/enhanced-resolve-5.21.2.tgz 0ms (cache hit)
6108 http cache postcss-unique-selectors@https://registry.npmjs.org/postcss-unique-selectors/-/postcss-unique-selectors-7.0.7.tgz 0ms (cache hit)
6109 http cache postcss-svgo@https://registry.npmjs.org/postcss-svgo/-/postcss-svgo-7.1.3.tgz 0ms (cache hit)
6110 http cache postcss-reduce-transforms@https://registry.npmjs.org/postcss-reduce-transforms/-/postcss-reduce-transforms-7.0.3.tgz 0ms (cache hit)
6111 http cache postcss-reduce-initial@https://registry.npmjs.org/postcss-reduce-initial/-/postcss-reduce-initial-7.0.9.tgz 0ms (cache hit)
6112 http cache postcss-ordered-values@https://registry.npmjs.org/postcss-ordered-values/-/postcss-ordered-values-7.0.4.tgz 0ms (cache hit)
6113 http cache postcss-normalize-whitespace@https://registry.npmjs.org/postcss-normalize-whitespace/-/postcss-normalize-whitespace-7.0.3.tgz 0ms (cache hit)
6114 http cache postcss-normalize-url@https://registry.npmjs.org/postcss-normalize-url/-/postcss-normalize-url-7.0.3.tgz 0ms (cache hit)
6115 http cache postcss-normalize-unicode@https://registry.npmjs.org/postcss-normalize-unicode/-/postcss-normalize-unicode-7.0.9.tgz 0ms (cache hit)
6116 http cache postcss-normalize-timing-functions@https://registry.npmjs.org/postcss-normalize-timing-functions/-/postcss-normalize-timing-functions-7.0.3.tgz 0ms (cache hit)
6117 http cache postcss-normalize-string@https://registry.npmjs.org/postcss-normalize-string/-/postcss-normalize-string-7.0.3.tgz 0ms (cache hit)
6118 http cache postcss-normalize-repeat-style@https://registry.npmjs.org/postcss-normalize-repeat-style/-/postcss-normalize-repeat-style-7.0.4.tgz 0ms (cache hit)
6119 http cache postcss-normalize-positions@https://registry.npmjs.org/postcss-normalize-positions/-/postcss-normalize-positions-7.0.4.tgz 0ms (cache hit)
6120 http cache postcss-normalize-display-values@https://registry.npmjs.org/postcss-normalize-display-values/-/postcss-normalize-display-values-7.0.3.tgz 0ms (cache hit)
6121 http cache postcss-normalize-charset@https://registry.npmjs.org/postcss-normalize-charset/-/postcss-normalize-charset-7.0.3.tgz 0ms (cache hit)
6122 http cache postcss-minify-selectors@https://registry.npmjs.org/postcss-minify-selectors/-/postcss-minify-selectors-7.1.2.tgz 0ms (cache hit)
6123 http cache postcss-minify-params@https://registry.npmjs.org/postcss-minify-params/-/postcss-minify-params-7.0.9.tgz 0ms (cache hit)
6124 http cache postcss-minify-font-values@https://registry.npmjs.org/postcss-minify-font-values/-/postcss-minify-font-values-7.0.3.tgz 0ms (cache hit)
6125 http cache postcss-minify-gradients@https://registry.npmjs.org/postcss-minify-gradients/-/postcss-minify-gradients-7.0.5.tgz 0ms (cache hit)
6126 http cache postcss-merge-rules@https://registry.npmjs.org/postcss-merge-rules/-/postcss-merge-rules-7.0.11.tgz 0ms (cache hit)
6127 http cache postcss-merge-longhand@https://registry.npmjs.org/postcss-merge-longhand/-/postcss-merge-longhand-7.0.7.tgz 0ms (cache hit)
6128 http cache postcss-discard-overridden@https://registry.npmjs.org/postcss-discard-overridden/-/postcss-discard-overridden-7.0.3.tgz 0ms (cache hit)
6129 http cache postcss-discard-empty@https://registry.npmjs.org/postcss-discard-empty/-/postcss-discard-empty-7.0.3.tgz 0ms (cache hit)
6130 http cache @rollup/plugin-commonjs@https://registry.npmjs.org/@rollup/plugin-commonjs/-/plugin-commonjs-29.0.2.tgz 0ms (cache hit)
6131 http cache postcss-discard-duplicates@https://registry.npmjs.org/postcss-discard-duplicates/-/postcss-discard-duplicates-7.0.4.tgz 0ms (cache hit)
6132 http cache postcss-discard-comments@https://registry.npmjs.org/postcss-discard-comments/-/postcss-discard-comments-7.0.8.tgz 0ms (cache hit)
6133 http cache postcss-convert-values@https://registry.npmjs.org/postcss-convert-values/-/postcss-convert-values-7.0.12.tgz 0ms (cache hit)
6134 http cache postcss-colormin@https://registry.npmjs.org/postcss-colormin/-/postcss-colormin-7.0.10.tgz 0ms (cache hit)
6135 http cache cssnano-utils@https://registry.npmjs.org/cssnano-utils/-/cssnano-utils-5.0.3.tgz 0ms (cache hit)
6136 http cache lilconfig@https://registry.npmjs.org/lilconfig/-/lilconfig-3.1.3.tgz 0ms (cache hit)
6137 http cache css-declaration-sorter@https://registry.npmjs.org/css-declaration-sorter/-/css-declaration-sorter-7.4.0.tgz 0ms (cache hit)
6138 http cache cssnano-preset-default@https://registry.npmjs.org/cssnano-preset-default/-/cssnano-preset-default-7.0.17.tgz 0ms (cache hit)
6139 http cache @vue/devtools-shared@https://registry.npmjs.org/@vue/devtools-shared/-/devtools-shared-8.1.2.tgz 0ms (cache hit)
6140 http cache entities@https://registry.npmjs.org/entities/-/entities-7.0.1.tgz 0ms (cache hit)
6141 http cache @vue/compiler-ssr@https://registry.npmjs.org/@vue/compiler-ssr/-/compiler-ssr-3.5.34.tgz 0ms (cache hit)
6142 http cache @vue/compiler-dom@https://registry.npmjs.org/@vue/compiler-dom/-/compiler-dom-3.5.34.tgz 0ms (cache hit)
6143 http cache @vue/compiler-core@https://registry.npmjs.org/@vue/compiler-core/-/compiler-core-3.5.34.tgz 0ms (cache hit)
6144 http cache @vue/babel-plugin-resolve-type@https://registry.npmjs.org/@vue/babel-plugin-resolve-type/-/babel-plugin-resolve-type-2.0.1.tgz 0ms (cache hit)
6145 http cache @vue/babel-helper-vue-transform-on@https://registry.npmjs.org/@vue/babel-helper-vue-transform-on/-/babel-helper-vue-transform-on-2.0.1.tgz 0ms (cache hit)
6146 http cache @babel/plugin-syntax-jsx@https://registry.npmjs.org/@babel/plugin-syntax-jsx/-/plugin-syntax-jsx-7.28.6.tgz 0ms (cache hit)
6147 http cache @jridgewell/resolve-uri@https://registry.npmjs.org/@jridgewell/resolve-uri/-/resolve-uri-3.1.2.tgz 0ms (cache hit)
6148 http cache @babel/helper-string-parser@https://registry.npmjs.org/@babel/helper-string-parser/-/helper-string-parser-7.27.1.tgz 0ms (cache hit)
6149 http cache @babel/helper-replace-supers@https://registry.npmjs.org/@babel/helper-replace-supers/-/helper-replace-supers-7.28.6.tgz 0ms (cache hit)
6150 http cache @babel/helper-globals@https://registry.npmjs.org/@babel/helper-globals/-/helper-globals-7.28.0.tgz 0ms (cache hit)
6151 http cache @babel/helper-optimise-call-expression@https://registry.npmjs.org/@babel/helper-optimise-call-expression/-/helper-optimise-call-expression-7.27.1.tgz 0ms (cache hit)
6152 http cache @babel/helper-member-expression-to-functions@https://registry.npmjs.org/@babel/helper-member-expression-to-functions/-/helper-member-expression-to-functions-7.28.5.tgz 0ms (cache hit)
6153 http cache @babel/helper-skip-transparent-expression-wrappers@https://registry.npmjs.org/@babel/helper-skip-transparent-expression-wrappers/-/helper-skip-transparent-expression-wrappers-7.27.1.tgz 0ms (cache hit)
6154 http cache @babel/helper-create-class-features-plugin@https://registry.npmjs.org/@babel/helper-create-class-features-plugin/-/helper-create-class-features-plugin-7.29.3.tgz 0ms (cache hit)
6155 http cache @babel/helper-annotate-as-pure@https://registry.npmjs.org/@babel/helper-annotate-as-pure/-/helper-annotate-as-pure-7.27.3.tgz 0ms (cache hit)
6156 http cache @babel/helper-plugin-utils@https://registry.npmjs.org/@babel/helper-plugin-utils/-/helper-plugin-utils-7.28.6.tgz 1ms (cache hit)
6157 http cache @babel/helper-module-imports@https://registry.npmjs.org/@babel/helper-module-imports/-/helper-module-imports-7.28.6.tgz 0ms (cache hit)
6158 http cache lru-cache@https://registry.npmjs.org/lru-cache/-/lru-cache-5.1.1.tgz 0ms (cache hit)
6159 http cache @babel/helper-validator-option@https://registry.npmjs.org/@babel/helper-validator-option/-/helper-validator-option-7.27.1.tgz 0ms (cache hit)
6160 http cache @babel/compat-data@https://registry.npmjs.org/@babel/compat-data/-/compat-data-7.29.3.tgz 0ms (cache hit)
6161 http cache jsesc@https://registry.npmjs.org/jsesc/-/jsesc-3.1.0.tgz 0ms (cache hit)
6162 http cache @jridgewell/trace-mapping@https://registry.npmjs.org/@jridgewell/trace-mapping/-/trace-mapping-0.3.31.tgz 0ms (cache hit)
6163 http cache @jridgewell/gen-mapping@https://registry.npmjs.org/@jridgewell/gen-mapping/-/gen-mapping-0.3.13.tgz 0ms (cache hit)
6164 http cache js-tokens@https://registry.npmjs.org/js-tokens/-/js-tokens-4.0.0.tgz 0ms (cache hit)
6165 http cache @babel/helper-validator-identifier@https://registry.npmjs.org/@babel/helper-validator-identifier/-/helper-validator-identifier-7.28.5.tgz 0ms (cache hit)
6166 http cache json5@https://registry.npmjs.org/json5/-/json5-2.2.3.tgz 0ms (cache hit)
6167 http cache gensync@https://registry.npmjs.org/gensync/-/gensync-1.0.0-beta.2.tgz 0ms (cache hit)
6168 http cache convert-source-map@https://registry.npmjs.org/convert-source-map/-/convert-source-map-2.0.0.tgz 0ms (cache hit)
6169 http cache @jridgewell/remapping@https://registry.npmjs.org/@jridgewell/remapping/-/remapping-2.3.5.tgz 0ms (cache hit)
6170 http cache @babel/types@https://registry.npmjs.org/@babel/types/-/types-7.29.0.tgz 0ms (cache hit)
6171 http cache @babel/template@https://registry.npmjs.org/@babel/template/-/template-7.28.6.tgz 0ms (cache hit)
6172 http cache @babel/traverse@https://registry.npmjs.org/@babel/traverse/-/traverse-7.29.0.tgz 0ms (cache hit)
6173 http cache @babel/parser@https://registry.npmjs.org/@babel/parser/-/parser-7.29.3.tgz 0ms (cache hit)
6174 http cache @babel/helpers@https://registry.npmjs.org/@babel/helpers/-/helpers-7.29.2.tgz 0ms (cache hit)
6175 http cache @babel/helper-module-transforms@https://registry.npmjs.org/@babel/helper-module-transforms/-/helper-module-transforms-7.28.6.tgz 0ms (cache hit)
6176 http cache @babel/helper-compilation-targets@https://registry.npmjs.org/@babel/helper-compilation-targets/-/helper-compilation-targets-7.28.6.tgz 0ms (cache hit)
6177 http cache @babel/generator@https://registry.npmjs.org/@babel/generator/-/generator-7.29.1.tgz 0ms (cache hit)
6178 http cache @babel/code-frame@https://registry.npmjs.org/@babel/code-frame/-/code-frame-7.29.0.tgz 0ms (cache hit)
6179 http cache @vue/babel-plugin-jsx@https://registry.npmjs.org/@vue/babel-plugin-jsx/-/babel-plugin-jsx-2.0.1.tgz 0ms (cache hit)
6180 http cache postcss-calc@https://registry.npmjs.org/postcss-calc/-/postcss-calc-10.1.1.tgz 0ms (cache hit)
6181 http cache @babel/plugin-transform-typescript@https://registry.npmjs.org/@babel/plugin-transform-typescript/-/plugin-transform-typescript-7.28.6.tgz 0ms (cache hit)
6182 http cache @babel/plugin-syntax-typescript@https://registry.npmjs.org/@babel/plugin-syntax-typescript/-/plugin-syntax-typescript-7.28.6.tgz 0ms (cache hit)
6183 http cache @babel/core@https://registry.npmjs.org/@babel/core/-/core-7.29.0.tgz 0ms (cache hit)
6184 http cache unhead@https://registry.npmjs.org/unhead/-/unhead-2.1.15.tgz 0ms (cache hit)
6185 http cache vite-node@https://registry.npmjs.org/vite-node/-/vite-node-5.3.0.tgz 0ms (cache hit)
6186 http cache vite-plugin-checker@https://registry.npmjs.org/vite-plugin-checker/-/vite-plugin-checker-0.13.0.tgz 0ms (cache hit)
6187 http cache unenv@https://registry.npmjs.org/unenv/-/unenv-2.0.0-rc.24.tgz 0ms (cache hit)
6188 http cache seroval@https://registry.npmjs.org/seroval/-/seroval-1.5.4.tgz 0ms (cache hit)
6189 http cache externality@https://registry.npmjs.org/externality/-/externality-1.0.2.tgz 0ms (cache hit)
6190 http cache @vitejs/plugin-vue-jsx@https://registry.npmjs.org/@vitejs/plugin-vue-jsx/-/plugin-vue-jsx-5.1.5.tgz 0ms (cache hit)
6191 http cache @rolldown/pluginutils@https://registry.npmjs.org/@rolldown/pluginutils/-/pluginutils-1.0.0-rc.13.tgz 0ms (cache hit)
6192 http cache @vitejs/plugin-vue@https://registry.npmjs.org/@vitejs/plugin-vue/-/plugin-vue-6.0.6.tgz 0ms (cache hit)
6193 http cache @rollup/plugin-replace@https://registry.npmjs.org/@rollup/plugin-replace/-/plugin-replace-6.0.3.tgz 0ms (cache hit)
6194 http cache vue-bundle-renderer@https://registry.npmjs.org/vue-bundle-renderer/-/vue-bundle-renderer-2.2.0.tgz 0ms (cache hit)
6195 http cache @nuxt/devalue@https://registry.npmjs.org/@nuxt/devalue/-/devalue-2.0.2.tgz 0ms (cache hit)
6196 http cache @rollup/pluginutils@https://registry.npmjs.org/@rollup/pluginutils/-/pluginutils-5.3.0.tgz 0ms (cache hit)
6197 http cache vue-devtools-stub@https://registry.npmjs.org/vue-devtools-stub/-/vue-devtools-stub-0.1.0.tgz 0ms (cache hit)
6198 http cache ws@https://registry.npmjs.org/ws/-/ws-8.20.0.tgz 0ms (cache hit)
6199 http cache diff@https://registry.npmjs.org/diff/-/diff-8.0.4.tgz 0ms (cache hit)
6200 http cache vite-plugin-vue-tracer@https://registry.npmjs.org/vite-plugin-vue-tracer/-/vite-plugin-vue-tracer-1.3.0.tgz 0ms (cache hit)
6201 http cache vite@https://registry.npmjs.org/vite/-/vite-7.3.3.tgz 0ms (cache hit)
6202 http cache vite-plugin-inspect@https://registry.npmjs.org/vite-plugin-inspect/-/vite-plugin-inspect-11.3.3.tgz 0ms (cache hit)
6203 http cache nitropack@https://registry.npmjs.org/nitropack/-/nitropack-2.13.4.tgz 0ms (cache hit)
6204 http cache cssnano@https://registry.npmjs.org/cssnano/-/cssnano-7.1.9.tgz 0ms (cache hit)
6205 http cache mocked-exports@https://registry.npmjs.org/mocked-exports/-/mocked-exports-0.1.1.tgz 0ms (cache hit)
6206 http cache simple-git@https://registry.npmjs.org/simple-git/-/simple-git-3.36.0.tgz 0ms (cache hit)
6207 http cache magicast@https://registry.npmjs.org/magicast/-/magicast-0.5.2.tgz 0ms (cache hit)
6208 http cache launch-editor@https://registry.npmjs.org/launch-editor/-/launch-editor-2.13.2.tgz 0ms (cache hit)
6209 http cache is-installed-globally@https://registry.npmjs.org/is-installed-globally/-/is-installed-globally-1.0.0.tgz 0ms (cache hit)
6210 http cache image-meta@https://registry.npmjs.org/image-meta/-/image-meta-0.2.2.tgz 0ms (cache hit)
6211 http cache get-port-please@https://registry.npmjs.org/get-port-please/-/get-port-please-3.2.0.tgz 0ms (cache hit)
6212 http cache error-stack-parser-es@https://registry.npmjs.org/error-stack-parser-es/-/error-stack-parser-es-1.0.5.tgz 0ms (cache hit)
6213 http cache fast-npm-meta@https://registry.npmjs.org/fast-npm-meta/-/fast-npm-meta-1.5.1.tgz 0ms (cache hit)
6214 http cache birpc@https://registry.npmjs.org/birpc/-/birpc-4.0.0.tgz 0ms (cache hit)
6215 http cache @vue/devtools-kit@https://registry.npmjs.org/@vue/devtools-kit/-/devtools-kit-8.1.2.tgz 0ms (cache hit)
6216 http cache @vue/devtools-core@https://registry.npmjs.org/@vue/devtools-core/-/devtools-core-8.1.2.tgz 0ms (cache hit)
6217 http cache sisteransi@https://registry.npmjs.org/sisteransi/-/sisteransi-1.0.5.tgz 0ms (cache hit)
6218 http cache fast-wrap-ansi@https://registry.npmjs.org/fast-wrap-ansi/-/fast-wrap-ansi-0.2.0.tgz 0ms (cache hit)
6219 http cache structured-clone-es@https://registry.npmjs.org/structured-clone-es/-/structured-clone-es-2.0.0.tgz 0ms (cache hit)
6220 http cache fast-string-width@https://registry.npmjs.org/fast-string-width/-/fast-string-width-3.0.2.tgz 0ms (cache hit)
6221 http cache @clack/core@https://registry.npmjs.org/@clack/core/-/core-1.3.0.tgz 0ms (cache hit)
6222 http cache @nuxt/devtools-wizard@https://registry.npmjs.org/@nuxt/devtools-wizard/-/devtools-wizard-3.2.4.tgz 0ms (cache hit)
6223 http cache tinyclip@https://registry.npmjs.org/tinyclip/-/tinyclip-0.1.12.tgz 0ms (cache hit)
6224 http cache listhen@https://registry.npmjs.org/listhen/-/listhen-1.10.0.tgz 0ms (cache hit)
6225 http cache srvx@https://registry.npmjs.org/srvx/-/srvx-0.11.15.tgz 0ms (cache hit)
6226 http cache fzf@https://registry.npmjs.org/fzf/-/fzf-0.5.2.tgz 0ms (cache hit)
6227 http cache fuse.js@https://registry.npmjs.org/fuse.js/-/fuse.js-7.3.0.tgz 0ms (cache hit)
6228 http cache citty@https://registry.npmjs.org/citty/-/citty-0.2.2.tgz 0ms (cache hit)
6229 http cache @nuxt/schema@https://registry.npmjs.org/@nuxt/schema/-/schema-4.4.4.tgz 0ms (cache hit)
6230 http cache youch@https://registry.npmjs.org/youch/-/youch-4.1.1.tgz 0ms (cache hit)
6231 http cache @clack/prompts@https://registry.npmjs.org/@clack/prompts/-/prompts-1.3.0.tgz 0ms (cache hit)
6232 http cache @bomb.sh/tab@https://registry.npmjs.org/@bomb.sh/tab/-/tab-0.0.14.tgz 0ms (cache hit)
6233 http cache @dxup/unimport@https://registry.npmjs.org/@dxup/unimport/-/unimport-0.1.2.tgz 0ms (cache hit)
6234 http cache unimport@https://registry.npmjs.org/unimport/-/unimport-6.2.0.tgz 0ms (cache hit)
6235 http cache unplugin-vue-router@https://registry.npmjs.org/unplugin-vue-router/-/unplugin-vue-router-0.19.2.tgz 0ms (cache hit)
6236 http cache ultrahtml@https://registry.npmjs.org/ultrahtml/-/ultrahtml-1.6.0.tgz 0ms (cache hit)
6237 http cache rou3@https://registry.npmjs.org/rou3/-/rou3-0.8.1.tgz 0ms (cache hit)
6238 http cache oxc-walker@https://registry.npmjs.org/oxc-walker/-/oxc-walker-0.7.0.tgz 0ms (cache hit)
6239 http cache oxc-parser@https://registry.npmjs.org/oxc-parser/-/oxc-parser-0.128.0.tgz 0ms (cache hit)
6240 http cache oxc-minify@https://registry.npmjs.org/oxc-minify/-/oxc-minify-0.128.0.tgz 0ms (cache hit)
6241 http cache on-change@https://registry.npmjs.org/on-change/-/on-change-6.0.2.tgz 0ms (cache hit)
6242 http cache ofetch@https://registry.npmjs.org/ofetch/-/ofetch-1.5.1.tgz 0ms (cache hit)
6243 http cache nypm@https://registry.npmjs.org/nypm/-/nypm-0.6.6.tgz 0ms (cache hit)
6244 http cache nanotar@https://registry.npmjs.org/nanotar/-/nanotar-0.3.0.tgz 0ms (cache hit)
6245 http cache impound@https://registry.npmjs.org/impound/-/impound-1.1.5.tgz 0ms (cache hit)
6246 http cache hookable@https://registry.npmjs.org/hookable/-/hookable-5.5.3.tgz 0ms (cache hit)
6247 http cache escape-string-regexp@https://registry.npmjs.org/escape-string-regexp/-/escape-string-regexp-5.0.0.tgz 0ms (cache hit)
6248 http cache devalue@https://registry.npmjs.org/devalue/-/devalue-5.8.0.tgz 0ms (cache hit)
6249 http cache compatx@https://registry.npmjs.org/compatx/-/compatx-0.2.0.tgz 0ms (cache hit)
6250 http cache @vue/shared@https://registry.npmjs.org/@vue/shared/-/shared-3.5.34.tgz 0ms (cache hit)
6251 http cache @unhead/vue@https://registry.npmjs.org/@unhead/vue/-/vue-2.1.15.tgz 0ms (cache hit)
6252 http cache @nuxt/vite-builder@https://registry.npmjs.org/@nuxt/vite-builder/-/vite-builder-3.21.4.tgz 0ms (cache hit)
6253 http cache @nuxt/telemetry@https://registry.npmjs.org/@nuxt/telemetry/-/telemetry-2.8.0.tgz 0ms (cache hit)
6254 http cache @nuxt/devtools@https://registry.npmjs.org/@nuxt/devtools/-/devtools-3.2.4.tgz 0ms (cache hit)
6255 http cache @nuxt/cli@https://registry.npmjs.org/@nuxt/cli/-/cli-3.35.1.tgz 0ms (cache hit)
6256 http cache @nuxt/nitro-server@https://registry.npmjs.org/@nuxt/nitro-server/-/nitro-server-3.21.4.tgz 0ms (cache hit)
6257 http cache @dxup/nuxt@https://registry.npmjs.org/@dxup/nuxt/-/nuxt-0.4.1.tgz 0ms (cache hit)
6258 http cache whatwg-url@https://registry.npmjs.org/whatwg-url/-/whatwg-url-5.0.0.tgz 0ms (cache hit)
6259 http cache acorn@https://registry.npmjs.org/acorn/-/acorn-8.16.0.tgz 0ms (cache hit)
6260 http cache oxc-transform@https://registry.npmjs.org/oxc-transform/-/oxc-transform-0.128.0.tgz 0ms (cache hit)
6261 http cache @jridgewell/sourcemap-codec@https://registry.npmjs.org/@jridgewell/sourcemap-codec/-/sourcemap-codec-1.5.5.tgz 0ms (cache hit)
6262 http cache @types/estree@https://registry.npmjs.org/@types/estree/-/estree-1.0.9.tgz 0ms (cache hit)
6263 http cache type-level-regexp@https://registry.npmjs.org/type-level-regexp/-/type-level-regexp-0.1.17.tgz 0ms (cache hit)
6264 http cache regexp-tree@https://registry.npmjs.org/regexp-tree/-/regexp-tree-0.1.27.tgz 0ms (cache hit)
6265 http cache estree-walker@https://registry.npmjs.org/estree-walker/-/estree-walker-3.0.3.tgz 0ms (cache hit)
6266 http cache quansync@https://registry.npmjs.org/quansync/-/quansync-0.2.11.tgz 0ms (cache hit)
6267 http cache uncrypto@https://registry.npmjs.org/uncrypto/-/uncrypto-0.1.3.tgz 0ms (cache hit)
6268 http cache radix3@https://registry.npmjs.org/radix3/-/radix3-1.1.2.tgz 0ms (cache hit)
6269 http cache node-mock-http@https://registry.npmjs.org/node-mock-http/-/node-mock-http-1.0.4.tgz 0ms (cache hit)
6270 http cache crossws@https://registry.npmjs.org/crossws/-/crossws-0.3.5.tgz 0ms (cache hit)
6271 http cache cookie-es@https://registry.npmjs.org/cookie-es/-/cookie-es-1.2.3.tgz 0ms (cache hit)
6272 http cache tslib@https://registry.npmjs.org/tslib/-/tslib-2.8.1.tgz 0ms (cache hit)
6273 http cache unicode-trie@https://registry.npmjs.org/unicode-trie/-/unicode-trie-2.0.0.tgz 0ms (cache hit)
6274 http cache base64-js@https://registry.npmjs.org/base64-js/-/base64-js-1.5.1.tgz 0ms (cache hit)
6275 http cache unicode-properties@https://registry.npmjs.org/unicode-properties/-/unicode-properties-1.4.1.tgz 0ms (cache hit)
6276 http cache tiny-inflate@https://registry.npmjs.org/tiny-inflate/-/tiny-inflate-1.0.3.tgz 0ms (cache hit)
6277 http cache restructure@https://registry.npmjs.org/restructure/-/restructure-3.0.2.tgz 0ms (cache hit)
6278 http cache fast-deep-equal@https://registry.npmjs.org/fast-deep-equal/-/fast-deep-equal-3.1.3.tgz 0ms (cache hit)
6279 http cache clone@https://registry.npmjs.org/clone/-/clone-2.1.2.tgz 0ms (cache hit)
6280 http cache dfa@https://registry.npmjs.org/dfa/-/dfa-1.2.0.tgz 0ms (cache hit)
6281 http cache brotli@https://registry.npmjs.org/brotli/-/brotli-1.3.3.tgz 0ms (cache hit)
6282 http cache @swc/helpers@https://registry.npmjs.org/@swc/helpers/-/helpers-0.5.21.tgz 0ms (cache hit)
6283 http cache node-fetch@https://registry.npmjs.org/node-fetch/-/node-fetch-2.7.0.tgz 0ms (cache hit)
6284 http cache fontkit@https://registry.npmjs.org/fontkit/-/fontkit-2.0.4.tgz 0ms (cache hit)
6285 http cache cross-fetch@https://registry.npmjs.org/cross-fetch/-/cross-fetch-3.2.0.tgz 0ms (cache hit)
6286 http cache blob-to-buffer@https://registry.npmjs.org/blob-to-buffer/-/blob-to-buffer-1.2.9.tgz 0ms (cache hit)
6287 http cache @capsizecss/unpack@https://registry.npmjs.org/@capsizecss/unpack/-/unpack-2.4.0.tgz 0ms (cache hit)
6288 http cache @capsizecss/metrics@https://registry.npmjs.org/@capsizecss/metrics/-/metrics-3.7.0.tgz 0ms (cache hit)
6289 http cache which@https://registry.npmjs.org/which/-/which-2.0.2.tgz 0ms (cache hit)
6290 http cache shebang-command@https://registry.npmjs.org/shebang-command/-/shebang-command-2.0.0.tgz 0ms (cache hit)
6291 http cache path-key@https://registry.npmjs.org/path-key/-/path-key-3.1.1.tgz 0ms (cache hit)
6292 http cache strip-final-newline@https://registry.npmjs.org/strip-final-newline/-/strip-final-newline-3.0.0.tgz 0ms (cache hit)
6293 http cache signal-exit@https://registry.npmjs.org/signal-exit/-/signal-exit-4.1.0.tgz 0ms (cache hit)
6294 http cache npm-run-path@https://registry.npmjs.org/npm-run-path/-/npm-run-path-5.3.0.tgz 0ms (cache hit)
6295 http cache iron-webcrypto@https://registry.npmjs.org/iron-webcrypto/-/iron-webcrypto-1.2.1.tgz 0ms (cache hit)
6296 http cache onetime@https://registry.npmjs.org/onetime/-/onetime-6.0.0.tgz 0ms (cache hit)
6297 http cache @vue/compiler-sfc@https://registry.npmjs.org/@vue/compiler-sfc/-/compiler-sfc-3.5.34.tgz 0ms (cache hit)
6298 http cache is-stream@https://registry.npmjs.org/is-stream/-/is-stream-3.0.0.tgz 0ms (cache hit)
6299 http cache merge-stream@https://registry.npmjs.org/merge-stream/-/merge-stream-2.0.0.tgz 0ms (cache hit)
6300 http cache get-stream@https://registry.npmjs.org/get-stream/-/get-stream-8.0.1.tgz 0ms (cache hit)
6301 http cache cross-spawn@https://registry.npmjs.org/cross-spawn/-/cross-spawn-7.0.6.tgz 0ms (cache hit)
6302 http cache @esbuild/darwin-arm64@https://registry.npmjs.org/@esbuild/darwin-arm64/-/darwin-arm64-0.25.12.tgz 0ms (cache hit)
6303 http cache ms@https://registry.npmjs.org/ms/-/ms-2.1.3.tgz 0ms (cache hit)
6304 http cache source-map-js@https://registry.npmjs.org/source-map-js/-/source-map-js-1.2.1.tgz 0ms (cache hit)
6305 http cache mdn-data@https://registry.npmjs.org/mdn-data/-/mdn-data-2.27.1.tgz 0ms (cache hit)
6306 http cache readdirp@https://registry.npmjs.org/readdirp/-/readdirp-5.0.0.tgz 0ms (cache hit)
6307 http cache perfect-debounce@https://registry.npmjs.org/perfect-debounce/-/perfect-debounce-2.1.0.tgz 0ms (cache hit)
6308 http cache giget@https://registry.npmjs.org/giget/-/giget-3.2.0.tgz 0ms (cache hit)
6309 http cache chokidar@https://registry.npmjs.org/chokidar/-/chokidar-5.0.0.tgz 0ms (cache hit)
6310 http cache dotenv@https://registry.npmjs.org/dotenv/-/dotenv-17.4.2.tgz 0ms (cache hit)
6311 http cache confbox@https://registry.npmjs.org/confbox/-/confbox-0.2.4.tgz 0ms (cache hit)
6312 http cache update-browserslist-db@https://registry.npmjs.org/update-browserslist-db/-/update-browserslist-db-1.2.3.tgz 0ms (cache hit)
6313 http cache node-releases@https://registry.npmjs.org/node-releases/-/node-releases-2.0.38.tgz 0ms (cache hit)
6314 http cache electron-to-chromium@https://registry.npmjs.org/electron-to-chromium/-/electron-to-chromium-1.5.353.tgz 0ms (cache hit)
6315 http cache baseline-browser-mapping@https://registry.npmjs.org/baseline-browser-mapping/-/baseline-browser-mapping-2.10.28.tgz 0ms (cache hit)
6316 http cache postcss-value-parser@https://registry.npmjs.org/postcss-value-parser/-/postcss-value-parser-4.2.0.tgz 0ms (cache hit)
6317 http cache picocolors@https://registry.npmjs.org/picocolors/-/picocolors-1.1.1.tgz 0ms (cache hit)
6318 http cache fraction.js@https://registry.npmjs.org/fraction.js/-/fraction.js-5.3.4.tgz 0ms (cache hit)
6319 http cache caniuse-lite@https://registry.npmjs.org/caniuse-lite/-/caniuse-lite-1.0.30001792.tgz 0ms (cache hit)
6320 http cache tailwind-config-viewer@https://registry.npmjs.org/tailwind-config-viewer/-/tailwind-config-viewer-2.0.4.tgz 0ms (cache hit)
6321 http cache browserslist@https://registry.npmjs.org/browserslist/-/browserslist-4.28.2.tgz 0ms (cache hit)
6322 http cache postcss-nesting@https://registry.npmjs.org/postcss-nesting/-/postcss-nesting-13.0.2.tgz 0ms (cache hit)
6323 http cache autoprefixer@https://registry.npmjs.org/autoprefixer/-/autoprefixer-10.5.0.tgz 0ms (cache hit)
6324 http cache postcss@https://registry.npmjs.org/postcss/-/postcss-8.5.14.tgz 0ms (cache hit)
6325 http cache untyped@https://registry.npmjs.org/untyped/-/untyped-2.0.0.tgz 0ms (cache hit)
6326 http cache semver@https://registry.npmjs.org/semver/-/semver-7.8.0.tgz 0ms (cache hit)
6327 http cache rc9@https://registry.npmjs.org/rc9/-/rc9-3.0.1.tgz 0ms (cache hit)
6328 http cache scule@https://registry.npmjs.org/scule/-/scule-1.3.0.tgz 0ms (cache hit)
6329 http cache pkg-types@https://registry.npmjs.org/pkg-types/-/pkg-types-2.3.1.tgz 0ms (cache hit)
6330 http cache knitwork@https://registry.npmjs.org/knitwork/-/knitwork-1.3.0.tgz 0ms (cache hit)
6331 http cache klona@https://registry.npmjs.org/klona/-/klona-2.0.6.tgz 0ms (cache hit)
6332 http cache human-signals@https://registry.npmjs.org/human-signals/-/human-signals-5.0.0.tgz 0ms (cache hit)
6333 http cache ignore@https://registry.npmjs.org/ignore/-/ignore-7.0.5.tgz 0ms (cache hit)
6334 http cache errx@https://registry.npmjs.org/errx/-/errx-0.1.0.tgz 0ms (cache hit)
6335 http cache destr@https://registry.npmjs.org/destr/-/destr-2.0.5.tgz 0ms (cache hit)
6336 http cache exsolve@https://registry.npmjs.org/exsolve/-/exsolve-1.0.8.tgz 0ms (cache hit)
6337 http cache c12@https://registry.npmjs.org/c12/-/c12-3.3.4.tgz 0ms (cache hit)
6338 http cache kolorist@https://registry.npmjs.org/kolorist/-/kolorist-1.8.0.tgz 0ms (cache hit)
6339 http cache globals@https://registry.npmjs.org/globals/-/globals-15.15.0.tgz 0ms (cache hit)
6340 http cache tinyexec@https://registry.npmjs.org/tinyexec/-/tinyexec-1.1.2.tgz 0ms (cache hit)
6341 http cache debug@https://registry.npmjs.org/debug/-/debug-4.4.3.tgz 0ms (cache hit)
6342 http cache package-manager-detector@https://registry.npmjs.org/package-manager-detector/-/package-manager-detector-1.6.0.tgz 0ms (cache hit)
6343 http cache std-env@https://registry.npmjs.org/std-env/-/std-env-3.10.0.tgz 0ms (cache hit)
6344 http cache @antfu/install-pkg@https://registry.npmjs.org/@antfu/install-pkg/-/install-pkg-1.1.0.tgz 0ms (cache hit)
6345 http cache local-pkg@https://registry.npmjs.org/local-pkg/-/local-pkg-1.1.2.tgz 0ms (cache hit)
6346 http cache picomatch@https://registry.npmjs.org/picomatch/-/picomatch-4.0.4.tgz 0ms (cache hit)
6347 http cache @iconify/vue@https://registry.npmjs.org/@iconify/vue/-/vue-5.0.1.tgz 0ms (cache hit)
6348 http cache @iconify/types@https://registry.npmjs.org/@iconify/types/-/types-2.0.0.tgz 0ms (cache hit)
6349 http cache @iconify/utils@https://registry.npmjs.org/@iconify/utils/-/utils-2.3.0.tgz 0ms (cache hit)
6350 http cache @iconify/collections@https://registry.npmjs.org/@iconify/collections/-/collections-1.0.681.tgz 0ms (cache hit)
6351 http cache execa@https://registry.npmjs.org/execa/-/execa-8.0.1.tgz 0ms (cache hit)
6352 http cache unstorage@https://registry.npmjs.org/unstorage/-/unstorage-1.17.5.tgz 0ms (cache hit)
6353 http cache mlly@https://registry.npmjs.org/mlly/-/mlly-1.8.2.tgz 0ms (cache hit)
6354 http cache @antfu/utils@https://registry.npmjs.org/@antfu/utils/-/utils-8.1.1.tgz 0ms (cache hit)
6355 http cache unplugin@https://registry.npmjs.org/unplugin/-/unplugin-2.3.11.tgz 0ms (cache hit)
6356 http cache ufo@https://registry.npmjs.org/ufo/-/ufo-1.6.4.tgz 0ms (cache hit)
6357 http cache unifont@https://registry.npmjs.org/unifont/-/unifont-0.4.1.tgz 0ms (cache hit)
6358 http cache tinyglobby@https://registry.npmjs.org/tinyglobby/-/tinyglobby-0.2.16.tgz 0ms (cache hit)
6359 http cache pathe@https://registry.npmjs.org/pathe/-/pathe-2.0.3.tgz 0ms (cache hit)
6360 http cache unctx@https://registry.npmjs.org/unctx/-/unctx-2.5.0.tgz 0ms (cache hit)
6361 http cache ohash@https://registry.npmjs.org/ohash/-/ohash-2.0.11.tgz 0ms (cache hit)
6362 http cache sirv@https://registry.npmjs.org/sirv/-/sirv-3.0.2.tgz 0ms (cache hit)
6363 http cache node-fetch-native@https://registry.npmjs.org/node-fetch-native/-/node-fetch-native-1.6.7.tgz 0ms (cache hit)
6364 http cache magic-regexp@https://registry.npmjs.org/magic-regexp/-/magic-regexp-0.10.0.tgz 0ms (cache hit)
6365 http cache jiti@https://registry.npmjs.org/jiti/-/jiti-2.7.0.tgz 0ms (cache hit)
6366 http cache h3@https://registry.npmjs.org/h3/-/h3-1.15.11.tgz 0ms (cache hit)
6367 http cache fontaine@https://registry.npmjs.org/fontaine/-/fontaine-0.6.0.tgz 0ms (cache hit)
6368 http cache defu@https://registry.npmjs.org/defu/-/defu-6.1.7.tgz 0ms (cache hit)
6369 http cache esbuild@https://registry.npmjs.org/esbuild/-/esbuild-0.25.12.tgz 0ms (cache hit)
6370 http cache css-tree@https://registry.npmjs.org/css-tree/-/css-tree-3.2.1.tgz 0ms (cache hit)
6371 http cache consola@https://registry.npmjs.org/consola/-/consola-3.4.2.tgz 0ms (cache hit)
6372 http cache @nuxt/kit@https://registry.npmjs.org/@nuxt/kit/-/kit-3.21.4.tgz 0ms (cache hit)
6373 http cache @nuxt/devtools-kit@https://registry.npmjs.org/@nuxt/devtools-kit/-/devtools-kit-2.7.0.tgz 0ms (cache hit)
6374 http cache vue-tsc@https://registry.npmjs.org/vue-tsc/-/vue-tsc-2.2.12.tgz 0ms (cache hit)
6375 http cache vue-router@https://registry.npmjs.org/vue-router/-/vue-router-4.6.4.tgz 0ms (cache hit)
6376 http cache typescript@https://registry.npmjs.org/typescript/-/typescript-5.9.3.tgz 0ms (cache hit)
6377 http cache tailwindcss@https://registry.npmjs.org/tailwindcss/-/tailwindcss-3.4.19.tgz 0ms (cache hit)
6378 http cache nuxt@https://registry.npmjs.org/nuxt/-/nuxt-3.21.4.tgz 0ms (cache hit)
6379 http cache @nuxt/icon@https://registry.npmjs.org/@nuxt/icon/-/icon-1.15.0.tgz 0ms (cache hit)
6380 http cache @nuxtjs/tailwindcss@https://registry.npmjs.org/@nuxtjs/tailwindcss/-/tailwindcss-6.14.0.tgz 0ms (cache hit)
6381 http cache vue@https://registry.npmjs.org/vue/-/vue-3.5.34.tgz 0ms (cache hit)
6382 http cache @nuxt/fonts@https://registry.npmjs.org/@nuxt/fonts/-/fonts-0.11.4.tgz 0ms (cache hit)
6383 http cache emoji-regex@https://registry.npmjs.org/emoji-regex/-/emoji-regex-8.0.0.tgz 0ms (cache hit)
6384 http cache strip-ansi@https://registry.npmjs.org/strip-ansi/-/strip-ansi-6.0.1.tgz 0ms (cache hit)
6385 http cache ansi-regex@https://registry.npmjs.org/ansi-regex/-/ansi-regex-5.0.1.tgz 0ms (cache hit)
6386 http cache ansi-regex@https://registry.npmjs.org/ansi-regex/-/ansi-regex-5.0.1.tgz 0ms (cache hit)
6387 http cache ansi-regex@https://registry.npmjs.org/ansi-regex/-/ansi-regex-5.0.1.tgz 0ms (cache hit)
6388 http cache emoji-regex@https://registry.npmjs.org/emoji-regex/-/emoji-regex-8.0.0.tgz 0ms (cache hit)
6389 http cache ansi-styles@https://registry.npmjs.org/ansi-styles/-/ansi-styles-6.2.3.tgz 0ms (cache hit)
6390 http cache strip-ansi@https://registry.npmjs.org/strip-ansi/-/strip-ansi-6.0.1.tgz 0ms (cache hit)
6391 http cache string-width@https://registry.npmjs.org/string-width/-/string-width-4.2.3.tgz 0ms (cache hit)
6392 http cache emoji-regex@https://registry.npmjs.org/emoji-regex/-/emoji-regex-9.2.2.tgz 0ms (cache hit)
6393 http cache is-stream@https://registry.npmjs.org/is-stream/-/is-stream-2.0.1.tgz 0ms (cache hit)
6394 http cache wrap-ansi@https://registry.npmjs.org/wrap-ansi/-/wrap-ansi-8.1.0.tgz 0ms (cache hit)
6395 http cache ansi-styles@https://registry.npmjs.org/ansi-styles/-/ansi-styles-6.2.3.tgz 0ms (cache hit)
6396 http cache string-width@https://registry.npmjs.org/string-width/-/string-width-5.1.2.tgz 0ms (cache hit)
6397 http cache magic-string@https://registry.npmjs.org/magic-string/-/magic-string-0.30.21.tgz 0ms (cache hit)
6398 http cache supports-color@https://registry.npmjs.org/supports-color/-/supports-color-10.2.2.tgz 0ms (cache hit)
6399 http cache birpc@https://registry.npmjs.org/birpc/-/birpc-2.9.0.tgz 0ms (cache hit)
6400 http cache picomatch@https://registry.npmjs.org/picomatch/-/picomatch-2.3.2.tgz 0ms (cache hit)
6401 http cache signal-exit@https://registry.npmjs.org/signal-exit/-/signal-exit-3.0.7.tgz 0ms (cache hit)
6402 http cache js-tokens@https://registry.npmjs.org/js-tokens/-/js-tokens-9.0.1.tgz 0ms (cache hit)
6403 http cache @volar/language-core@https://registry.npmjs.org/@volar/language-core/-/language-core-2.4.15.tgz 0ms (cache hit)
6404 http cache @volar/source-map@https://registry.npmjs.org/@volar/source-map/-/source-map-2.4.15.tgz 0ms (cache hit)
6405 http cache source-map@https://registry.npmjs.org/source-map/-/source-map-0.6.1.tgz 0ms (cache hit)
6406 http cache postcss-selector-parser@https://registry.npmjs.org/postcss-selector-parser/-/postcss-selector-parser-6.1.2.tgz 0ms (cache hit)
6407 http cache commander@https://registry.npmjs.org/commander/-/commander-4.1.1.tgz 0ms (cache hit)
6408 http cache setprototypeof@https://registry.npmjs.org/setprototypeof/-/setprototypeof-1.1.0.tgz 0ms (cache hit)
6409 http cache statuses@https://registry.npmjs.org/statuses/-/statuses-1.5.0.tgz 0ms (cache hit)
6410 http cache inherits@https://registry.npmjs.org/inherits/-/inherits-2.0.3.tgz 0ms (cache hit)
6411 http cache http-errors@https://registry.npmjs.org/http-errors/-/http-errors-1.6.3.tgz 0ms (cache hit)
6412 http cache statuses@https://registry.npmjs.org/statuses/-/statuses-1.5.0.tgz 0ms (cache hit)
6413 http cache depd@https://registry.npmjs.org/depd/-/depd-1.1.2.tgz 0ms (cache hit)
6414 http cache mime-db@https://registry.npmjs.org/mime-db/-/mime-db-1.52.0.tgz 0ms (cache hit)
6415 http cache mime-types@https://registry.npmjs.org/mime-types/-/mime-types-2.1.35.tgz 0ms (cache hit)
6416 http cache statuses@https://registry.npmjs.org/statuses/-/statuses-1.5.0.tgz 0ms (cache hit)
6417 http cache depd@https://registry.npmjs.org/depd/-/depd-1.1.2.tgz 0ms (cache hit)
6418 http cache http-errors@https://registry.npmjs.org/http-errors/-/http-errors-1.8.1.tgz 0ms (cache hit)
6419 http cache http-errors@https://registry.npmjs.org/http-errors/-/http-errors-1.8.1.tgz 0ms (cache hit)
6420 http cache mime-db@https://registry.npmjs.org/mime-db/-/mime-db-1.52.0.tgz 0ms (cache hit)
6421 http cache mime-types@https://registry.npmjs.org/mime-types/-/mime-types-2.1.35.tgz 0ms (cache hit)
6422 http cache mime-types@https://registry.npmjs.org/mime-types/-/mime-types-2.1.35.tgz 0ms (cache hit)
6423 http cache emoji-regex@https://registry.npmjs.org/emoji-regex/-/emoji-regex-8.0.0.tgz 0ms (cache hit)
6424 http cache mime-db@https://registry.npmjs.org/mime-db/-/mime-db-1.52.0.tgz 0ms (cache hit)
6425 http cache ansi-regex@https://registry.npmjs.org/ansi-regex/-/ansi-regex-5.0.1.tgz 0ms (cache hit)
6426 http cache wrap-ansi@https://registry.npmjs.org/wrap-ansi/-/wrap-ansi-7.0.0.tgz 0ms (cache hit)
6427 http cache strip-ansi@https://registry.npmjs.org/strip-ansi/-/strip-ansi-6.0.1.tgz 0ms (cache hit)
6428 http cache yargs-parser@https://registry.npmjs.org/yargs-parser/-/yargs-parser-21.1.1.tgz 0ms (cache hit)
6429 http cache string-width@https://registry.npmjs.org/string-width/-/string-width-4.2.3.tgz 0ms (cache hit)
6430 http cache balanced-match@https://registry.npmjs.org/balanced-match/-/balanced-match-1.0.2.tgz 0ms (cache hit)
6431 http cache cliui@https://registry.npmjs.org/cliui/-/cliui-8.0.1.tgz 0ms (cache hit)
6432 http cache brace-expansion@https://registry.npmjs.org/brace-expansion/-/brace-expansion-1.1.14.tgz 0ms (cache hit)
6433 http cache minimatch@https://registry.npmjs.org/minimatch/-/minimatch-3.1.5.tgz 0ms (cache hit)
6434 http cache yargs@https://registry.npmjs.org/yargs/-/yargs-17.7.2.tgz 0ms (cache hit)
6435 http cache glob@https://registry.npmjs.org/glob/-/glob-7.2.3.tgz 0ms (cache hit)
6436 http cache debug@https://registry.npmjs.org/debug/-/debug-3.2.7.tgz 0ms (cache hit)
6437 http cache http-errors@https://registry.npmjs.org/http-errors/-/http-errors-1.8.1.tgz 0ms (cache hit)
6438 http cache statuses@https://registry.npmjs.org/statuses/-/statuses-1.5.0.tgz 0ms (cache hit)
6439 http cache fresh@https://registry.npmjs.org/fresh/-/fresh-0.5.2.tgz 0ms (cache hit)
6440 http cache entities@https://registry.npmjs.org/entities/-/entities-4.5.0.tgz 0ms (cache hit)
6441 http cache depd@https://registry.npmjs.org/depd/-/depd-1.1.2.tgz 0ms (cache hit)
6442 http cache encodeurl@https://registry.npmjs.org/encodeurl/-/encodeurl-1.0.2.tgz 0ms (cache hit)
6443 http cache mdn-data@https://registry.npmjs.org/mdn-data/-/mdn-data-2.0.28.tgz 0ms (cache hit)
6444 http cache css-tree@https://registry.npmjs.org/css-tree/-/css-tree-2.2.1.tgz 0ms (cache hit)
6445 http cache picomatch@https://registry.npmjs.org/picomatch/-/picomatch-2.3.2.tgz 0ms (cache hit)
6446 http cache string_decoder@https://registry.npmjs.org/string_decoder/-/string_decoder-1.1.1.tgz 0ms (cache hit)
6447 http cache lru-cache@https://registry.npmjs.org/lru-cache/-/lru-cache-11.3.6.tgz 0ms (cache hit)
6448 http cache safe-buffer@https://registry.npmjs.org/safe-buffer/-/safe-buffer-5.1.2.tgz 0ms (cache hit)
6449 http cache balanced-match@https://registry.npmjs.org/balanced-match/-/balanced-match-1.0.2.tgz 0ms (cache hit)
6450 http cache readable-stream@https://registry.npmjs.org/readable-stream/-/readable-stream-2.3.8.tgz 0ms (cache hit)
6451 http cache brace-expansion@https://registry.npmjs.org/brace-expansion/-/brace-expansion-2.1.0.tgz 0ms (cache hit)
6452 http cache depd@https://registry.npmjs.org/depd/-/depd-1.1.2.tgz 0ms (cache hit)
6453 http cache minimatch@https://registry.npmjs.org/minimatch/-/minimatch-5.1.9.tgz 0ms (cache hit)
6454 http cache balanced-match@https://registry.npmjs.org/balanced-match/-/balanced-match-1.0.2.tgz 0ms (cache hit)
6455 http cache path-scurry@https://registry.npmjs.org/path-scurry/-/path-scurry-1.11.1.tgz 0ms (cache hit)
6456 http cache minimatch@https://registry.npmjs.org/minimatch/-/minimatch-9.0.9.tgz 0ms (cache hit)
6457 http cache is-stream@https://registry.npmjs.org/is-stream/-/is-stream-2.0.1.tgz 0ms (cache hit)
6458 http cache lru-cache@https://registry.npmjs.org/lru-cache/-/lru-cache-10.4.3.tgz 0ms (cache hit)
6459 http cache glob@https://registry.npmjs.org/glob/-/glob-10.5.0.tgz 0ms (cache hit)
6460 http cache yallist@https://registry.npmjs.org/yallist/-/yallist-5.0.0.tgz 0ms (cache hit)
6461 http cache commander@https://registry.npmjs.org/commander/-/commander-2.20.3.tgz 0ms (cache hit)
6462 http cache estree-walker@https://registry.npmjs.org/estree-walker/-/estree-walker-2.0.2.tgz 0ms (cache hit)
6463 http cache estree-walker@https://registry.npmjs.org/estree-walker/-/estree-walker-2.0.2.tgz 0ms (cache hit)
6464 http cache @types/estree@https://registry.npmjs.org/@types/estree/-/estree-1.0.8.tgz 0ms (cache hit)
6465 http cache estree-walker@https://registry.npmjs.org/estree-walker/-/estree-walker-2.0.2.tgz 0ms (cache hit)
6466 http cache citty@https://registry.npmjs.org/citty/-/citty-0.1.6.tgz 0ms (cache hit)
6467 http cache estree-walker@https://registry.npmjs.org/estree-walker/-/estree-walker-2.0.2.tgz 0ms (cache hit)
6468 http cache semver@https://registry.npmjs.org/semver/-/semver-6.3.1.tgz 0ms (cache hit)
6469 http cache semver@https://registry.npmjs.org/semver/-/semver-6.3.1.tgz 0ms (cache hit)
6470 http cache pathe@https://registry.npmjs.org/pathe/-/pathe-1.1.2.tgz 0ms (cache hit)
6471 http cache semver@https://registry.npmjs.org/semver/-/semver-6.3.1.tgz 0ms (cache hit)
6472 http cache hookable@https://registry.npmjs.org/hookable/-/hookable-6.1.1.tgz 0ms (cache hit)
6473 http cache estree-walker@https://registry.npmjs.org/estree-walker/-/estree-walker-2.0.2.tgz 0ms (cache hit)
6474 http cache unicorn-magic@https://registry.npmjs.org/unicorn-magic/-/unicorn-magic-0.3.0.tgz 0ms (cache hit)
6475 http cache path-key@https://registry.npmjs.org/path-key/-/path-key-4.0.0.tgz 0ms (cache hit)
6476 http cache readdirp@https://registry.npmjs.org/readdirp/-/readdirp-4.1.2.tgz 0ms (cache hit)
6477 http cache npm-run-path@https://registry.npmjs.org/npm-run-path/-/npm-run-path-6.0.0.tgz 0ms (cache hit)
6478 http cache chokidar@https://registry.npmjs.org/chokidar/-/chokidar-4.0.3.tgz 0ms (cache hit)
6479 http cache pathe@https://registry.npmjs.org/pathe/-/pathe-1.1.2.tgz 0ms (cache hit)
6480 http cache std-env@https://registry.npmjs.org/std-env/-/std-env-4.1.0.tgz 0ms (cache hit)
6481 http cache @esbuild/darwin-arm64@https://registry.npmjs.org/@esbuild/darwin-arm64/-/darwin-arm64-0.28.0.tgz 0ms (cache hit)
6482 http cache cookie-es@https://registry.npmjs.org/cookie-es/-/cookie-es-2.0.1.tgz 0ms (cache hit)
6483 http cache @esbuild/darwin-arm64@https://registry.npmjs.org/@esbuild/darwin-arm64/-/darwin-arm64-0.27.7.tgz 0ms (cache hit)
6484 http cache esbuild@https://registry.npmjs.org/esbuild/-/esbuild-0.27.7.tgz 0ms (cache hit)
6485 http cache esbuild@https://registry.npmjs.org/esbuild/-/esbuild-0.28.0.tgz 0ms (cache hit)
6486 http cache wsl-utils@https://registry.npmjs.org/wsl-utils/-/wsl-utils-0.1.0.tgz 0ms (cache hit)
6487 http cache open@https://registry.npmjs.org/open/-/open-10.2.0.tgz 0ms (cache hit)
6488 http cache birpc@https://registry.npmjs.org/birpc/-/birpc-2.9.0.tgz 0ms (cache hit)
6489 http cache cookie-es@https://registry.npmjs.org/cookie-es/-/cookie-es-3.1.1.tgz 0ms (cache hit)
6490 http cache std-env@https://registry.npmjs.org/std-env/-/std-env-4.1.0.tgz 0ms (cache hit)
6491 http cache std-env@https://registry.npmjs.org/std-env/-/std-env-4.1.0.tgz 0ms (cache hit)
6492 http cache estree-walker@https://registry.npmjs.org/estree-walker/-/estree-walker-2.0.2.tgz 0ms (cache hit)
6493 http cache unplugin@https://registry.npmjs.org/unplugin/-/unplugin-3.0.0.tgz 0ms (cache hit)
6494 http cache unplugin@https://registry.npmjs.org/unplugin/-/unplugin-3.0.0.tgz 0ms (cache hit)
6495 http cache hookable@https://registry.npmjs.org/hookable/-/hookable-6.1.1.tgz 0ms (cache hit)
6496 http cache std-env@https://registry.npmjs.org/std-env/-/std-env-4.1.0.tgz 0ms (cache hit)
6497 http cache std-env@https://registry.npmjs.org/std-env/-/std-env-4.1.0.tgz 0ms (cache hit)
6498 http cache ofetch@https://registry.npmjs.org/ofetch/-/ofetch-2.0.0-alpha.3.tgz 0ms (cache hit)
6499 http cache std-env@https://registry.npmjs.org/std-env/-/std-env-4.1.0.tgz 0ms (cache hit)
6500 http cache which@https://registry.npmjs.org/which/-/which-6.0.1.tgz 0ms (cache hit)
6501 http cache isexe@https://registry.npmjs.org/isexe/-/isexe-4.0.0.tgz 0ms (cache hit)
6502 http cache hookable@https://registry.npmjs.org/hookable/-/hookable-6.1.1.tgz 0ms (cache hit)
6503 http cache @nuxt/kit@https://registry.npmjs.org/@nuxt/kit/-/kit-4.4.4.tgz 0ms (cache hit)
6504 http cache @nuxt/kit@https://registry.npmjs.org/@nuxt/kit/-/kit-4.4.4.tgz 0ms (cache hit)
6505 http cache std-env@https://registry.npmjs.org/std-env/-/std-env-4.1.0.tgz 0ms (cache hit)
6506 http cache @nuxt/devtools-kit@https://registry.npmjs.org/@nuxt/devtools-kit/-/devtools-kit-3.2.4.tgz 0ms (cache hit)
6507 http cache path-key@https://registry.npmjs.org/path-key/-/path-key-4.0.0.tgz 0ms (cache hit)
6508 http cache brace-expansion@https://registry.npmjs.org/brace-expansion/-/brace-expansion-2.1.0.tgz 0ms (cache hit)
6509 http cache is-wsl@https://registry.npmjs.org/is-wsl/-/is-wsl-2.2.0.tgz 0ms (cache hit)
6510 http cache is-docker@https://registry.npmjs.org/is-docker/-/is-docker-2.2.1.tgz 0ms (cache hit)
6511 http cache open@https://registry.npmjs.org/open/-/open-7.4.2.tgz 0ms (cache hit)
6512 http cache confbox@https://registry.npmjs.org/confbox/-/confbox-0.1.8.tgz 0ms (cache hit)
6513 http cache citty@https://registry.npmjs.org/citty/-/citty-0.1.6.tgz 0ms (cache hit)
6514 http cache pkg-types@https://registry.npmjs.org/pkg-types/-/pkg-types-1.3.1.tgz 0ms (cache hit)
6515 http cache balanced-match@https://registry.npmjs.org/balanced-match/-/balanced-match-1.0.2.tgz 0ms (cache hit)
6516 http cache brace-expansion@https://registry.npmjs.org/brace-expansion/-/brace-expansion-2.1.0.tgz 0ms (cache hit)
6517 http cache @volar/source-map@https://registry.npmjs.org/@volar/source-map/-/source-map-2.4.15.tgz 0ms (cache hit)
6518 http cache alien-signals@https://registry.npmjs.org/alien-signals/-/alien-signals-1.0.13.tgz 0ms (cache hit)
6519 http cache @volar/language-core@https://registry.npmjs.org/@volar/language-core/-/language-core-2.4.15.tgz 0ms (cache hit)
6520 http cache @vue/language-core@https://registry.npmjs.org/@vue/language-core/-/language-core-2.2.12.tgz 0ms (cache hit)
6521 http cache minimatch@https://registry.npmjs.org/minimatch/-/minimatch-9.0.9.tgz 0ms (cache hit)
6522 http cache picomatch@https://registry.npmjs.org/picomatch/-/picomatch-2.3.2.tgz 0ms (cache hit)
6523 http cache readdirp@https://registry.npmjs.org/readdirp/-/readdirp-3.6.0.tgz 0ms (cache hit)
6524 http cache postcss-selector-parser@https://registry.npmjs.org/postcss-selector-parser/-/postcss-selector-parser-6.1.2.tgz 0ms (cache hit)
6525 http cache jiti@https://registry.npmjs.org/jiti/-/jiti-1.21.7.tgz 0ms (cache hit)
6526 http cache glob-parent@https://registry.npmjs.org/glob-parent/-/glob-parent-6.0.2.tgz 0ms (cache hit)
6527 http cache chokidar@https://registry.npmjs.org/chokidar/-/chokidar-3.6.0.tgz 0ms (cache hit)
6528 http cache glob-parent@https://registry.npmjs.org/glob-parent/-/glob-parent-5.1.2.tgz 0ms (cache hit)
6529 http cache @nuxt/schema@https://registry.npmjs.org/@nuxt/schema/-/schema-3.21.4.tgz 0ms (cache hit)
6530 http cache cookie-es@https://registry.npmjs.org/cookie-es/-/cookie-es-2.0.1.tgz 0ms (cache hit)
6531 http cache commander@https://registry.npmjs.org/commander/-/commander-6.2.1.tgz 0ms (cache hit)
6532 http cache unplugin@https://registry.npmjs.org/unplugin/-/unplugin-3.0.0.tgz 0ms (cache hit)
6533 http cache std-env@https://registry.npmjs.org/std-env/-/std-env-4.1.0.tgz 0ms (cache hit)
6534 http cache lru-cache@https://registry.npmjs.org/lru-cache/-/lru-cache-11.3.6.tgz 0ms (cache hit)
6535 silly tarball no local data for he@https://registry.npmjs.org/he/-/he-1.2.0.tgz. Extracting by manifest.
6536 silly tarball no local data for de-indent@https://registry.npmjs.org/de-indent/-/de-indent-1.0.2.tgz. Extracting by manifest.
6537 silly tarball no local data for @vue/compiler-vue2@https://registry.npmjs.org/@vue/compiler-vue2/-/compiler-vue2-2.7.16.tgz. Extracting by manifest.
6538 silly tarball no local data for binary-extensions@https://registry.npmjs.org/binary-extensions/-/binary-extensions-2.3.0.tgz. Extracting by manifest.
6539 silly tarball no local data for is-binary-path@https://registry.npmjs.org/is-binary-path/-/is-binary-path-2.1.0.tgz. Extracting by manifest.
6540 silly tarball no local data for require-directory@https://registry.npmjs.org/require-directory/-/require-directory-2.1.1.tgz. Extracting by manifest.
6541 silly tarball no local data for concat-map@https://registry.npmjs.org/concat-map/-/concat-map-0.0.1.tgz. Extracting by manifest.
6542 silly tarball no local data for wrappy@https://registry.npmjs.org/wrappy/-/wrappy-1.0.2.tgz. Extracting by manifest.
6543 silly tarball no local data for once@https://registry.npmjs.org/once/-/once-1.4.0.tgz. Extracting by manifest.
6544 silly tarball no local data for inflight@https://registry.npmjs.org/inflight/-/inflight-1.0.6.tgz. Extracting by manifest.
6545 silly tarball no local data for fs.realpath@https://registry.npmjs.org/fs.realpath/-/fs.realpath-1.0.0.tgz. Extracting by manifest.
6546 silly tarball no local data for process-nextick-args@https://registry.npmjs.org/process-nextick-args/-/process-nextick-args-2.0.1.tgz. Extracting by manifest.
6547 silly tarball no local data for isarray@https://registry.npmjs.org/isarray/-/isarray-1.0.0.tgz. Extracting by manifest.
6548 silly tarball no local data for core-util-is@https://registry.npmjs.org/core-util-is/-/core-util-is-1.0.3.tgz. Extracting by manifest.
6549 silly tarball no local data for eastasianwidth@https://registry.npmjs.org/eastasianwidth/-/eastasianwidth-0.2.0.tgz. Extracting by manifest.
6550 silly tarball no local data for is-fullwidth-code-point@https://registry.npmjs.org/is-fullwidth-code-point/-/is-fullwidth-code-point-3.0.0.tgz. Extracting by manifest.
6551 silly tarball no local data for wrap-ansi-cjs@https://registry.npmjs.org/wrap-ansi/-/wrap-ansi-7.0.0.tgz. Extracting by manifest.
6552 silly tarball no local data for strip-ansi-cjs@https://registry.npmjs.org/strip-ansi/-/strip-ansi-6.0.1.tgz. Extracting by manifest.
6553 silly tarball no local data for string-width-cjs@https://registry.npmjs.org/string-width/-/string-width-4.2.3.tgz. Extracting by manifest.
6554 silly tarball no local data for @pkgjs/parseargs@https://registry.npmjs.org/@pkgjs/parseargs/-/parseargs-0.11.0.tgz. Extracting by manifest.
6555 silly tarball no local data for package-json-from-dist@https://registry.npmjs.org/package-json-from-dist/-/package-json-from-dist-1.0.1.tgz. Extracting by manifest.
6556 silly tarball no local data for jackspeak@https://registry.npmjs.org/jackspeak/-/jackspeak-3.4.3.tgz. Extracting by manifest.
6557 silly tarball no local data for foreground-child@https://registry.npmjs.org/foreground-child/-/foreground-child-3.3.1.tgz. Extracting by manifest.
6558 silly tarball no local data for crc32-stream@https://registry.npmjs.org/crc32-stream/-/crc32-stream-6.0.0.tgz. Extracting by manifest.
6559 silly tarball no local data for crc-32@https://registry.npmjs.org/crc-32/-/crc-32-1.2.2.tgz. Extracting by manifest.
6560 silly tarball no local data for compress-commons@https://registry.npmjs.org/compress-commons/-/compress-commons-6.0.2.tgz. Extracting by manifest.
6561 silly tarball no local data for @poppinss/exception@https://registry.npmjs.org/@poppinss/exception/-/exception-1.2.3.tgz. Extracting by manifest.
6562 silly tarball no local data for @sindresorhus/is@https://registry.npmjs.org/@sindresorhus/is/-/is-7.2.0.tgz. Extracting by manifest.
6563 silly tarball no local data for kleur@https://registry.npmjs.org/kleur/-/kleur-4.1.5.tgz. Extracting by manifest.
6564 silly tarball no local data for @poppinss/dumper@https://registry.npmjs.org/@poppinss/dumper/-/dumper-0.7.0.tgz. Extracting by manifest.
6565 silly tarball no local data for @speed-highlight/core@https://registry.npmjs.org/@speed-highlight/core/-/core-1.2.15.tgz. Extracting by manifest.
6566 silly tarball no local data for @poppinss/colors@https://registry.npmjs.org/@poppinss/colors/-/colors-4.1.6.tgz. Extracting by manifest.
6567 silly tarball no local data for @isaacs/cliui@https://registry.npmjs.org/@isaacs/cliui/-/cliui-8.0.2.tgz. Extracting by manifest.
6568 silly tarball no local data for ansi-regex@https://registry.npmjs.org/ansi-regex/-/ansi-regex-6.2.2.tgz. Extracting by manifest.
6569 silly tarball no local data for emoji-regex@https://registry.npmjs.org/emoji-regex/-/emoji-regex-10.6.0.tgz. Extracting by manifest.
6570 silly tarball no local data for get-east-asian-width@https://registry.npmjs.org/get-east-asian-width/-/get-east-asian-width-1.6.0.tgz. Extracting by manifest.
6571 silly tarball no local data for strip-ansi@https://registry.npmjs.org/strip-ansi/-/strip-ansi-7.2.0.tgz. Extracting by manifest.
6572 silly tarball no local data for yargs-parser@https://registry.npmjs.org/yargs-parser/-/yargs-parser-22.0.0.tgz. Extracting by manifest.
6573 silly tarball no local data for wrap-ansi@https://registry.npmjs.org/wrap-ansi/-/wrap-ansi-9.0.2.tgz. Extracting by manifest.
6574 silly tarball no local data for y18n@https://registry.npmjs.org/y18n/-/y18n-5.0.8.tgz. Extracting by manifest.
6575 silly tarball no local data for get-caller-file@https://registry.npmjs.org/get-caller-file/-/get-caller-file-2.0.5.tgz. Extracting by manifest.
6576 silly tarball no local data for string-width@https://registry.npmjs.org/string-width/-/string-width-7.2.0.tgz. Extracting by manifest.
6577 silly tarball no local data for cliui@https://registry.npmjs.org/cliui/-/cliui-9.0.1.tgz. Extracting by manifest.
6578 silly tarball no local data for isexe@https://registry.npmjs.org/isexe/-/isexe-2.0.0.tgz. Extracting by manifest.
6579 silly tarball no local data for is-wsl@https://registry.npmjs.org/is-wsl/-/is-wsl-3.1.1.tgz. Extracting by manifest.
6580 silly tarball no local data for webidl-conversions@https://registry.npmjs.org/webidl-conversions/-/webidl-conversions-3.0.1.tgz. Extracting by manifest.
6581 silly tarball no local data for tr46@https://registry.npmjs.org/tr46/-/tr46-0.0.3.tgz. Extracting by manifest.
6582 silly tarball no local data for @volar/typescript@https://registry.npmjs.org/@volar/typescript/-/typescript-2.4.15.tgz. Extracting by manifest.
6583 silly tarball no local data for csstype@https://registry.npmjs.org/csstype/-/csstype-3.2.3.tgz. Extracting by manifest.
6584 silly tarball no local data for @vue/runtime-core@https://registry.npmjs.org/@vue/runtime-core/-/runtime-core-3.5.34.tgz. Extracting by manifest.
6585 silly tarball no local data for @vue/reactivity@https://registry.npmjs.org/@vue/reactivity/-/reactivity-3.5.34.tgz. Extracting by manifest.
6586 silly tarball no local data for @vue/server-renderer@https://registry.npmjs.org/@vue/server-renderer/-/server-renderer-3.5.34.tgz. Extracting by manifest.
6587 silly tarball no local data for @vue/runtime-dom@https://registry.npmjs.org/@vue/runtime-dom/-/runtime-dom-3.5.34.tgz. Extracting by manifest.
6588 silly tarball no local data for vite-hot-client@https://registry.npmjs.org/vite-hot-client/-/vite-hot-client-2.2.0.tgz. Extracting by manifest.
6589 silly tarball no local data for vite-dev-rpc@https://registry.npmjs.org/vite-dev-rpc/-/vite-dev-rpc-1.1.0.tgz. Extracting by manifest.
6590 silly tarball no local data for ansis@https://registry.npmjs.org/ansis/-/ansis-4.2.0.tgz. Extracting by manifest.
6591 silly tarball no local data for retry@https://registry.npmjs.org/retry/-/retry-0.12.0.tgz. Extracting by manifest.
6592 silly tarball no local data for vscode-uri@https://registry.npmjs.org/vscode-uri/-/vscode-uri-3.1.0.tgz. Extracting by manifest.
6593 silly tarball no local data for proper-lockfile@https://registry.npmjs.org/proper-lockfile/-/proper-lockfile-4.1.2.tgz. Extracting by manifest.
6594 silly tarball no local data for @vue/devtools-api@https://registry.npmjs.org/@vue/devtools-api/-/devtools-api-6.6.4.tgz. Extracting by manifest.
6595 silly tarball no local data for obug@https://registry.npmjs.org/obug/-/obug-2.1.1.tgz. Extracting by manifest.
6596 silly tarball no local data for cac@https://registry.npmjs.org/cac/-/cac-6.7.14.tgz. Extracting by manifest.
6597 silly tarball no local data for escalade@https://registry.npmjs.org/escalade/-/escalade-3.2.0.tgz. Extracting by manifest.
6598 silly tarball no local data for tiny-invariant@https://registry.npmjs.org/tiny-invariant/-/tiny-invariant-1.3.3.tgz. Extracting by manifest.
6599 silly tarball no local data for anymatch@https://registry.npmjs.org/anymatch/-/anymatch-3.1.3.tgz. Extracting by manifest.
6600 silly tarball no local data for @volar/source-map@https://registry.npmjs.org/@volar/source-map/-/source-map-2.4.28.tgz. Extracting by manifest.
6601 silly tarball no local data for path-browserify@https://registry.npmjs.org/path-browserify/-/path-browserify-1.0.1.tgz. Extracting by manifest.
6602 silly tarball no local data for alien-signals@https://registry.npmjs.org/alien-signals/-/alien-signals-3.1.2.tgz. Extracting by manifest.
6603 silly tarball no local data for @volar/language-core@https://registry.npmjs.org/@volar/language-core/-/language-core-2.4.28.tgz. Extracting by manifest.
6604 silly tarball no local data for magic-string-ast@https://registry.npmjs.org/magic-string-ast/-/magic-string-ast-1.0.3.tgz. Extracting by manifest.
6605 silly tarball no local data for ast-kit@https://registry.npmjs.org/ast-kit/-/ast-kit-2.2.0.tgz. Extracting by manifest.
6606 silly tarball no local data for yaml@https://registry.npmjs.org/yaml/-/yaml-2.8.4.tgz. Extracting by manifest.
6607 silly tarball no local data for muggle-string@https://registry.npmjs.org/muggle-string/-/muggle-string-0.4.1.tgz. Extracting by manifest.
6608 silly tarball no local data for @vue/language-core@https://registry.npmjs.org/@vue/language-core/-/language-core-3.2.8.tgz. Extracting by manifest.
6609 silly tarball no local data for ast-walker-scope@https://registry.npmjs.org/ast-walker-scope/-/ast-walker-scope-0.8.3.tgz. Extracting by manifest.
6610 silly tarball no local data for strip-literal@https://registry.npmjs.org/strip-literal/-/strip-literal-3.1.0.tgz. Extracting by manifest.
6611 silly tarball no local data for pako@https://registry.npmjs.org/pako/-/pako-0.2.9.tgz. Extracting by manifest.
6612 silly tarball no local data for media-typer@https://registry.npmjs.org/media-typer/-/media-typer-0.3.0.tgz. Extracting by manifest.
6613 silly tarball no local data for tagged-tag@https://registry.npmjs.org/tagged-tag/-/tagged-tag-1.0.0.tgz. Extracting by manifest.
6614 silly tarball no local data for webpack-virtual-modules@https://registry.npmjs.org/webpack-virtual-modules/-/webpack-virtual-modules-0.6.2.tgz. Extracting by manifest.
6615 silly tarball no local data for is-number@https://registry.npmjs.org/is-number/-/is-number-7.0.0.tgz. Extracting by manifest.
6616 silly tarball no local data for thenify@https://registry.npmjs.org/thenify/-/thenify-3.3.1.tgz. Extracting by manifest.
6617 silly tarball no local data for source-map-support@https://registry.npmjs.org/source-map-support/-/source-map-support-0.5.21.tgz. Extracting by manifest.
6618 silly tarball no local data for @jridgewell/source-map@https://registry.npmjs.org/@jridgewell/source-map/-/source-map-0.3.11.tgz. Extracting by manifest.
6619 silly tarball no local data for text-decoder@https://registry.npmjs.org/text-decoder/-/text-decoder-1.2.7.tgz. Extracting by manifest.
6620 silly tarball no local data for events-universal@https://registry.npmjs.org/events-universal/-/events-universal-1.0.1.tgz. Extracting by manifest.
6621 silly tarball no local data for teex@https://registry.npmjs.org/teex/-/teex-1.0.1.tgz. Extracting by manifest.
6622 silly tarball no local data for bare-os@https://registry.npmjs.org/bare-os/-/bare-os-3.9.1.tgz. Extracting by manifest.
6623 silly tarball no local data for bare-url@https://registry.npmjs.org/bare-url/-/bare-url-2.4.3.tgz. Extracting by manifest.
6624 silly tarball no local data for bare-stream@https://registry.npmjs.org/bare-stream/-/bare-stream-2.13.1.tgz. Extracting by manifest.
6625 silly tarball no local data for bare-path@https://registry.npmjs.org/bare-path/-/bare-path-3.0.0.tgz. Extracting by manifest.
6626 silly tarball no local data for bare-events@https://registry.npmjs.org/bare-events/-/bare-events-2.8.2.tgz. Extracting by manifest.
6627 silly tarball no local data for streamx@https://registry.npmjs.org/streamx/-/streamx-2.25.0.tgz. Extracting by manifest.
6628 silly tarball no local data for fast-fifo@https://registry.npmjs.org/fast-fifo/-/fast-fifo-1.3.2.tgz. Extracting by manifest.
6629 silly tarball no local data for bare-fs@https://registry.npmjs.org/bare-fs/-/bare-fs-4.7.1.tgz. Extracting by manifest.
6630 silly tarball no local data for b4a@https://registry.npmjs.org/b4a/-/b4a-1.8.1.tgz. Extracting by manifest.
6631 silly tarball no local data for minizlib@https://registry.npmjs.org/minizlib/-/minizlib-3.1.0.tgz. Extracting by manifest.
6632 silly tarball no local data for chownr@https://registry.npmjs.org/chownr/-/chownr-3.0.0.tgz. Extracting by manifest.
6633 silly tarball no local data for thenify-all@https://registry.npmjs.org/thenify-all/-/thenify-all-1.6.0.tgz. Extracting by manifest.
6634 silly tarball no local data for @isaacs/fs-minipass@https://registry.npmjs.org/@isaacs/fs-minipass/-/fs-minipass-4.0.1.tgz. Extracting by manifest.
6635 silly tarball no local data for object-assign@https://registry.npmjs.org/object-assign/-/object-assign-4.1.1.tgz. Extracting by manifest.
6636 silly tarball no local data for any-promise@https://registry.npmjs.org/any-promise/-/any-promise-1.3.0.tgz. Extracting by manifest.
6637 silly tarball no local data for ts-interface-checker@https://registry.npmjs.org/ts-interface-checker/-/ts-interface-checker-0.1.13.tgz. Extracting by manifest.
6638 silly tarball no local data for pirates@https://registry.npmjs.org/pirates/-/pirates-4.0.7.tgz. Extracting by manifest.
6639 silly tarball no local data for pify@https://registry.npmjs.org/pify/-/pify-2.3.0.tgz. Extracting by manifest.
6640 silly tarball no local data for mz@https://registry.npmjs.org/mz/-/mz-2.7.0.tgz. Extracting by manifest.
6641 silly tarball no local data for lines-and-columns@https://registry.npmjs.org/lines-and-columns/-/lines-and-columns-1.2.4.tgz. Extracting by manifest.
6642 silly tarball no local data for camelcase-css@https://registry.npmjs.org/camelcase-css/-/camelcase-css-2.0.1.tgz. Extracting by manifest.
6643 silly tarball no local data for read-cache@https://registry.npmjs.org/read-cache/-/read-cache-1.0.0.tgz. Extracting by manifest.
6644 silly tarball no local data for buffer-from@https://registry.npmjs.org/buffer-from/-/buffer-from-1.1.2.tgz. Extracting by manifest.
6645 silly tarball no local data for sucrase@https://registry.npmjs.org/sucrase/-/sucrase-3.35.1.tgz. Extracting by manifest.
6646 silly tarball no local data for postcss-nested@https://registry.npmjs.org/postcss-nested/-/postcss-nested-6.2.0.tgz. Extracting by manifest.
6647 silly tarball no local data for postcss-load-config@https://registry.npmjs.org/postcss-load-config/-/postcss-load-config-6.0.1.tgz. Extracting by manifest.
6648 silly tarball no local data for @vue-macros/common@https://registry.npmjs.org/@vue-macros/common/-/common-3.1.2.tgz. Extracting by manifest.
6649 silly tarball no local data for object-hash@https://registry.npmjs.org/object-hash/-/object-hash-3.0.0.tgz. Extracting by manifest.
6650 silly tarball no local data for postcss-import@https://registry.npmjs.org/postcss-import/-/postcss-import-15.1.0.tgz. Extracting by manifest.
6651 silly tarball no local data for dlv@https://registry.npmjs.org/dlv/-/dlv-1.1.3.tgz. Extracting by manifest.
6652 silly tarball no local data for didyoumean@https://registry.npmjs.org/didyoumean/-/didyoumean-1.2.2.tgz. Extracting by manifest.
6653 silly tarball no local data for arg@https://registry.npmjs.org/arg/-/arg-5.0.2.tgz. Extracting by manifest.
6654 silly tarball no local data for @alloc/quick-lru@https://registry.npmjs.org/@alloc/quick-lru/-/quick-lru-5.2.0.tgz. Extracting by manifest.
6655 silly tarball no local data for has-flag@https://registry.npmjs.org/has-flag/-/has-flag-4.0.0.tgz. Extracting by manifest.
6656 silly tarball no local data for is-regex@https://registry.npmjs.org/is-regex/-/is-regex-1.2.1.tgz. Extracting by manifest.
6657 silly tarball no local data for color-name@https://registry.npmjs.org/color-name/-/color-name-1.1.4.tgz. Extracting by manifest.
6658 silly tarball no local data for path-is-absolute@https://registry.npmjs.org/path-is-absolute/-/path-is-absolute-1.0.1.tgz. Extracting by manifest.
6659 silly tarball no local data for color-convert@https://registry.npmjs.org/color-convert/-/color-convert-2.0.1.tgz. Extracting by manifest.
6660 silly tarball no local data for postcss-js@https://registry.npmjs.org/postcss-js/-/postcss-js-4.1.0.tgz. Extracting by manifest.
6661 silly tarball no local data for supports-color@https://registry.npmjs.org/supports-color/-/supports-color-7.2.0.tgz. Extracting by manifest.
6662 silly tarball no local data for ansi-styles@https://registry.npmjs.org/ansi-styles/-/ansi-styles-4.3.0.tgz. Extracting by manifest.
6663 silly tarball no local data for resolve-path@https://registry.npmjs.org/resolve-path/-/resolve-path-1.4.0.tgz. Extracting by manifest.
6664 silly tarball no local data for koa-send@https://registry.npmjs.org/koa-send/-/koa-send-5.0.1.tgz. Extracting by manifest.
6665 silly tarball no local data for co@https://registry.npmjs.org/co/-/co-4.6.0.tgz. Extracting by manifest.
6666 silly tarball no local data for tsscmp@https://registry.npmjs.org/tsscmp/-/tsscmp-1.0.6.tgz. Extracting by manifest.
6667 silly tarball no local data for dunder-proto@https://registry.npmjs.org/dunder-proto/-/dunder-proto-1.0.1.tgz. Extracting by manifest.
6668 silly tarball no local data for math-intrinsics@https://registry.npmjs.org/math-intrinsics/-/math-intrinsics-1.1.0.tgz. Extracting by manifest.
6669 silly tarball no local data for has-symbols@https://registry.npmjs.org/has-symbols/-/has-symbols-1.1.0.tgz. Extracting by manifest.
6670 silly tarball no local data for gopd@https://registry.npmjs.org/gopd/-/gopd-1.2.0.tgz. Extracting by manifest.
6671 silly tarball no local data for es-define-property@https://registry.npmjs.org/es-define-property/-/es-define-property-1.0.1.tgz. Extracting by manifest.
6672 silly tarball no local data for call-bind-apply-helpers@https://registry.npmjs.org/call-bind-apply-helpers/-/call-bind-apply-helpers-1.0.2.tgz. Extracting by manifest.
6673 silly tarball no local data for chalk@https://registry.npmjs.org/chalk/-/chalk-4.1.2.tgz. Extracting by manifest.
6674 silly tarball no local data for get-intrinsic@https://registry.npmjs.org/get-intrinsic/-/get-intrinsic-1.3.0.tgz. Extracting by manifest.
6675 silly tarball no local data for es-object-atoms@https://registry.npmjs.org/es-object-atoms/-/es-object-atoms-1.1.1.tgz. Extracting by manifest.
6676 silly tarball no local data for has-tostringtag@https://registry.npmjs.org/has-tostringtag/-/has-tostringtag-1.0.2.tgz. Extracting by manifest.
6677 silly tarball no local data for generator-function@https://registry.npmjs.org/generator-function/-/generator-function-2.0.1.tgz. Extracting by manifest.
6678 silly tarball no local data for call-bound@https://registry.npmjs.org/call-bound/-/call-bound-1.0.4.tgz. Extracting by manifest.
6679 silly tarball no local data for deep-equal@https://registry.npmjs.org/deep-equal/-/deep-equal-1.0.1.tgz. Extracting by manifest.
6680 silly tarball no local data for keygrip@https://registry.npmjs.org/keygrip/-/keygrip-1.1.0.tgz. Extracting by manifest.
6681 silly tarball no local data for safe-regex-test@https://registry.npmjs.org/safe-regex-test/-/safe-regex-test-1.1.0.tgz. Extracting by manifest.
6682 silly tarball no local data for vary@https://registry.npmjs.org/vary/-/vary-1.1.2.tgz. Extracting by manifest.
6683 silly tarball no local data for negotiator@https://registry.npmjs.org/negotiator/-/negotiator-0.6.3.tgz. Extracting by manifest.
6684 silly tarball no local data for type-is@https://registry.npmjs.org/type-is/-/type-is-1.6.18.tgz. Extracting by manifest.
6685 silly tarball no local data for only@https://registry.npmjs.org/only/-/only-0.0.2.tgz. Extracting by manifest.
6686 silly tarball no local data for get-proto@https://registry.npmjs.org/get-proto/-/get-proto-1.0.1.tgz. Extracting by manifest.
6687 silly tarball no local data for koa-convert@https://registry.npmjs.org/koa-convert/-/koa-convert-2.0.0.tgz. Extracting by manifest.
6688 silly tarball no local data for is-generator-function@https://registry.npmjs.org/is-generator-function/-/is-generator-function-1.1.2.tgz. Extracting by manifest.
6689 silly tarball no local data for http-assert@https://registry.npmjs.org/http-assert/-/http-assert-1.5.0.tgz. Extracting by manifest.
6690 silly tarball no local data for ylru@https://registry.npmjs.org/ylru/-/ylru-1.4.0.tgz. Extracting by manifest.
6691 silly tarball no local data for destroy@https://registry.npmjs.org/destroy/-/destroy-1.2.0.tgz. Extracting by manifest.
6692 silly tarball no local data for content-disposition@https://registry.npmjs.org/content-disposition/-/content-disposition-0.5.4.tgz. Extracting by manifest.
6693 silly tarball no local data for cache-content-type@https://registry.npmjs.org/cache-content-type/-/cache-content-type-1.0.1.tgz. Extracting by manifest.
6694 silly tarball no local data for delegates@https://registry.npmjs.org/delegates/-/delegates-1.0.0.tgz. Extracting by manifest.
6695 silly tarball no local data for universalify@https://registry.npmjs.org/universalify/-/universalify-2.0.1.tgz. Extracting by manifest.
6696 silly tarball no local data for jsonfile@https://registry.npmjs.org/jsonfile/-/jsonfile-6.2.1.tgz. Extracting by manifest.
6697 silly tarball no local data for content-type@https://registry.npmjs.org/content-type/-/content-type-1.0.5.tgz. Extracting by manifest.
6698 silly tarball no local data for at-least-node@https://registry.npmjs.org/at-least-node/-/at-least-node-1.0.0.tgz. Extracting by manifest.
6699 silly tarball no local data for path-to-regexp@https://registry.npmjs.org/path-to-regexp/-/path-to-regexp-6.3.0.tgz. Extracting by manifest.
6700 silly tarball no local data for cookies@https://registry.npmjs.org/cookies/-/cookies-0.9.1.tgz. Extracting by manifest.
6701 silly tarball no local data for methods@https://registry.npmjs.org/methods/-/methods-1.1.2.tgz. Extracting by manifest.
6702 silly tarball no local data for replace-in-file@https://registry.npmjs.org/replace-in-file/-/replace-in-file-6.3.5.tgz. Extracting by manifest.
6703 silly tarball no local data for portfinder@https://registry.npmjs.org/portfinder/-/portfinder-1.0.38.tgz. Extracting by manifest.
6704 silly tarball no local data for accepts@https://registry.npmjs.org/accepts/-/accepts-1.3.8.tgz. Extracting by manifest.
6705 silly tarball no local data for koa@https://registry.npmjs.org/koa/-/koa-2.16.4.tgz. Extracting by manifest.
6706 silly tarball no local data for fs-extra@https://registry.npmjs.org/fs-extra/-/fs-extra-9.1.0.tgz. Extracting by manifest.
6707 silly tarball no local data for @koa/router@https://registry.npmjs.org/@koa/router/-/router-12.0.2.tgz. Extracting by manifest.
6708 silly tarball no local data for dom-serializer@https://registry.npmjs.org/dom-serializer/-/dom-serializer-2.0.0.tgz. Extracting by manifest.
6709 silly tarball no local data for domelementtype@https://registry.npmjs.org/domelementtype/-/domelementtype-2.3.0.tgz. Extracting by manifest.
6710 silly tarball no local data for domutils@https://registry.npmjs.org/domutils/-/domutils-3.2.2.tgz. Extracting by manifest.
6711 silly tarball no local data for domhandler@https://registry.npmjs.org/domhandler/-/domhandler-5.0.3.tgz. Extracting by manifest.
6712 silly tarball no local data for nth-check@https://registry.npmjs.org/nth-check/-/nth-check-2.1.1.tgz. Extracting by manifest.
6713 silly tarball no local data for boolbase@https://registry.npmjs.org/boolbase/-/boolbase-1.0.0.tgz. Extracting by manifest.
6714 silly tarball no local data for css-what@https://registry.npmjs.org/css-what/-/css-what-6.2.2.tgz. Extracting by manifest.
6715 silly tarball no local data for css-select@https://registry.npmjs.org/css-select/-/css-select-5.2.2.tgz. Extracting by manifest.
6716 silly tarball no local data for koa-static@https://registry.npmjs.org/koa-static/-/koa-static-5.0.0.tgz. Extracting by manifest.
6717 silly tarball no local data for commander@https://registry.npmjs.org/commander/-/commander-11.1.0.tgz. Extracting by manifest.
6718 silly tarball no local data for safe-buffer@https://registry.npmjs.org/safe-buffer/-/safe-buffer-5.2.1.tgz. Extracting by manifest.
6719 silly tarball no local data for csso@https://registry.npmjs.org/csso/-/csso-5.0.5.tgz. Extracting by manifest.
6720 silly tarball no local data for totalist@https://registry.npmjs.org/totalist/-/totalist-3.0.1.tgz. Extracting by manifest.
6721 silly tarball no local data for sax@https://registry.npmjs.org/sax/-/sax-1.6.0.tgz. Extracting by manifest.
6722 silly tarball no local data for mrmime@https://registry.npmjs.org/mrmime/-/mrmime-2.0.1.tgz. Extracting by manifest.
6723 silly tarball no local data for @simple-git/argv-parser@https://registry.npmjs.org/@simple-git/argv-parser/-/argv-parser-1.1.1.tgz. Extracting by manifest.
6724 silly tarball no local data for @polka/url@https://registry.npmjs.org/@polka/url/-/url-1.0.0-next.29.tgz. Extracting by manifest.
6725 silly tarball no local data for @simple-git/args-pathspec@https://registry.npmjs.org/@simple-git/args-pathspec/-/args-pathspec-1.0.3.tgz. Extracting by manifest.
6726 silly tarball no local data for @kwsites/promise-deferred@https://registry.npmjs.org/@kwsites/promise-deferred/-/promise-deferred-1.1.1.tgz. Extracting by manifest.
6727 silly tarball no local data for @kwsites/file-exists@https://registry.npmjs.org/@kwsites/file-exists/-/file-exists-1.1.1.tgz. Extracting by manifest.
6728 silly tarball no local data for shebang-regex@https://registry.npmjs.org/shebang-regex/-/shebang-regex-3.0.0.tgz. Extracting by manifest.
6729 silly tarball no local data for ee-first@https://registry.npmjs.org/ee-first/-/ee-first-1.1.1.tgz. Extracting by manifest.
6730 silly tarball no local data for mime-db@https://registry.npmjs.org/mime-db/-/mime-db-1.54.0.tgz. Extracting by manifest.
6731 silly tarball no local data for toidentifier@https://registry.npmjs.org/toidentifier/-/toidentifier-1.0.1.tgz. Extracting by manifest.
6732 silly tarball no local data for inherits@https://registry.npmjs.org/inherits/-/inherits-2.0.4.tgz. Extracting by manifest.
6733 silly tarball no local data for setprototypeof@https://registry.npmjs.org/setprototypeof/-/setprototypeof-1.2.0.tgz. Extracting by manifest.
6734 silly tarball no local data for depd@https://registry.npmjs.org/depd/-/depd-2.0.0.tgz. Extracting by manifest.
6735 silly tarball no local data for statuses@https://registry.npmjs.org/statuses/-/statuses-2.0.2.tgz. Extracting by manifest.
6736 silly tarball no local data for range-parser@https://registry.npmjs.org/range-parser/-/range-parser-1.2.1.tgz. Extracting by manifest.
6737 silly tarball no local data for on-finished@https://registry.npmjs.org/on-finished/-/on-finished-2.4.1.tgz. Extracting by manifest.
6738 silly tarball no local data for mime-types@https://registry.npmjs.org/mime-types/-/mime-types-3.0.2.tgz. Extracting by manifest.
6739 silly tarball no local data for http-errors@https://registry.npmjs.org/http-errors/-/http-errors-2.0.1.tgz. Extracting by manifest.
6740 silly tarball no local data for fresh@https://registry.npmjs.org/fresh/-/fresh-2.0.0.tgz. Extracting by manifest.
6741 silly tarball no local data for send@https://registry.npmjs.org/send/-/send-1.2.1.tgz. Extracting by manifest.
6742 silly tarball no local data for parseurl@https://registry.npmjs.org/parseurl/-/parseurl-1.3.3.tgz. Extracting by manifest.
6743 silly tarball no local data for escape-html@https://registry.npmjs.org/escape-html/-/escape-html-1.0.3.tgz. Extracting by manifest.
6744 silly tarball no local data for encodeurl@https://registry.npmjs.org/encodeurl/-/encodeurl-2.0.0.tgz. Extracting by manifest.
6745 silly tarball no local data for queue-microtask@https://registry.npmjs.org/queue-microtask/-/queue-microtask-1.2.3.tgz. Extracting by manifest.
6746 silly tarball no local data for is-docker@https://registry.npmjs.org/is-docker/-/is-docker-3.0.0.tgz. Extracting by manifest.
6747 silly tarball no local data for run-applescript@https://registry.npmjs.org/run-applescript/-/run-applescript-7.1.0.tgz. Extracting by manifest.
6748 silly tarball no local data for default-browser-id@https://registry.npmjs.org/default-browser-id/-/default-browser-id-5.0.1.tgz. Extracting by manifest.
6749 silly tarball no local data for bundle-name@https://registry.npmjs.org/bundle-name/-/bundle-name-4.1.0.tgz. Extracting by manifest.
6750 silly tarball no local data for wsl-utils@https://registry.npmjs.org/wsl-utils/-/wsl-utils-0.3.1.tgz. Extracting by manifest.
6751 silly tarball no local data for powershell-utils@https://registry.npmjs.org/powershell-utils/-/powershell-utils-0.1.0.tgz. Extracting by manifest.
6752 silly tarball no local data for is-inside-container@https://registry.npmjs.org/is-inside-container/-/is-inside-container-1.0.0.tgz. Extracting by manifest.
6753 silly tarball no local data for is-in-ssh@https://registry.npmjs.org/is-in-ssh/-/is-in-ssh-1.0.0.tgz. Extracting by manifest.
6754 silly tarball no local data for define-lazy-prop@https://registry.npmjs.org/define-lazy-prop/-/define-lazy-prop-3.0.0.tgz. Extracting by manifest.
6755 silly tarball no local data for koa-compose@https://registry.npmjs.org/koa-compose/-/koa-compose-4.1.0.tgz. Extracting by manifest.
6756 silly tarball no local data for default-browser@https://registry.npmjs.org/default-browser/-/default-browser-5.5.0.tgz. Extracting by manifest.
6757 silly tarball no local data for yargs@https://registry.npmjs.org/yargs/-/yargs-18.0.0.tgz. Extracting by manifest.
6758 silly tarball no local data for open@https://registry.npmjs.org/open/-/open-11.0.0.tgz. Extracting by manifest.
6759 silly tarball no local data for fsevents@https://registry.npmjs.org/fsevents/-/fsevents-2.3.3.tgz. Extracting by manifest.
6760 silly tarball no local data for @rollup/rollup-darwin-arm64@https://registry.npmjs.org/@rollup/rollup-darwin-arm64/-/rollup-darwin-arm64-4.60.3.tgz. Extracting by manifest.
6761 silly tarball no local data for function-bind@https://registry.npmjs.org/function-bind/-/function-bind-1.1.2.tgz. Extracting by manifest.
6762 silly tarball no local data for hasown@https://registry.npmjs.org/hasown/-/hasown-2.0.3.tgz. Extracting by manifest.
6763 silly tarball no local data for supports-preserve-symlinks-flag@https://registry.npmjs.org/supports-preserve-symlinks-flag/-/supports-preserve-symlinks-flag-1.0.0.tgz. Extracting by manifest.
6764 silly tarball no local data for path-parse@https://registry.npmjs.org/path-parse/-/path-parse-1.0.7.tgz. Extracting by manifest.
6765 silly tarball no local data for is-core-module@https://registry.npmjs.org/is-core-module/-/is-core-module-2.16.2.tgz. Extracting by manifest.
6766 silly tarball no local data for es-errors@https://registry.npmjs.org/es-errors/-/es-errors-1.3.0.tgz. Extracting by manifest.
6767 silly tarball no local data for ieee754@https://registry.npmjs.org/ieee754/-/ieee754-1.2.1.tgz. Extracting by manifest.
6768 silly tarball no local data for event-target-shim@https://registry.npmjs.org/event-target-shim/-/event-target-shim-5.0.1.tgz. Extracting by manifest.
6769 silly tarball no local data for process@https://registry.npmjs.org/process/-/process-0.11.10.tgz. Extracting by manifest.
6770 silly tarball no local data for events@https://registry.npmjs.org/events/-/events-3.3.0.tgz. Extracting by manifest.
6771 silly tarball no local data for buffer@https://registry.npmjs.org/buffer/-/buffer-6.0.3.tgz. Extracting by manifest.
6772 silly tarball no local data for abort-controller@https://registry.npmjs.org/abort-controller/-/abort-controller-3.0.0.tgz. Extracting by manifest.
6773 silly tarball no local data for svgo@https://registry.npmjs.org/svgo/-/svgo-4.0.1.tgz. Extracting by manifest.
6774 silly tarball no local data for util-deprecate@https://registry.npmjs.org/util-deprecate/-/util-deprecate-1.0.2.tgz. Extracting by manifest.
6775 silly tarball no local data for @csstools/selector-specificity@https://registry.npmjs.org/@csstools/selector-specificity/-/selector-specificity-5.0.0.tgz. Extracting by manifest.
6776 silly tarball no local data for @csstools/selector-resolve-nested@https://registry.npmjs.org/@csstools/selector-resolve-nested/-/selector-resolve-nested-3.1.0.tgz. Extracting by manifest.
6777 silly tarball no local data for string_decoder@https://registry.npmjs.org/string_decoder/-/string_decoder-1.3.0.tgz. Extracting by manifest.
6778 silly tarball no local data for lodash.uniq@https://registry.npmjs.org/lodash.uniq/-/lodash.uniq-4.5.0.tgz. Extracting by manifest.
6779 silly tarball no local data for cssesc@https://registry.npmjs.org/cssesc/-/cssesc-3.0.0.tgz. Extracting by manifest.
6780 silly tarball no local data for caniuse-api@https://registry.npmjs.org/caniuse-api/-/caniuse-api-3.0.0.tgz. Extracting by manifest.
6781 silly tarball no local data for lodash.memoize@https://registry.npmjs.org/lodash.memoize/-/lodash.memoize-4.1.2.tgz. Extracting by manifest.
6782 silly tarball no local data for stylehacks@https://registry.npmjs.org/stylehacks/-/stylehacks-7.0.11.tgz. Extracting by manifest.
6783 silly tarball no local data for postcss-selector-parser@https://registry.npmjs.org/postcss-selector-parser/-/postcss-selector-parser-7.1.1.tgz. Extracting by manifest.
6784 silly tarball no local data for nanoid@https://registry.npmjs.org/nanoid/-/nanoid-3.3.12.tgz. Extracting by manifest.
6785 silly tarball no local data for @oxc-transform/binding-darwin-arm64@https://registry.npmjs.org/@oxc-transform/binding-darwin-arm64/-/binding-darwin-arm64-0.128.0.tgz. Extracting by manifest.
6786 silly tarball no local data for @tybys/wasm-util@https://registry.npmjs.org/@tybys/wasm-util/-/wasm-util-0.10.2.tgz. Extracting by manifest.
6787 silly tarball no local data for @emnapi/wasi-threads@https://registry.npmjs.org/@emnapi/wasi-threads/-/wasi-threads-1.2.1.tgz. Extracting by manifest.
6788 silly tarball no local data for @oxc-parser/binding-darwin-arm64@https://registry.npmjs.org/@oxc-parser/binding-darwin-arm64/-/binding-darwin-arm64-0.128.0.tgz. Extracting by manifest.
6789 silly tarball no local data for @napi-rs/wasm-runtime@https://registry.npmjs.org/@napi-rs/wasm-runtime/-/wasm-runtime-1.1.4.tgz. Extracting by manifest.
6790 silly tarball no local data for @emnapi/core@https://registry.npmjs.org/@emnapi/core/-/core-1.10.0.tgz. Extracting by manifest.
6791 silly tarball no local data for @emnapi/runtime@https://registry.npmjs.org/@emnapi/runtime/-/runtime-1.10.0.tgz. Extracting by manifest.
6792 silly tarball no local data for mimic-fn@https://registry.npmjs.org/mimic-fn/-/mimic-fn-4.0.0.tgz. Extracting by manifest.
6793 silly tarball no local data for @oxc-project/types@https://registry.npmjs.org/@oxc-project/types/-/types-0.128.0.tgz. Extracting by manifest.
6794 silly tarball no local data for abbrev@https://registry.npmjs.org/abbrev/-/abbrev-3.0.1.tgz. Extracting by manifest.
6795 silly tarball no local data for balanced-match@https://registry.npmjs.org/balanced-match/-/balanced-match-4.0.4.tgz. Extracting by manifest.
6796 silly tarball no local data for brace-expansion@https://registry.npmjs.org/brace-expansion/-/brace-expansion-5.0.6.tgz. Extracting by manifest.
6797 silly tarball no local data for @oxc-minify/binding-darwin-arm64@https://registry.npmjs.org/@oxc-minify/binding-darwin-arm64/-/binding-darwin-arm64-0.128.0.tgz. Extracting by manifest.
6798 silly tarball no local data for fill-range@https://registry.npmjs.org/fill-range/-/fill-range-7.1.1.tgz. Extracting by manifest.
6799 silly tarball no local data for braces@https://registry.npmjs.org/braces/-/braces-3.0.3.tgz. Extracting by manifest.
6800 silly tarball no local data for to-regex-range@https://registry.npmjs.org/to-regex-range/-/to-regex-range-5.0.1.tgz. Extracting by manifest.
6801 silly tarball no local data for standard-as-callback@https://registry.npmjs.org/standard-as-callback/-/standard-as-callback-2.1.0.tgz. Extracting by manifest.
6802 silly tarball no local data for @colordx/core@https://registry.npmjs.org/@colordx/core/-/core-5.4.3.tgz. Extracting by manifest.
6803 silly tarball no local data for redis-errors@https://registry.npmjs.org/redis-errors/-/redis-errors-1.2.0.tgz. Extracting by manifest.
6804 silly tarball no local data for lodash.isarguments@https://registry.npmjs.org/lodash.isarguments/-/lodash.isarguments-3.1.0.tgz. Extracting by manifest.
6805 silly tarball no local data for lodash.defaults@https://registry.npmjs.org/lodash.defaults/-/lodash.defaults-4.2.0.tgz. Extracting by manifest.
6806 silly tarball no local data for denque@https://registry.npmjs.org/denque/-/denque-2.1.0.tgz. Extracting by manifest.
6807 silly tarball no local data for cluster-key-slot@https://registry.npmjs.org/cluster-key-slot/-/cluster-key-slot-1.1.2.tgz. Extracting by manifest.
6808 silly tarball no local data for agent-base@https://registry.npmjs.org/agent-base/-/agent-base-7.1.4.tgz. Extracting by manifest.
6809 silly tarball no local data for @ioredis/commands@https://registry.npmjs.org/@ioredis/commands/-/commands-1.5.1.tgz. Extracting by manifest.
6810 silly tarball no local data for duplexer@https://registry.npmjs.org/duplexer/-/duplexer-0.1.2.tgz. Extracting by manifest.
6811 silly tarball no local data for reusify@https://registry.npmjs.org/reusify/-/reusify-1.1.0.tgz. Extracting by manifest.
6812 silly tarball no local data for fastq@https://registry.npmjs.org/fastq/-/fastq-1.20.1.tgz. Extracting by manifest.
6813 silly tarball no local data for run-parallel@https://registry.npmjs.org/run-parallel/-/run-parallel-1.2.0.tgz. Extracting by manifest.
6814 silly tarball no local data for @nodelib/fs.scandir@https://registry.npmjs.org/@nodelib/fs.scandir/-/fs.scandir-2.1.5.tgz. Extracting by manifest.
6815 silly tarball no local data for micromatch@https://registry.npmjs.org/micromatch/-/micromatch-4.0.8.tgz. Extracting by manifest.
6816 silly tarball no local data for redis-parser@https://registry.npmjs.org/redis-parser/-/redis-parser-3.0.0.tgz. Extracting by manifest.
6817 silly tarball no local data for merge2@https://registry.npmjs.org/merge2/-/merge2-1.4.1.tgz. Extracting by manifest.
6818 silly tarball no local data for unicorn-magic@https://registry.npmjs.org/unicorn-magic/-/unicorn-magic-0.4.0.tgz. Extracting by manifest.
6819 silly tarball no local data for glob-parent@https://registry.npmjs.org/glob-parent/-/glob-parent-5.1.2.tgz. Extracting by manifest.
6820 silly tarball no local data for slash@https://registry.npmjs.org/slash/-/slash-5.1.0.tgz. Extracting by manifest.
6821 silly tarball no local data for fast-glob@https://registry.npmjs.org/fast-glob/-/fast-glob-3.3.3.tgz. Extracting by manifest.
6822 silly tarball no local data for path-scurry@https://registry.npmjs.org/path-scurry/-/path-scurry-2.0.2.tgz. Extracting by manifest.
6823 silly tarball no local data for @nodelib/fs.walk@https://registry.npmjs.org/@nodelib/fs.walk/-/fs.walk-1.2.8.tgz. Extracting by manifest.
6824 silly tarball no local data for minipass@https://registry.npmjs.org/minipass/-/minipass-7.1.3.tgz. Extracting by manifest.
6825 silly tarball no local data for minimatch@https://registry.npmjs.org/minimatch/-/minimatch-10.2.5.tgz. Extracting by manifest.
6826 silly tarball no local data for type-fest@https://registry.npmjs.org/type-fest/-/type-fest-5.6.0.tgz. Extracting by manifest.
6827 silly tarball no local data for @sindresorhus/merge-streams@https://registry.npmjs.org/@sindresorhus/merge-streams/-/merge-streams-4.0.0.tgz. Extracting by manifest.
6828 silly tarball no local data for file-uri-to-path@https://registry.npmjs.org/file-uri-to-path/-/file-uri-to-path-1.0.0.tgz. Extracting by manifest.
6829 silly tarball no local data for normalize-path@https://registry.npmjs.org/normalize-path/-/normalize-path-3.0.0.tgz. Extracting by manifest.
6830 silly tarball no local data for lodash@https://registry.npmjs.org/lodash/-/lodash-4.18.1.tgz. Extracting by manifest.
6831 silly tarball no local data for lazystream@https://registry.npmjs.org/lazystream/-/lazystream-1.0.1.tgz. Extracting by manifest.
6832 silly tarball no local data for zip-stream@https://registry.npmjs.org/zip-stream/-/zip-stream-6.0.1.tgz. Extracting by manifest.
6833 silly tarball no local data for tar-stream@https://registry.npmjs.org/tar-stream/-/tar-stream-3.2.0.tgz. Extracting by manifest.
6834 silly tarball no local data for readdir-glob@https://registry.npmjs.org/readdir-glob/-/readdir-glob-1.1.3.tgz. Extracting by manifest.
6835 silly tarball no local data for readable-stream@https://registry.npmjs.org/readable-stream/-/readable-stream-4.7.0.tgz. Extracting by manifest.
6836 silly tarball no local data for buffer-crc32@https://registry.npmjs.org/buffer-crc32/-/buffer-crc32-1.0.0.tgz. Extracting by manifest.
6837 silly tarball no local data for archiver-utils@https://registry.npmjs.org/archiver-utils/-/archiver-utils-5.0.2.tgz. Extracting by manifest.
6838 silly tarball no local data for tar@https://registry.npmjs.org/tar/-/tar-7.5.15.tgz. Extracting by manifest.
6839 silly tarball no local data for async@https://registry.npmjs.org/async/-/async-3.2.6.tgz. Extracting by manifest.
6840 silly tarball no local data for @nodelib/fs.stat@https://registry.npmjs.org/@nodelib/fs.stat/-/fs.stat-2.0.5.tgz. Extracting by manifest.
6841 silly tarball no local data for nopt@https://registry.npmjs.org/nopt/-/nopt-8.1.0.tgz. Extracting by manifest.
6842 silly tarball no local data for resolve-from@https://registry.npmjs.org/resolve-from/-/resolve-from-5.0.0.tgz. Extracting by manifest.
6843 silly tarball no local data for https-proxy-agent@https://registry.npmjs.org/https-proxy-agent/-/https-proxy-agent-7.0.6.tgz. Extracting by manifest.
6844 silly tarball no local data for node-gyp-build@https://registry.npmjs.org/node-gyp-build/-/node-gyp-build-4.8.4.tgz. Extracting by manifest.
6845 silly tarball no local data for glob@https://registry.npmjs.org/glob/-/glob-13.0.6.tgz. Extracting by manifest.
6846 silly tarball no local data for bindings@https://registry.npmjs.org/bindings/-/bindings-1.5.0.tgz. Extracting by manifest.
6847 silly tarball no local data for async-sema@https://registry.npmjs.org/async-sema/-/async-sema-3.1.1.tgz. Extracting by manifest.
6848 silly tarball no local data for acorn-import-attributes@https://registry.npmjs.org/acorn-import-attributes/-/acorn-import-attributes-1.9.5.tgz. Extracting by manifest.
6849 silly tarball no local data for @mapbox/node-pre-gyp@https://registry.npmjs.org/@mapbox/node-pre-gyp/-/node-pre-gyp-2.0.3.tgz. Extracting by manifest.
6850 silly tarball no local data for terser@https://registry.npmjs.org/terser/-/terser-5.47.1.tgz. Extracting by manifest.
6851 silly tarball no local data for smob@https://registry.npmjs.org/smob/-/smob-1.6.1.tgz. Extracting by manifest.
6852 silly tarball no local data for serialize-javascript@https://registry.npmjs.org/serialize-javascript/-/serialize-javascript-7.0.5.tgz. Extracting by manifest.
6853 silly tarball no local data for resolve@https://registry.npmjs.org/resolve/-/resolve-1.22.12.tgz. Extracting by manifest.
6854 silly tarball no local data for is-module@https://registry.npmjs.org/is-module/-/is-module-1.0.0.tgz. Extracting by manifest.
6855 silly tarball no local data for is-reference@https://registry.npmjs.org/is-reference/-/is-reference-1.2.1.tgz. Extracting by manifest.
6856 silly tarball no local data for @types/resolve@https://registry.npmjs.org/@types/resolve/-/resolve-1.20.2.tgz. Extracting by manifest.
6857 silly tarball no local data for deepmerge@https://registry.npmjs.org/deepmerge/-/deepmerge-4.3.1.tgz. Extracting by manifest.
6858 silly tarball no local data for fdir@https://registry.npmjs.org/fdir/-/fdir-6.5.0.tgz. Extracting by manifest.
6859 silly tarball no local data for commondir@https://registry.npmjs.org/commondir/-/commondir-1.0.1.tgz. Extracting by manifest.
6860 silly tarball no local data for unwasm@https://registry.npmjs.org/unwasm/-/unwasm-0.5.3.tgz. Extracting by manifest.
6861 silly tarball no local data for youch-core@https://registry.npmjs.org/youch-core/-/youch-core-0.3.3.tgz. Extracting by manifest.
6862 silly tarball no local data for source-map@https://registry.npmjs.org/source-map/-/source-map-0.7.6.tgz. Extracting by manifest.
6863 silly tarball no local data for serve-static@https://registry.npmjs.org/serve-static/-/serve-static-2.2.1.tgz. Extracting by manifest.
6864 silly tarball no local data for serve-placeholder@https://registry.npmjs.org/serve-placeholder/-/serve-placeholder-2.0.2.tgz. Extracting by manifest.
6865 silly tarball no local data for rollup-plugin-visualizer@https://registry.npmjs.org/rollup-plugin-visualizer/-/rollup-plugin-visualizer-7.0.1.tgz. Extracting by manifest.
6866 silly tarball no local data for rollup@https://registry.npmjs.org/rollup/-/rollup-4.60.3.tgz. Extracting by manifest.
6867 silly tarball no local data for pretty-bytes@https://registry.npmjs.org/pretty-bytes/-/pretty-bytes-7.1.0.tgz. Extracting by manifest.
6868 silly tarball no local data for mime@https://registry.npmjs.org/mime/-/mime-4.1.0.tgz. Extracting by manifest.
6869 silly tarball no local data for ioredis@https://registry.npmjs.org/ioredis/-/ioredis-5.10.1.tgz. Extracting by manifest.
6870 silly tarball no local data for gzip-size@https://registry.npmjs.org/gzip-size/-/gzip-size-7.0.0.tgz. Extracting by manifest.
6871 silly tarball no local data for httpxy@https://registry.npmjs.org/httpxy/-/httpxy-0.5.1.tgz. Extracting by manifest.
6872 silly tarball no local data for globby@https://registry.npmjs.org/globby/-/globby-16.2.0.tgz. Extracting by manifest.
6873 silly tarball no local data for etag@https://registry.npmjs.org/etag/-/etag-1.8.1.tgz. Extracting by manifest.
6874 silly tarball no local data for dot-prop@https://registry.npmjs.org/dot-prop/-/dot-prop-10.1.0.tgz. Extracting by manifest.
6875 silly tarball no local data for db0@https://registry.npmjs.org/db0/-/db0-0.3.4.tgz. Extracting by manifest.
6876 silly tarball no local data for croner@https://registry.npmjs.org/croner/-/croner-10.0.1.tgz. Extracting by manifest.
6877 silly tarball no local data for archiver@https://registry.npmjs.org/archiver/-/archiver-7.0.1.tgz. Extracting by manifest.
6878 silly tarball no local data for @vercel/nft@https://registry.npmjs.org/@vercel/nft/-/nft-1.5.0.tgz. Extracting by manifest.
6879 silly tarball no local data for @rollup/plugin-terser@https://registry.npmjs.org/@rollup/plugin-terser/-/plugin-terser-1.0.0.tgz. Extracting by manifest.
6880 silly tarball no local data for @rollup/plugin-node-resolve@https://registry.npmjs.org/@rollup/plugin-node-resolve/-/plugin-node-resolve-16.0.3.tgz. Extracting by manifest.
6881 silly tarball no local data for @rollup/plugin-json@https://registry.npmjs.org/@rollup/plugin-json/-/plugin-json-6.1.0.tgz. Extracting by manifest.
6882 silly tarball no local data for @rollup/plugin-alias@https://registry.npmjs.org/@rollup/plugin-alias/-/plugin-alias-6.0.0.tgz. Extracting by manifest.
6883 silly tarball no local data for @cloudflare/kv-asset-handler@https://registry.npmjs.org/@cloudflare/kv-asset-handler/-/kv-asset-handler-0.4.2.tgz. Extracting by manifest.
6884 silly tarball no local data for node-addon-api@https://registry.npmjs.org/node-addon-api/-/node-addon-api-7.1.1.tgz. Extracting by manifest.
6885 silly tarball no local data for is-extglob@https://registry.npmjs.org/is-extglob/-/is-extglob-2.1.1.tgz. Extracting by manifest.
6886 silly tarball no local data for is-glob@https://registry.npmjs.org/is-glob/-/is-glob-4.0.3.tgz. Extracting by manifest.
6887 silly tarball no local data for @rollup/plugin-inject@https://registry.npmjs.org/@rollup/plugin-inject/-/plugin-inject-5.0.5.tgz. Extracting by manifest.
6888 silly tarball no local data for detect-libc@https://registry.npmjs.org/detect-libc/-/detect-libc-2.1.2.tgz. Extracting by manifest.
6889 silly tarball no local data for uqr@https://registry.npmjs.org/uqr/-/uqr-0.1.3.tgz. Extracting by manifest.
6890 silly tarball no local data for @parcel/watcher-darwin-arm64@https://registry.npmjs.org/@parcel/watcher-darwin-arm64/-/watcher-darwin-arm64-2.5.6.tgz. Extracting by manifest.
6891 silly tarball no local data for untun@https://registry.npmjs.org/untun/-/untun-0.1.3.tgz. Extracting by manifest.
6892 silly tarball no local data for node-forge@https://registry.npmjs.org/node-forge/-/node-forge-1.4.0.tgz. Extracting by manifest.
6893 silly tarball no local data for http-shutdown@https://registry.npmjs.org/http-shutdown/-/http-shutdown-1.2.2.tgz. Extracting by manifest.
6894 silly tarball no local data for yallist@https://registry.npmjs.org/yallist/-/yallist-3.1.1.tgz. Extracting by manifest.
6895 silly tarball no local data for @parcel/watcher@https://registry.npmjs.org/@parcel/watcher/-/watcher-2.5.6.tgz. Extracting by manifest.
6896 silly tarball no local data for shell-quote@https://registry.npmjs.org/shell-quote/-/shell-quote-1.8.3.tgz. Extracting by manifest.
6897 silly tarball no local data for ini@https://registry.npmjs.org/ini/-/ini-4.1.1.tgz. Extracting by manifest.
6898 silly tarball no local data for is-path-inside@https://registry.npmjs.org/is-path-inside/-/is-path-inside-4.0.0.tgz. Extracting by manifest.
6899 silly tarball no local data for global-directory@https://registry.npmjs.org/global-directory/-/global-directory-4.0.1.tgz. Extracting by manifest.
6900 silly tarball no local data for unplugin-utils@https://registry.npmjs.org/unplugin-utils/-/unplugin-utils-0.3.1.tgz. Extracting by manifest.
6901 silly tarball no local data for es-module-lexer@https://registry.npmjs.org/es-module-lexer/-/es-module-lexer-2.1.0.tgz. Extracting by manifest.
6902 silly tarball no local data for fast-string-truncated-width@https://registry.npmjs.org/fast-string-truncated-width/-/fast-string-truncated-width-3.0.3.tgz. Extracting by manifest.
6903 silly tarball no local data for tapable@https://registry.npmjs.org/tapable/-/tapable-2.3.3.tgz. Extracting by manifest.
6904 silly tarball no local data for graceful-fs@https://registry.npmjs.org/graceful-fs/-/graceful-fs-4.2.11.tgz. Extracting by manifest.
6905 silly tarball no local data for enhanced-resolve@https://registry.npmjs.org/enhanced-resolve/-/enhanced-resolve-5.21.2.tgz. Extracting by manifest.
6906 silly tarball no local data for postcss-unique-selectors@https://registry.npmjs.org/postcss-unique-selectors/-/postcss-unique-selectors-7.0.7.tgz. Extracting by manifest.
6907 silly tarball no local data for postcss-svgo@https://registry.npmjs.org/postcss-svgo/-/postcss-svgo-7.1.3.tgz. Extracting by manifest.
6908 silly tarball no local data for postcss-reduce-transforms@https://registry.npmjs.org/postcss-reduce-transforms/-/postcss-reduce-transforms-7.0.3.tgz. Extracting by manifest.
6909 silly tarball no local data for postcss-reduce-initial@https://registry.npmjs.org/postcss-reduce-initial/-/postcss-reduce-initial-7.0.9.tgz. Extracting by manifest.
6910 silly tarball no local data for postcss-ordered-values@https://registry.npmjs.org/postcss-ordered-values/-/postcss-ordered-values-7.0.4.tgz. Extracting by manifest.
6911 silly tarball no local data for postcss-normalize-whitespace@https://registry.npmjs.org/postcss-normalize-whitespace/-/postcss-normalize-whitespace-7.0.3.tgz. Extracting by manifest.
6912 silly tarball no local data for postcss-normalize-url@https://registry.npmjs.org/postcss-normalize-url/-/postcss-normalize-url-7.0.3.tgz. Extracting by manifest.
6913 silly tarball no local data for postcss-normalize-unicode@https://registry.npmjs.org/postcss-normalize-unicode/-/postcss-normalize-unicode-7.0.9.tgz. Extracting by manifest.
6914 silly tarball no local data for postcss-normalize-timing-functions@https://registry.npmjs.org/postcss-normalize-timing-functions/-/postcss-normalize-timing-functions-7.0.3.tgz. Extracting by manifest.
6915 silly tarball no local data for postcss-normalize-string@https://registry.npmjs.org/postcss-normalize-string/-/postcss-normalize-string-7.0.3.tgz. Extracting by manifest.
6916 silly tarball no local data for postcss-normalize-repeat-style@https://registry.npmjs.org/postcss-normalize-repeat-style/-/postcss-normalize-repeat-style-7.0.4.tgz. Extracting by manifest.
6917 silly tarball no local data for postcss-normalize-positions@https://registry.npmjs.org/postcss-normalize-positions/-/postcss-normalize-positions-7.0.4.tgz. Extracting by manifest.
6918 silly tarball no local data for postcss-normalize-display-values@https://registry.npmjs.org/postcss-normalize-display-values/-/postcss-normalize-display-values-7.0.3.tgz. Extracting by manifest.
6919 silly tarball no local data for postcss-normalize-charset@https://registry.npmjs.org/postcss-normalize-charset/-/postcss-normalize-charset-7.0.3.tgz. Extracting by manifest.
6920 silly tarball no local data for postcss-minify-selectors@https://registry.npmjs.org/postcss-minify-selectors/-/postcss-minify-selectors-7.1.2.tgz. Extracting by manifest.
6921 silly tarball no local data for postcss-minify-params@https://registry.npmjs.org/postcss-minify-params/-/postcss-minify-params-7.0.9.tgz. Extracting by manifest.
6922 silly tarball no local data for postcss-minify-font-values@https://registry.npmjs.org/postcss-minify-font-values/-/postcss-minify-font-values-7.0.3.tgz. Extracting by manifest.
6923 silly tarball no local data for postcss-minify-gradients@https://registry.npmjs.org/postcss-minify-gradients/-/postcss-minify-gradients-7.0.5.tgz. Extracting by manifest.
6924 silly tarball no local data for postcss-merge-rules@https://registry.npmjs.org/postcss-merge-rules/-/postcss-merge-rules-7.0.11.tgz. Extracting by manifest.
6925 silly tarball no local data for postcss-merge-longhand@https://registry.npmjs.org/postcss-merge-longhand/-/postcss-merge-longhand-7.0.7.tgz. Extracting by manifest.
6926 silly tarball no local data for postcss-discard-overridden@https://registry.npmjs.org/postcss-discard-overridden/-/postcss-discard-overridden-7.0.3.tgz. Extracting by manifest.
6927 silly tarball no local data for postcss-discard-empty@https://registry.npmjs.org/postcss-discard-empty/-/postcss-discard-empty-7.0.3.tgz. Extracting by manifest.
6928 silly tarball no local data for @rollup/plugin-commonjs@https://registry.npmjs.org/@rollup/plugin-commonjs/-/plugin-commonjs-29.0.2.tgz. Extracting by manifest.
6929 silly tarball no local data for postcss-discard-duplicates@https://registry.npmjs.org/postcss-discard-duplicates/-/postcss-discard-duplicates-7.0.4.tgz. Extracting by manifest.
6930 silly tarball no local data for postcss-discard-comments@https://registry.npmjs.org/postcss-discard-comments/-/postcss-discard-comments-7.0.8.tgz. Extracting by manifest.
6931 silly tarball no local data for postcss-convert-values@https://registry.npmjs.org/postcss-convert-values/-/postcss-convert-values-7.0.12.tgz. Extracting by manifest.
6932 silly tarball no local data for postcss-colormin@https://registry.npmjs.org/postcss-colormin/-/postcss-colormin-7.0.10.tgz. Extracting by manifest.
6933 silly tarball no local data for cssnano-utils@https://registry.npmjs.org/cssnano-utils/-/cssnano-utils-5.0.3.tgz. Extracting by manifest.
6934 silly tarball no local data for lilconfig@https://registry.npmjs.org/lilconfig/-/lilconfig-3.1.3.tgz. Extracting by manifest.
6935 silly tarball no local data for css-declaration-sorter@https://registry.npmjs.org/css-declaration-sorter/-/css-declaration-sorter-7.4.0.tgz. Extracting by manifest.
6936 silly tarball no local data for cssnano-preset-default@https://registry.npmjs.org/cssnano-preset-default/-/cssnano-preset-default-7.0.17.tgz. Extracting by manifest.
6937 silly tarball no local data for @vue/devtools-shared@https://registry.npmjs.org/@vue/devtools-shared/-/devtools-shared-8.1.2.tgz. Extracting by manifest.
6938 silly tarball no local data for entities@https://registry.npmjs.org/entities/-/entities-7.0.1.tgz. Extracting by manifest.
6939 silly tarball no local data for @vue/compiler-ssr@https://registry.npmjs.org/@vue/compiler-ssr/-/compiler-ssr-3.5.34.tgz. Extracting by manifest.
6940 silly tarball no local data for @vue/compiler-dom@https://registry.npmjs.org/@vue/compiler-dom/-/compiler-dom-3.5.34.tgz. Extracting by manifest.
6941 silly tarball no local data for @vue/compiler-core@https://registry.npmjs.org/@vue/compiler-core/-/compiler-core-3.5.34.tgz. Extracting by manifest.
6942 silly tarball no local data for @vue/babel-plugin-resolve-type@https://registry.npmjs.org/@vue/babel-plugin-resolve-type/-/babel-plugin-resolve-type-2.0.1.tgz. Extracting by manifest.
6943 silly tarball no local data for @vue/babel-helper-vue-transform-on@https://registry.npmjs.org/@vue/babel-helper-vue-transform-on/-/babel-helper-vue-transform-on-2.0.1.tgz. Extracting by manifest.
6944 silly tarball no local data for @babel/plugin-syntax-jsx@https://registry.npmjs.org/@babel/plugin-syntax-jsx/-/plugin-syntax-jsx-7.28.6.tgz. Extracting by manifest.
6945 silly tarball no local data for @jridgewell/resolve-uri@https://registry.npmjs.org/@jridgewell/resolve-uri/-/resolve-uri-3.1.2.tgz. Extracting by manifest.
6946 silly tarball no local data for @babel/helper-string-parser@https://registry.npmjs.org/@babel/helper-string-parser/-/helper-string-parser-7.27.1.tgz. Extracting by manifest.
6947 silly tarball no local data for @babel/helper-replace-supers@https://registry.npmjs.org/@babel/helper-replace-supers/-/helper-replace-supers-7.28.6.tgz. Extracting by manifest.
6948 silly tarball no local data for @babel/helper-globals@https://registry.npmjs.org/@babel/helper-globals/-/helper-globals-7.28.0.tgz. Extracting by manifest.
6949 silly tarball no local data for @babel/helper-optimise-call-expression@https://registry.npmjs.org/@babel/helper-optimise-call-expression/-/helper-optimise-call-expression-7.27.1.tgz. Extracting by manifest.
6950 silly tarball no local data for @babel/helper-member-expression-to-functions@https://registry.npmjs.org/@babel/helper-member-expression-to-functions/-/helper-member-expression-to-functions-7.28.5.tgz. Extracting by manifest.
6951 silly tarball no local data for @babel/helper-skip-transparent-expression-wrappers@https://registry.npmjs.org/@babel/helper-skip-transparent-expression-wrappers/-/helper-skip-transparent-expression-wrappers-7.27.1.tgz. Extracting by manifest.
6952 silly tarball no local data for @babel/helper-create-class-features-plugin@https://registry.npmjs.org/@babel/helper-create-class-features-plugin/-/helper-create-class-features-plugin-7.29.3.tgz. Extracting by manifest.
6953 silly tarball no local data for @babel/helper-annotate-as-pure@https://registry.npmjs.org/@babel/helper-annotate-as-pure/-/helper-annotate-as-pure-7.27.3.tgz. Extracting by manifest.
6954 silly tarball no local data for @babel/helper-plugin-utils@https://registry.npmjs.org/@babel/helper-plugin-utils/-/helper-plugin-utils-7.28.6.tgz. Extracting by manifest.
6955 silly tarball no local data for @babel/helper-module-imports@https://registry.npmjs.org/@babel/helper-module-imports/-/helper-module-imports-7.28.6.tgz. Extracting by manifest.
6956 silly tarball no local data for lru-cache@https://registry.npmjs.org/lru-cache/-/lru-cache-5.1.1.tgz. Extracting by manifest.
6957 silly tarball no local data for @babel/helper-validator-option@https://registry.npmjs.org/@babel/helper-validator-option/-/helper-validator-option-7.27.1.tgz. Extracting by manifest.
6958 silly tarball no local data for @babel/compat-data@https://registry.npmjs.org/@babel/compat-data/-/compat-data-7.29.3.tgz. Extracting by manifest.
6959 silly tarball no local data for jsesc@https://registry.npmjs.org/jsesc/-/jsesc-3.1.0.tgz. Extracting by manifest.
6960 silly tarball no local data for @jridgewell/trace-mapping@https://registry.npmjs.org/@jridgewell/trace-mapping/-/trace-mapping-0.3.31.tgz. Extracting by manifest.
6961 silly tarball no local data for @jridgewell/gen-mapping@https://registry.npmjs.org/@jridgewell/gen-mapping/-/gen-mapping-0.3.13.tgz. Extracting by manifest.
6962 silly tarball no local data for js-tokens@https://registry.npmjs.org/js-tokens/-/js-tokens-4.0.0.tgz. Extracting by manifest.
6963 silly tarball no local data for @babel/helper-validator-identifier@https://registry.npmjs.org/@babel/helper-validator-identifier/-/helper-validator-identifier-7.28.5.tgz. Extracting by manifest.
6964 silly tarball no local data for json5@https://registry.npmjs.org/json5/-/json5-2.2.3.tgz. Extracting by manifest.
6965 silly tarball no local data for gensync@https://registry.npmjs.org/gensync/-/gensync-1.0.0-beta.2.tgz. Extracting by manifest.
6966 silly tarball no local data for convert-source-map@https://registry.npmjs.org/convert-source-map/-/convert-source-map-2.0.0.tgz. Extracting by manifest.
6967 silly tarball no local data for @jridgewell/remapping@https://registry.npmjs.org/@jridgewell/remapping/-/remapping-2.3.5.tgz. Extracting by manifest.
6968 silly tarball no local data for @babel/types@https://registry.npmjs.org/@babel/types/-/types-7.29.0.tgz. Extracting by manifest.
6969 silly tarball no local data for @babel/template@https://registry.npmjs.org/@babel/template/-/template-7.28.6.tgz. Extracting by manifest.
6970 silly tarball no local data for @babel/traverse@https://registry.npmjs.org/@babel/traverse/-/traverse-7.29.0.tgz. Extracting by manifest.
6971 silly tarball no local data for @babel/parser@https://registry.npmjs.org/@babel/parser/-/parser-7.29.3.tgz. Extracting by manifest.
6972 silly tarball no local data for @babel/helpers@https://registry.npmjs.org/@babel/helpers/-/helpers-7.29.2.tgz. Extracting by manifest.
6973 silly tarball no local data for @babel/helper-module-transforms@https://registry.npmjs.org/@babel/helper-module-transforms/-/helper-module-transforms-7.28.6.tgz. Extracting by manifest.
6974 silly tarball no local data for @babel/helper-compilation-targets@https://registry.npmjs.org/@babel/helper-compilation-targets/-/helper-compilation-targets-7.28.6.tgz. Extracting by manifest.
6975 silly tarball no local data for @babel/generator@https://registry.npmjs.org/@babel/generator/-/generator-7.29.1.tgz. Extracting by manifest.
6976 silly tarball no local data for @babel/code-frame@https://registry.npmjs.org/@babel/code-frame/-/code-frame-7.29.0.tgz. Extracting by manifest.
6977 silly tarball no local data for @vue/babel-plugin-jsx@https://registry.npmjs.org/@vue/babel-plugin-jsx/-/babel-plugin-jsx-2.0.1.tgz. Extracting by manifest.
6978 silly tarball no local data for postcss-calc@https://registry.npmjs.org/postcss-calc/-/postcss-calc-10.1.1.tgz. Extracting by manifest.
6979 silly tarball no local data for @babel/plugin-transform-typescript@https://registry.npmjs.org/@babel/plugin-transform-typescript/-/plugin-transform-typescript-7.28.6.tgz. Extracting by manifest.
6980 silly tarball no local data for @babel/plugin-syntax-typescript@https://registry.npmjs.org/@babel/plugin-syntax-typescript/-/plugin-syntax-typescript-7.28.6.tgz. Extracting by manifest.
6981 silly tarball no local data for @babel/core@https://registry.npmjs.org/@babel/core/-/core-7.29.0.tgz. Extracting by manifest.
6982 silly tarball no local data for unhead@https://registry.npmjs.org/unhead/-/unhead-2.1.15.tgz. Extracting by manifest.
6983 silly tarball no local data for vite-node@https://registry.npmjs.org/vite-node/-/vite-node-5.3.0.tgz. Extracting by manifest.
6984 silly tarball no local data for vite-plugin-checker@https://registry.npmjs.org/vite-plugin-checker/-/vite-plugin-checker-0.13.0.tgz. Extracting by manifest.
6985 silly tarball no local data for unenv@https://registry.npmjs.org/unenv/-/unenv-2.0.0-rc.24.tgz. Extracting by manifest.
6986 silly tarball no local data for seroval@https://registry.npmjs.org/seroval/-/seroval-1.5.4.tgz. Extracting by manifest.
6987 silly tarball no local data for externality@https://registry.npmjs.org/externality/-/externality-1.0.2.tgz. Extracting by manifest.
6988 silly tarball no local data for @vitejs/plugin-vue-jsx@https://registry.npmjs.org/@vitejs/plugin-vue-jsx/-/plugin-vue-jsx-5.1.5.tgz. Extracting by manifest.
6989 silly tarball no local data for @rolldown/pluginutils@https://registry.npmjs.org/@rolldown/pluginutils/-/pluginutils-1.0.0-rc.13.tgz. Extracting by manifest.
6990 silly tarball no local data for @vitejs/plugin-vue@https://registry.npmjs.org/@vitejs/plugin-vue/-/plugin-vue-6.0.6.tgz. Extracting by manifest.
6991 silly tarball no local data for @rollup/plugin-replace@https://registry.npmjs.org/@rollup/plugin-replace/-/plugin-replace-6.0.3.tgz. Extracting by manifest.
6992 silly tarball no local data for vue-bundle-renderer@https://registry.npmjs.org/vue-bundle-renderer/-/vue-bundle-renderer-2.2.0.tgz. Extracting by manifest.
6993 silly tarball no local data for @nuxt/devalue@https://registry.npmjs.org/@nuxt/devalue/-/devalue-2.0.2.tgz. Extracting by manifest.
6994 silly tarball no local data for @rollup/pluginutils@https://registry.npmjs.org/@rollup/pluginutils/-/pluginutils-5.3.0.tgz. Extracting by manifest.
6995 silly tarball no local data for vue-devtools-stub@https://registry.npmjs.org/vue-devtools-stub/-/vue-devtools-stub-0.1.0.tgz. Extracting by manifest.
6996 silly tarball no local data for ws@https://registry.npmjs.org/ws/-/ws-8.20.0.tgz. Extracting by manifest.
6997 silly tarball no local data for diff@https://registry.npmjs.org/diff/-/diff-8.0.4.tgz. Extracting by manifest.
6998 silly tarball no local data for vite-plugin-vue-tracer@https://registry.npmjs.org/vite-plugin-vue-tracer/-/vite-plugin-vue-tracer-1.3.0.tgz. Extracting by manifest.
6999 silly tarball no local data for vite@https://registry.npmjs.org/vite/-/vite-7.3.3.tgz. Extracting by manifest.
7000 silly tarball no local data for vite-plugin-inspect@https://registry.npmjs.org/vite-plugin-inspect/-/vite-plugin-inspect-11.3.3.tgz. Extracting by manifest.
7001 silly tarball no local data for nitropack@https://registry.npmjs.org/nitropack/-/nitropack-2.13.4.tgz. Extracting by manifest.
7002 silly tarball no local data for cssnano@https://registry.npmjs.org/cssnano/-/cssnano-7.1.9.tgz. Extracting by manifest.
7003 silly tarball no local data for mocked-exports@https://registry.npmjs.org/mocked-exports/-/mocked-exports-0.1.1.tgz. Extracting by manifest.
7004 silly tarball no local data for simple-git@https://registry.npmjs.org/simple-git/-/simple-git-3.36.0.tgz. Extracting by manifest.
7005 silly tarball no local data for magicast@https://registry.npmjs.org/magicast/-/magicast-0.5.2.tgz. Extracting by manifest.
7006 silly tarball no local data for launch-editor@https://registry.npmjs.org/launch-editor/-/launch-editor-2.13.2.tgz. Extracting by manifest.
7007 silly tarball no local data for is-installed-globally@https://registry.npmjs.org/is-installed-globally/-/is-installed-globally-1.0.0.tgz. Extracting by manifest.
7008 silly tarball no local data for image-meta@https://registry.npmjs.org/image-meta/-/image-meta-0.2.2.tgz. Extracting by manifest.
7009 silly tarball no local data for get-port-please@https://registry.npmjs.org/get-port-please/-/get-port-please-3.2.0.tgz. Extracting by manifest.
7010 silly tarball no local data for error-stack-parser-es@https://registry.npmjs.org/error-stack-parser-es/-/error-stack-parser-es-1.0.5.tgz. Extracting by manifest.
7011 silly tarball no local data for fast-npm-meta@https://registry.npmjs.org/fast-npm-meta/-/fast-npm-meta-1.5.1.tgz. Extracting by manifest.
7012 silly tarball no local data for birpc@https://registry.npmjs.org/birpc/-/birpc-4.0.0.tgz. Extracting by manifest.
7013 silly tarball no local data for @vue/devtools-kit@https://registry.npmjs.org/@vue/devtools-kit/-/devtools-kit-8.1.2.tgz. Extracting by manifest.
7014 silly tarball no local data for @vue/devtools-core@https://registry.npmjs.org/@vue/devtools-core/-/devtools-core-8.1.2.tgz. Extracting by manifest.
7015 silly tarball no local data for sisteransi@https://registry.npmjs.org/sisteransi/-/sisteransi-1.0.5.tgz. Extracting by manifest.
7016 silly tarball no local data for fast-wrap-ansi@https://registry.npmjs.org/fast-wrap-ansi/-/fast-wrap-ansi-0.2.0.tgz. Extracting by manifest.
7017 silly tarball no local data for structured-clone-es@https://registry.npmjs.org/structured-clone-es/-/structured-clone-es-2.0.0.tgz. Extracting by manifest.
7018 silly tarball no local data for fast-string-width@https://registry.npmjs.org/fast-string-width/-/fast-string-width-3.0.2.tgz. Extracting by manifest.
7019 silly tarball no local data for @clack/core@https://registry.npmjs.org/@clack/core/-/core-1.3.0.tgz. Extracting by manifest.
7020 silly tarball no local data for @nuxt/devtools-wizard@https://registry.npmjs.org/@nuxt/devtools-wizard/-/devtools-wizard-3.2.4.tgz. Extracting by manifest.
7021 silly tarball no local data for tinyclip@https://registry.npmjs.org/tinyclip/-/tinyclip-0.1.12.tgz. Extracting by manifest.
7022 silly tarball no local data for listhen@https://registry.npmjs.org/listhen/-/listhen-1.10.0.tgz. Extracting by manifest.
7023 silly tarball no local data for srvx@https://registry.npmjs.org/srvx/-/srvx-0.11.15.tgz. Extracting by manifest.
7024 silly tarball no local data for fzf@https://registry.npmjs.org/fzf/-/fzf-0.5.2.tgz. Extracting by manifest.
7025 silly tarball no local data for fuse.js@https://registry.npmjs.org/fuse.js/-/fuse.js-7.3.0.tgz. Extracting by manifest.
7026 silly tarball no local data for citty@https://registry.npmjs.org/citty/-/citty-0.2.2.tgz. Extracting by manifest.
7027 silly tarball no local data for @nuxt/schema@https://registry.npmjs.org/@nuxt/schema/-/schema-4.4.4.tgz. Extracting by manifest.
7028 silly tarball no local data for youch@https://registry.npmjs.org/youch/-/youch-4.1.1.tgz. Extracting by manifest.
7029 silly tarball no local data for @clack/prompts@https://registry.npmjs.org/@clack/prompts/-/prompts-1.3.0.tgz. Extracting by manifest.
7030 silly tarball no local data for @bomb.sh/tab@https://registry.npmjs.org/@bomb.sh/tab/-/tab-0.0.14.tgz. Extracting by manifest.
7031 silly tarball no local data for @dxup/unimport@https://registry.npmjs.org/@dxup/unimport/-/unimport-0.1.2.tgz. Extracting by manifest.
7032 silly tarball no local data for unimport@https://registry.npmjs.org/unimport/-/unimport-6.2.0.tgz. Extracting by manifest.
7033 silly tarball no local data for unplugin-vue-router@https://registry.npmjs.org/unplugin-vue-router/-/unplugin-vue-router-0.19.2.tgz. Extracting by manifest.
7034 silly tarball no local data for ultrahtml@https://registry.npmjs.org/ultrahtml/-/ultrahtml-1.6.0.tgz. Extracting by manifest.
7035 silly tarball no local data for rou3@https://registry.npmjs.org/rou3/-/rou3-0.8.1.tgz. Extracting by manifest.
7036 silly tarball no local data for oxc-walker@https://registry.npmjs.org/oxc-walker/-/oxc-walker-0.7.0.tgz. Extracting by manifest.
7037 silly tarball no local data for oxc-parser@https://registry.npmjs.org/oxc-parser/-/oxc-parser-0.128.0.tgz. Extracting by manifest.
7038 silly tarball no local data for oxc-minify@https://registry.npmjs.org/oxc-minify/-/oxc-minify-0.128.0.tgz. Extracting by manifest.
7039 silly tarball no local data for on-change@https://registry.npmjs.org/on-change/-/on-change-6.0.2.tgz. Extracting by manifest.
7040 silly tarball no local data for ofetch@https://registry.npmjs.org/ofetch/-/ofetch-1.5.1.tgz. Extracting by manifest.
7041 silly tarball no local data for nypm@https://registry.npmjs.org/nypm/-/nypm-0.6.6.tgz. Extracting by manifest.
7042 silly tarball no local data for nanotar@https://registry.npmjs.org/nanotar/-/nanotar-0.3.0.tgz. Extracting by manifest.
7043 silly tarball no local data for impound@https://registry.npmjs.org/impound/-/impound-1.1.5.tgz. Extracting by manifest.
7044 silly tarball no local data for hookable@https://registry.npmjs.org/hookable/-/hookable-5.5.3.tgz. Extracting by manifest.
7045 silly tarball no local data for escape-string-regexp@https://registry.npmjs.org/escape-string-regexp/-/escape-string-regexp-5.0.0.tgz. Extracting by manifest.
7046 silly tarball no local data for devalue@https://registry.npmjs.org/devalue/-/devalue-5.8.0.tgz. Extracting by manifest.
7047 silly tarball no local data for compatx@https://registry.npmjs.org/compatx/-/compatx-0.2.0.tgz. Extracting by manifest.
7048 silly tarball no local data for @vue/shared@https://registry.npmjs.org/@vue/shared/-/shared-3.5.34.tgz. Extracting by manifest.
7049 silly tarball no local data for @unhead/vue@https://registry.npmjs.org/@unhead/vue/-/vue-2.1.15.tgz. Extracting by manifest.
7050 silly tarball no local data for @nuxt/vite-builder@https://registry.npmjs.org/@nuxt/vite-builder/-/vite-builder-3.21.4.tgz. Extracting by manifest.
7051 silly tarball no local data for @nuxt/telemetry@https://registry.npmjs.org/@nuxt/telemetry/-/telemetry-2.8.0.tgz. Extracting by manifest.
7052 silly tarball no local data for @nuxt/devtools@https://registry.npmjs.org/@nuxt/devtools/-/devtools-3.2.4.tgz. Extracting by manifest.
7053 silly tarball no local data for @nuxt/cli@https://registry.npmjs.org/@nuxt/cli/-/cli-3.35.1.tgz. Extracting by manifest.
7054 silly tarball no local data for @nuxt/nitro-server@https://registry.npmjs.org/@nuxt/nitro-server/-/nitro-server-3.21.4.tgz. Extracting by manifest.
7055 silly tarball no local data for @dxup/nuxt@https://registry.npmjs.org/@dxup/nuxt/-/nuxt-0.4.1.tgz. Extracting by manifest.
7056 silly tarball no local data for whatwg-url@https://registry.npmjs.org/whatwg-url/-/whatwg-url-5.0.0.tgz. Extracting by manifest.
7057 silly tarball no local data for acorn@https://registry.npmjs.org/acorn/-/acorn-8.16.0.tgz. Extracting by manifest.
7058 silly tarball no local data for oxc-transform@https://registry.npmjs.org/oxc-transform/-/oxc-transform-0.128.0.tgz. Extracting by manifest.
7059 silly tarball no local data for @jridgewell/sourcemap-codec@https://registry.npmjs.org/@jridgewell/sourcemap-codec/-/sourcemap-codec-1.5.5.tgz. Extracting by manifest.
7060 silly tarball no local data for @types/estree@https://registry.npmjs.org/@types/estree/-/estree-1.0.9.tgz. Extracting by manifest.
7061 silly tarball no local data for type-level-regexp@https://registry.npmjs.org/type-level-regexp/-/type-level-regexp-0.1.17.tgz. Extracting by manifest.
7062 silly tarball no local data for regexp-tree@https://registry.npmjs.org/regexp-tree/-/regexp-tree-0.1.27.tgz. Extracting by manifest.
7063 silly tarball no local data for estree-walker@https://registry.npmjs.org/estree-walker/-/estree-walker-3.0.3.tgz. Extracting by manifest.
7064 silly tarball no local data for quansync@https://registry.npmjs.org/quansync/-/quansync-0.2.11.tgz. Extracting by manifest.
7065 silly tarball no local data for uncrypto@https://registry.npmjs.org/uncrypto/-/uncrypto-0.1.3.tgz. Extracting by manifest.
7066 silly tarball no local data for radix3@https://registry.npmjs.org/radix3/-/radix3-1.1.2.tgz. Extracting by manifest.
7067 silly tarball no local data for node-mock-http@https://registry.npmjs.org/node-mock-http/-/node-mock-http-1.0.4.tgz. Extracting by manifest.
7068 silly tarball no local data for crossws@https://registry.npmjs.org/crossws/-/crossws-0.3.5.tgz. Extracting by manifest.
7069 silly tarball no local data for cookie-es@https://registry.npmjs.org/cookie-es/-/cookie-es-1.2.3.tgz. Extracting by manifest.
7070 silly tarball no local data for tslib@https://registry.npmjs.org/tslib/-/tslib-2.8.1.tgz. Extracting by manifest.
7071 silly tarball no local data for unicode-trie@https://registry.npmjs.org/unicode-trie/-/unicode-trie-2.0.0.tgz. Extracting by manifest.
7072 silly tarball no local data for base64-js@https://registry.npmjs.org/base64-js/-/base64-js-1.5.1.tgz. Extracting by manifest.
7073 silly tarball no local data for unicode-properties@https://registry.npmjs.org/unicode-properties/-/unicode-properties-1.4.1.tgz. Extracting by manifest.
7074 silly tarball no local data for tiny-inflate@https://registry.npmjs.org/tiny-inflate/-/tiny-inflate-1.0.3.tgz. Extracting by manifest.
7075 silly tarball no local data for restructure@https://registry.npmjs.org/restructure/-/restructure-3.0.2.tgz. Extracting by manifest.
7076 silly tarball no local data for fast-deep-equal@https://registry.npmjs.org/fast-deep-equal/-/fast-deep-equal-3.1.3.tgz. Extracting by manifest.
7077 silly tarball no local data for clone@https://registry.npmjs.org/clone/-/clone-2.1.2.tgz. Extracting by manifest.
7078 silly tarball no local data for dfa@https://registry.npmjs.org/dfa/-/dfa-1.2.0.tgz. Extracting by manifest.
7079 silly tarball no local data for brotli@https://registry.npmjs.org/brotli/-/brotli-1.3.3.tgz. Extracting by manifest.
7080 silly tarball no local data for @swc/helpers@https://registry.npmjs.org/@swc/helpers/-/helpers-0.5.21.tgz. Extracting by manifest.
7081 silly tarball no local data for node-fetch@https://registry.npmjs.org/node-fetch/-/node-fetch-2.7.0.tgz. Extracting by manifest.
7082 silly tarball no local data for fontkit@https://registry.npmjs.org/fontkit/-/fontkit-2.0.4.tgz. Extracting by manifest.
7083 silly tarball no local data for cross-fetch@https://registry.npmjs.org/cross-fetch/-/cross-fetch-3.2.0.tgz. Extracting by manifest.
7084 silly tarball no local data for blob-to-buffer@https://registry.npmjs.org/blob-to-buffer/-/blob-to-buffer-1.2.9.tgz. Extracting by manifest.
7085 silly tarball no local data for @capsizecss/unpack@https://registry.npmjs.org/@capsizecss/unpack/-/unpack-2.4.0.tgz. Extracting by manifest.
7086 silly tarball no local data for @capsizecss/metrics@https://registry.npmjs.org/@capsizecss/metrics/-/metrics-3.7.0.tgz. Extracting by manifest.
7087 silly tarball no local data for which@https://registry.npmjs.org/which/-/which-2.0.2.tgz. Extracting by manifest.
7088 silly tarball no local data for shebang-command@https://registry.npmjs.org/shebang-command/-/shebang-command-2.0.0.tgz. Extracting by manifest.
7089 silly tarball no local data for path-key@https://registry.npmjs.org/path-key/-/path-key-3.1.1.tgz. Extracting by manifest.
7090 silly tarball no local data for strip-final-newline@https://registry.npmjs.org/strip-final-newline/-/strip-final-newline-3.0.0.tgz. Extracting by manifest.
7091 silly tarball no local data for signal-exit@https://registry.npmjs.org/signal-exit/-/signal-exit-4.1.0.tgz. Extracting by manifest.
7092 silly tarball no local data for npm-run-path@https://registry.npmjs.org/npm-run-path/-/npm-run-path-5.3.0.tgz. Extracting by manifest.
7093 silly tarball no local data for iron-webcrypto@https://registry.npmjs.org/iron-webcrypto/-/iron-webcrypto-1.2.1.tgz. Extracting by manifest.
7094 silly tarball no local data for onetime@https://registry.npmjs.org/onetime/-/onetime-6.0.0.tgz. Extracting by manifest.
7095 silly tarball no local data for @vue/compiler-sfc@https://registry.npmjs.org/@vue/compiler-sfc/-/compiler-sfc-3.5.34.tgz. Extracting by manifest.
7096 silly tarball no local data for is-stream@https://registry.npmjs.org/is-stream/-/is-stream-3.0.0.tgz. Extracting by manifest.
7097 silly tarball no local data for merge-stream@https://registry.npmjs.org/merge-stream/-/merge-stream-2.0.0.tgz. Extracting by manifest.
7098 silly tarball no local data for get-stream@https://registry.npmjs.org/get-stream/-/get-stream-8.0.1.tgz. Extracting by manifest.
7099 silly tarball no local data for cross-spawn@https://registry.npmjs.org/cross-spawn/-/cross-spawn-7.0.6.tgz. Extracting by manifest.
7100 silly tarball no local data for @esbuild/darwin-arm64@https://registry.npmjs.org/@esbuild/darwin-arm64/-/darwin-arm64-0.25.12.tgz. Extracting by manifest.
7101 silly tarball no local data for ms@https://registry.npmjs.org/ms/-/ms-2.1.3.tgz. Extracting by manifest.
7102 silly tarball no local data for source-map-js@https://registry.npmjs.org/source-map-js/-/source-map-js-1.2.1.tgz. Extracting by manifest.
7103 silly tarball no local data for mdn-data@https://registry.npmjs.org/mdn-data/-/mdn-data-2.27.1.tgz. Extracting by manifest.
7104 silly tarball no local data for readdirp@https://registry.npmjs.org/readdirp/-/readdirp-5.0.0.tgz. Extracting by manifest.
7105 silly tarball no local data for perfect-debounce@https://registry.npmjs.org/perfect-debounce/-/perfect-debounce-2.1.0.tgz. Extracting by manifest.
7106 silly tarball no local data for giget@https://registry.npmjs.org/giget/-/giget-3.2.0.tgz. Extracting by manifest.
7107 silly tarball no local data for chokidar@https://registry.npmjs.org/chokidar/-/chokidar-5.0.0.tgz. Extracting by manifest.
7108 silly tarball no local data for dotenv@https://registry.npmjs.org/dotenv/-/dotenv-17.4.2.tgz. Extracting by manifest.
7109 silly tarball no local data for confbox@https://registry.npmjs.org/confbox/-/confbox-0.2.4.tgz. Extracting by manifest.
7110 silly tarball no local data for update-browserslist-db@https://registry.npmjs.org/update-browserslist-db/-/update-browserslist-db-1.2.3.tgz. Extracting by manifest.
7111 silly tarball no local data for node-releases@https://registry.npmjs.org/node-releases/-/node-releases-2.0.38.tgz. Extracting by manifest.
7112 silly tarball no local data for electron-to-chromium@https://registry.npmjs.org/electron-to-chromium/-/electron-to-chromium-1.5.353.tgz. Extracting by manifest.
7113 silly tarball no local data for baseline-browser-mapping@https://registry.npmjs.org/baseline-browser-mapping/-/baseline-browser-mapping-2.10.28.tgz. Extracting by manifest.
7114 silly tarball no local data for postcss-value-parser@https://registry.npmjs.org/postcss-value-parser/-/postcss-value-parser-4.2.0.tgz. Extracting by manifest.
7115 silly tarball no local data for picocolors@https://registry.npmjs.org/picocolors/-/picocolors-1.1.1.tgz. Extracting by manifest.
7116 silly tarball no local data for fraction.js@https://registry.npmjs.org/fraction.js/-/fraction.js-5.3.4.tgz. Extracting by manifest.
7117 silly tarball no local data for caniuse-lite@https://registry.npmjs.org/caniuse-lite/-/caniuse-lite-1.0.30001792.tgz. Extracting by manifest.
7118 silly tarball no local data for tailwind-config-viewer@https://registry.npmjs.org/tailwind-config-viewer/-/tailwind-config-viewer-2.0.4.tgz. Extracting by manifest.
7119 silly tarball no local data for browserslist@https://registry.npmjs.org/browserslist/-/browserslist-4.28.2.tgz. Extracting by manifest.
7120 silly tarball no local data for postcss-nesting@https://registry.npmjs.org/postcss-nesting/-/postcss-nesting-13.0.2.tgz. Extracting by manifest.
7121 silly tarball no local data for autoprefixer@https://registry.npmjs.org/autoprefixer/-/autoprefixer-10.5.0.tgz. Extracting by manifest.
7122 silly tarball no local data for postcss@https://registry.npmjs.org/postcss/-/postcss-8.5.14.tgz. Extracting by manifest.
7123 silly tarball no local data for untyped@https://registry.npmjs.org/untyped/-/untyped-2.0.0.tgz. Extracting by manifest.
7124 silly tarball no local data for semver@https://registry.npmjs.org/semver/-/semver-7.8.0.tgz. Extracting by manifest.
7125 silly tarball no local data for rc9@https://registry.npmjs.org/rc9/-/rc9-3.0.1.tgz. Extracting by manifest.
7126 silly tarball no local data for scule@https://registry.npmjs.org/scule/-/scule-1.3.0.tgz. Extracting by manifest.
7127 silly tarball no local data for pkg-types@https://registry.npmjs.org/pkg-types/-/pkg-types-2.3.1.tgz. Extracting by manifest.
7128 silly tarball no local data for knitwork@https://registry.npmjs.org/knitwork/-/knitwork-1.3.0.tgz. Extracting by manifest.
7129 silly tarball no local data for klona@https://registry.npmjs.org/klona/-/klona-2.0.6.tgz. Extracting by manifest.
7130 silly tarball no local data for human-signals@https://registry.npmjs.org/human-signals/-/human-signals-5.0.0.tgz. Extracting by manifest.
7131 silly tarball no local data for ignore@https://registry.npmjs.org/ignore/-/ignore-7.0.5.tgz. Extracting by manifest.
7132 silly tarball no local data for errx@https://registry.npmjs.org/errx/-/errx-0.1.0.tgz. Extracting by manifest.
7133 silly tarball no local data for destr@https://registry.npmjs.org/destr/-/destr-2.0.5.tgz. Extracting by manifest.
7134 silly tarball no local data for exsolve@https://registry.npmjs.org/exsolve/-/exsolve-1.0.8.tgz. Extracting by manifest.
7135 silly tarball no local data for c12@https://registry.npmjs.org/c12/-/c12-3.3.4.tgz. Extracting by manifest.
7136 silly tarball no local data for kolorist@https://registry.npmjs.org/kolorist/-/kolorist-1.8.0.tgz. Extracting by manifest.
7137 silly tarball no local data for globals@https://registry.npmjs.org/globals/-/globals-15.15.0.tgz. Extracting by manifest.
7138 silly tarball no local data for tinyexec@https://registry.npmjs.org/tinyexec/-/tinyexec-1.1.2.tgz. Extracting by manifest.
7139 silly tarball no local data for package-manager-detector@https://registry.npmjs.org/package-manager-detector/-/package-manager-detector-1.6.0.tgz. Extracting by manifest.
7140 silly tarball no local data for debug@https://registry.npmjs.org/debug/-/debug-4.4.3.tgz. Extracting by manifest.
7141 silly tarball no local data for std-env@https://registry.npmjs.org/std-env/-/std-env-3.10.0.tgz. Extracting by manifest.
7142 silly tarball no local data for @antfu/install-pkg@https://registry.npmjs.org/@antfu/install-pkg/-/install-pkg-1.1.0.tgz. Extracting by manifest.
7143 silly tarball no local data for local-pkg@https://registry.npmjs.org/local-pkg/-/local-pkg-1.1.2.tgz. Extracting by manifest.
7144 silly tarball no local data for picomatch@https://registry.npmjs.org/picomatch/-/picomatch-4.0.4.tgz. Extracting by manifest.
7145 silly tarball no local data for @iconify/vue@https://registry.npmjs.org/@iconify/vue/-/vue-5.0.1.tgz. Extracting by manifest.
7146 silly tarball no local data for @iconify/types@https://registry.npmjs.org/@iconify/types/-/types-2.0.0.tgz. Extracting by manifest.
7147 silly tarball no local data for @iconify/utils@https://registry.npmjs.org/@iconify/utils/-/utils-2.3.0.tgz. Extracting by manifest.
7148 silly tarball no local data for @iconify/collections@https://registry.npmjs.org/@iconify/collections/-/collections-1.0.681.tgz. Extracting by manifest.
7149 silly tarball no local data for execa@https://registry.npmjs.org/execa/-/execa-8.0.1.tgz. Extracting by manifest.
7150 silly tarball no local data for unstorage@https://registry.npmjs.org/unstorage/-/unstorage-1.17.5.tgz. Extracting by manifest.
7151 silly tarball no local data for mlly@https://registry.npmjs.org/mlly/-/mlly-1.8.2.tgz. Extracting by manifest.
7152 silly tarball no local data for @antfu/utils@https://registry.npmjs.org/@antfu/utils/-/utils-8.1.1.tgz. Extracting by manifest.
7153 silly tarball no local data for unplugin@https://registry.npmjs.org/unplugin/-/unplugin-2.3.11.tgz. Extracting by manifest.
7154 silly tarball no local data for ufo@https://registry.npmjs.org/ufo/-/ufo-1.6.4.tgz. Extracting by manifest.
7155 silly tarball no local data for unifont@https://registry.npmjs.org/unifont/-/unifont-0.4.1.tgz. Extracting by manifest.
7156 silly tarball no local data for tinyglobby@https://registry.npmjs.org/tinyglobby/-/tinyglobby-0.2.16.tgz. Extracting by manifest.
7157 silly tarball no local data for pathe@https://registry.npmjs.org/pathe/-/pathe-2.0.3.tgz. Extracting by manifest.
7158 silly tarball no local data for unctx@https://registry.npmjs.org/unctx/-/unctx-2.5.0.tgz. Extracting by manifest.
7159 silly tarball no local data for ohash@https://registry.npmjs.org/ohash/-/ohash-2.0.11.tgz. Extracting by manifest.
7160 silly tarball no local data for sirv@https://registry.npmjs.org/sirv/-/sirv-3.0.2.tgz. Extracting by manifest.
7161 silly tarball no local data for node-fetch-native@https://registry.npmjs.org/node-fetch-native/-/node-fetch-native-1.6.7.tgz. Extracting by manifest.
7162 silly tarball no local data for magic-regexp@https://registry.npmjs.org/magic-regexp/-/magic-regexp-0.10.0.tgz. Extracting by manifest.
7163 silly tarball no local data for jiti@https://registry.npmjs.org/jiti/-/jiti-2.7.0.tgz. Extracting by manifest.
7164 silly tarball no local data for h3@https://registry.npmjs.org/h3/-/h3-1.15.11.tgz. Extracting by manifest.
7165 silly tarball no local data for fontaine@https://registry.npmjs.org/fontaine/-/fontaine-0.6.0.tgz. Extracting by manifest.
7166 silly tarball no local data for defu@https://registry.npmjs.org/defu/-/defu-6.1.7.tgz. Extracting by manifest.
7167 silly tarball no local data for esbuild@https://registry.npmjs.org/esbuild/-/esbuild-0.25.12.tgz. Extracting by manifest.
7168 silly tarball no local data for css-tree@https://registry.npmjs.org/css-tree/-/css-tree-3.2.1.tgz. Extracting by manifest.
7169 silly tarball no local data for consola@https://registry.npmjs.org/consola/-/consola-3.4.2.tgz. Extracting by manifest.
7170 silly tarball no local data for @nuxt/kit@https://registry.npmjs.org/@nuxt/kit/-/kit-3.21.4.tgz. Extracting by manifest.
7171 silly tarball no local data for @nuxt/devtools-kit@https://registry.npmjs.org/@nuxt/devtools-kit/-/devtools-kit-2.7.0.tgz. Extracting by manifest.
7172 silly tarball no local data for vue-tsc@https://registry.npmjs.org/vue-tsc/-/vue-tsc-2.2.12.tgz. Extracting by manifest.
7173 silly tarball no local data for vue-router@https://registry.npmjs.org/vue-router/-/vue-router-4.6.4.tgz. Extracting by manifest.
7174 silly tarball no local data for typescript@https://registry.npmjs.org/typescript/-/typescript-5.9.3.tgz. Extracting by manifest.
7175 silly tarball no local data for tailwindcss@https://registry.npmjs.org/tailwindcss/-/tailwindcss-3.4.19.tgz. Extracting by manifest.
7176 silly tarball no local data for nuxt@https://registry.npmjs.org/nuxt/-/nuxt-3.21.4.tgz. Extracting by manifest.
7177 silly tarball no local data for @nuxt/icon@https://registry.npmjs.org/@nuxt/icon/-/icon-1.15.0.tgz. Extracting by manifest.
7178 silly tarball no local data for @nuxtjs/tailwindcss@https://registry.npmjs.org/@nuxtjs/tailwindcss/-/tailwindcss-6.14.0.tgz. Extracting by manifest.
7179 silly tarball no local data for vue@https://registry.npmjs.org/vue/-/vue-3.5.34.tgz. Extracting by manifest.
7180 silly tarball no local data for @nuxt/fonts@https://registry.npmjs.org/@nuxt/fonts/-/fonts-0.11.4.tgz. Extracting by manifest.
7181 silly tarball no local data for emoji-regex@https://registry.npmjs.org/emoji-regex/-/emoji-regex-8.0.0.tgz. Extracting by manifest.
7182 silly tarball no local data for strip-ansi@https://registry.npmjs.org/strip-ansi/-/strip-ansi-6.0.1.tgz. Extracting by manifest.
7183 silly tarball no local data for ansi-regex@https://registry.npmjs.org/ansi-regex/-/ansi-regex-5.0.1.tgz. Extracting by manifest.
7184 silly tarball no local data for ansi-regex@https://registry.npmjs.org/ansi-regex/-/ansi-regex-5.0.1.tgz. Extracting by manifest.
7185 silly tarball no local data for ansi-regex@https://registry.npmjs.org/ansi-regex/-/ansi-regex-5.0.1.tgz. Extracting by manifest.
7186 silly tarball no local data for emoji-regex@https://registry.npmjs.org/emoji-regex/-/emoji-regex-8.0.0.tgz. Extracting by manifest.
7187 silly tarball no local data for ansi-styles@https://registry.npmjs.org/ansi-styles/-/ansi-styles-6.2.3.tgz. Extracting by manifest.
7188 silly tarball no local data for strip-ansi@https://registry.npmjs.org/strip-ansi/-/strip-ansi-6.0.1.tgz. Extracting by manifest.
7189 silly tarball no local data for string-width@https://registry.npmjs.org/string-width/-/string-width-4.2.3.tgz. Extracting by manifest.
7190 silly tarball no local data for emoji-regex@https://registry.npmjs.org/emoji-regex/-/emoji-regex-9.2.2.tgz. Extracting by manifest.
7191 silly tarball no local data for is-stream@https://registry.npmjs.org/is-stream/-/is-stream-2.0.1.tgz. Extracting by manifest.
7192 silly tarball no local data for wrap-ansi@https://registry.npmjs.org/wrap-ansi/-/wrap-ansi-8.1.0.tgz. Extracting by manifest.
7193 silly tarball no local data for ansi-styles@https://registry.npmjs.org/ansi-styles/-/ansi-styles-6.2.3.tgz. Extracting by manifest.
7194 silly tarball no local data for string-width@https://registry.npmjs.org/string-width/-/string-width-5.1.2.tgz. Extracting by manifest.
7195 silly tarball no local data for magic-string@https://registry.npmjs.org/magic-string/-/magic-string-0.30.21.tgz. Extracting by manifest.
7196 silly tarball no local data for supports-color@https://registry.npmjs.org/supports-color/-/supports-color-10.2.2.tgz. Extracting by manifest.
7197 silly tarball no local data for birpc@https://registry.npmjs.org/birpc/-/birpc-2.9.0.tgz. Extracting by manifest.
7198 silly tarball no local data for picomatch@https://registry.npmjs.org/picomatch/-/picomatch-2.3.2.tgz. Extracting by manifest.
7199 silly tarball no local data for signal-exit@https://registry.npmjs.org/signal-exit/-/signal-exit-3.0.7.tgz. Extracting by manifest.
7200 silly tarball no local data for js-tokens@https://registry.npmjs.org/js-tokens/-/js-tokens-9.0.1.tgz. Extracting by manifest.
7201 silly tarball no local data for @volar/language-core@https://registry.npmjs.org/@volar/language-core/-/language-core-2.4.15.tgz. Extracting by manifest.
7202 silly tarball no local data for @volar/source-map@https://registry.npmjs.org/@volar/source-map/-/source-map-2.4.15.tgz. Extracting by manifest.
7203 silly tarball no local data for source-map@https://registry.npmjs.org/source-map/-/source-map-0.6.1.tgz. Extracting by manifest.
7204 silly tarball no local data for postcss-selector-parser@https://registry.npmjs.org/postcss-selector-parser/-/postcss-selector-parser-6.1.2.tgz. Extracting by manifest.
7205 silly tarball no local data for commander@https://registry.npmjs.org/commander/-/commander-4.1.1.tgz. Extracting by manifest.
7206 silly tarball no local data for setprototypeof@https://registry.npmjs.org/setprototypeof/-/setprototypeof-1.1.0.tgz. Extracting by manifest.
7207 silly tarball no local data for statuses@https://registry.npmjs.org/statuses/-/statuses-1.5.0.tgz. Extracting by manifest.
7208 silly tarball no local data for inherits@https://registry.npmjs.org/inherits/-/inherits-2.0.3.tgz. Extracting by manifest.
7209 silly tarball no local data for http-errors@https://registry.npmjs.org/http-errors/-/http-errors-1.6.3.tgz. Extracting by manifest.
7210 silly tarball no local data for statuses@https://registry.npmjs.org/statuses/-/statuses-1.5.0.tgz. Extracting by manifest.
7211 silly tarball no local data for depd@https://registry.npmjs.org/depd/-/depd-1.1.2.tgz. Extracting by manifest.
7212 silly tarball no local data for mime-db@https://registry.npmjs.org/mime-db/-/mime-db-1.52.0.tgz. Extracting by manifest.
7213 silly tarball no local data for mime-types@https://registry.npmjs.org/mime-types/-/mime-types-2.1.35.tgz. Extracting by manifest.
7214 silly tarball no local data for statuses@https://registry.npmjs.org/statuses/-/statuses-1.5.0.tgz. Extracting by manifest.
7215 silly tarball no local data for depd@https://registry.npmjs.org/depd/-/depd-1.1.2.tgz. Extracting by manifest.
7216 silly tarball no local data for http-errors@https://registry.npmjs.org/http-errors/-/http-errors-1.8.1.tgz. Extracting by manifest.
7217 silly tarball no local data for http-errors@https://registry.npmjs.org/http-errors/-/http-errors-1.8.1.tgz. Extracting by manifest.
7218 silly tarball no local data for mime-db@https://registry.npmjs.org/mime-db/-/mime-db-1.52.0.tgz. Extracting by manifest.
7219 silly tarball no local data for mime-types@https://registry.npmjs.org/mime-types/-/mime-types-2.1.35.tgz. Extracting by manifest.
7220 silly tarball no local data for mime-types@https://registry.npmjs.org/mime-types/-/mime-types-2.1.35.tgz. Extracting by manifest.
7221 silly tarball no local data for emoji-regex@https://registry.npmjs.org/emoji-regex/-/emoji-regex-8.0.0.tgz. Extracting by manifest.
7222 silly tarball no local data for mime-db@https://registry.npmjs.org/mime-db/-/mime-db-1.52.0.tgz. Extracting by manifest.
7223 silly tarball no local data for ansi-regex@https://registry.npmjs.org/ansi-regex/-/ansi-regex-5.0.1.tgz. Extracting by manifest.
7224 silly tarball no local data for wrap-ansi@https://registry.npmjs.org/wrap-ansi/-/wrap-ansi-7.0.0.tgz. Extracting by manifest.
7225 silly tarball no local data for strip-ansi@https://registry.npmjs.org/strip-ansi/-/strip-ansi-6.0.1.tgz. Extracting by manifest.
7226 silly tarball no local data for yargs-parser@https://registry.npmjs.org/yargs-parser/-/yargs-parser-21.1.1.tgz. Extracting by manifest.
7227 silly tarball no local data for string-width@https://registry.npmjs.org/string-width/-/string-width-4.2.3.tgz. Extracting by manifest.
7228 silly tarball no local data for balanced-match@https://registry.npmjs.org/balanced-match/-/balanced-match-1.0.2.tgz. Extracting by manifest.
7229 silly tarball no local data for cliui@https://registry.npmjs.org/cliui/-/cliui-8.0.1.tgz. Extracting by manifest.
7230 silly tarball no local data for brace-expansion@https://registry.npmjs.org/brace-expansion/-/brace-expansion-1.1.14.tgz. Extracting by manifest.
7231 silly tarball no local data for minimatch@https://registry.npmjs.org/minimatch/-/minimatch-3.1.5.tgz. Extracting by manifest.
7232 silly tarball no local data for yargs@https://registry.npmjs.org/yargs/-/yargs-17.7.2.tgz. Extracting by manifest.
7233 silly tarball no local data for glob@https://registry.npmjs.org/glob/-/glob-7.2.3.tgz. Extracting by manifest.
7234 silly tarball no local data for debug@https://registry.npmjs.org/debug/-/debug-3.2.7.tgz. Extracting by manifest.
7235 silly tarball no local data for http-errors@https://registry.npmjs.org/http-errors/-/http-errors-1.8.1.tgz. Extracting by manifest.
7236 silly tarball no local data for statuses@https://registry.npmjs.org/statuses/-/statuses-1.5.0.tgz. Extracting by manifest.
7237 silly tarball no local data for fresh@https://registry.npmjs.org/fresh/-/fresh-0.5.2.tgz. Extracting by manifest.
7238 silly tarball no local data for entities@https://registry.npmjs.org/entities/-/entities-4.5.0.tgz. Extracting by manifest.
7239 silly tarball no local data for depd@https://registry.npmjs.org/depd/-/depd-1.1.2.tgz. Extracting by manifest.
7240 silly tarball no local data for encodeurl@https://registry.npmjs.org/encodeurl/-/encodeurl-1.0.2.tgz. Extracting by manifest.
7241 silly tarball no local data for mdn-data@https://registry.npmjs.org/mdn-data/-/mdn-data-2.0.28.tgz. Extracting by manifest.
7242 silly tarball no local data for css-tree@https://registry.npmjs.org/css-tree/-/css-tree-2.2.1.tgz. Extracting by manifest.
7243 silly tarball no local data for picomatch@https://registry.npmjs.org/picomatch/-/picomatch-2.3.2.tgz. Extracting by manifest.
7244 silly tarball no local data for string_decoder@https://registry.npmjs.org/string_decoder/-/string_decoder-1.1.1.tgz. Extracting by manifest.
7245 silly tarball no local data for lru-cache@https://registry.npmjs.org/lru-cache/-/lru-cache-11.3.6.tgz. Extracting by manifest.
7246 silly tarball no local data for safe-buffer@https://registry.npmjs.org/safe-buffer/-/safe-buffer-5.1.2.tgz. Extracting by manifest.
7247 silly tarball no local data for balanced-match@https://registry.npmjs.org/balanced-match/-/balanced-match-1.0.2.tgz. Extracting by manifest.
7248 silly tarball no local data for readable-stream@https://registry.npmjs.org/readable-stream/-/readable-stream-2.3.8.tgz. Extracting by manifest.
7249 silly tarball no local data for brace-expansion@https://registry.npmjs.org/brace-expansion/-/brace-expansion-2.1.0.tgz. Extracting by manifest.
7250 silly tarball no local data for depd@https://registry.npmjs.org/depd/-/depd-1.1.2.tgz. Extracting by manifest.
7251 silly tarball no local data for minimatch@https://registry.npmjs.org/minimatch/-/minimatch-5.1.9.tgz. Extracting by manifest.
7252 silly tarball no local data for balanced-match@https://registry.npmjs.org/balanced-match/-/balanced-match-1.0.2.tgz. Extracting by manifest.
7253 silly tarball no local data for path-scurry@https://registry.npmjs.org/path-scurry/-/path-scurry-1.11.1.tgz. Extracting by manifest.
7254 silly tarball no local data for minimatch@https://registry.npmjs.org/minimatch/-/minimatch-9.0.9.tgz. Extracting by manifest.
7255 silly tarball no local data for is-stream@https://registry.npmjs.org/is-stream/-/is-stream-2.0.1.tgz. Extracting by manifest.
7256 silly tarball no local data for lru-cache@https://registry.npmjs.org/lru-cache/-/lru-cache-10.4.3.tgz. Extracting by manifest.
7257 silly tarball no local data for glob@https://registry.npmjs.org/glob/-/glob-10.5.0.tgz. Extracting by manifest.
7258 silly tarball no local data for yallist@https://registry.npmjs.org/yallist/-/yallist-5.0.0.tgz. Extracting by manifest.
7259 silly tarball no local data for commander@https://registry.npmjs.org/commander/-/commander-2.20.3.tgz. Extracting by manifest.
7260 silly tarball no local data for estree-walker@https://registry.npmjs.org/estree-walker/-/estree-walker-2.0.2.tgz. Extracting by manifest.
7261 silly tarball no local data for estree-walker@https://registry.npmjs.org/estree-walker/-/estree-walker-2.0.2.tgz. Extracting by manifest.
7262 silly tarball no local data for @types/estree@https://registry.npmjs.org/@types/estree/-/estree-1.0.8.tgz. Extracting by manifest.
7263 silly tarball no local data for estree-walker@https://registry.npmjs.org/estree-walker/-/estree-walker-2.0.2.tgz. Extracting by manifest.
7264 silly tarball no local data for citty@https://registry.npmjs.org/citty/-/citty-0.1.6.tgz. Extracting by manifest.
7265 silly tarball no local data for estree-walker@https://registry.npmjs.org/estree-walker/-/estree-walker-2.0.2.tgz. Extracting by manifest.
7266 silly tarball no local data for semver@https://registry.npmjs.org/semver/-/semver-6.3.1.tgz. Extracting by manifest.
7267 silly tarball no local data for semver@https://registry.npmjs.org/semver/-/semver-6.3.1.tgz. Extracting by manifest.
7268 silly tarball no local data for pathe@https://registry.npmjs.org/pathe/-/pathe-1.1.2.tgz. Extracting by manifest.
7269 silly tarball no local data for semver@https://registry.npmjs.org/semver/-/semver-6.3.1.tgz. Extracting by manifest.
7270 silly tarball no local data for hookable@https://registry.npmjs.org/hookable/-/hookable-6.1.1.tgz. Extracting by manifest.
7271 silly tarball no local data for estree-walker@https://registry.npmjs.org/estree-walker/-/estree-walker-2.0.2.tgz. Extracting by manifest.
7272 silly tarball no local data for unicorn-magic@https://registry.npmjs.org/unicorn-magic/-/unicorn-magic-0.3.0.tgz. Extracting by manifest.
7273 silly tarball no local data for path-key@https://registry.npmjs.org/path-key/-/path-key-4.0.0.tgz. Extracting by manifest.
7274 silly tarball no local data for readdirp@https://registry.npmjs.org/readdirp/-/readdirp-4.1.2.tgz. Extracting by manifest.
7275 silly tarball no local data for npm-run-path@https://registry.npmjs.org/npm-run-path/-/npm-run-path-6.0.0.tgz. Extracting by manifest.
7276 silly tarball no local data for chokidar@https://registry.npmjs.org/chokidar/-/chokidar-4.0.3.tgz. Extracting by manifest.
7277 silly tarball no local data for pathe@https://registry.npmjs.org/pathe/-/pathe-1.1.2.tgz. Extracting by manifest.
7278 silly tarball no local data for std-env@https://registry.npmjs.org/std-env/-/std-env-4.1.0.tgz. Extracting by manifest.
7279 silly tarball no local data for @esbuild/darwin-arm64@https://registry.npmjs.org/@esbuild/darwin-arm64/-/darwin-arm64-0.28.0.tgz. Extracting by manifest.
7280 silly tarball no local data for cookie-es@https://registry.npmjs.org/cookie-es/-/cookie-es-2.0.1.tgz. Extracting by manifest.
7281 silly tarball no local data for @esbuild/darwin-arm64@https://registry.npmjs.org/@esbuild/darwin-arm64/-/darwin-arm64-0.27.7.tgz. Extracting by manifest.
7282 silly tarball no local data for esbuild@https://registry.npmjs.org/esbuild/-/esbuild-0.27.7.tgz. Extracting by manifest.
7283 silly tarball no local data for esbuild@https://registry.npmjs.org/esbuild/-/esbuild-0.28.0.tgz. Extracting by manifest.
7284 silly tarball no local data for wsl-utils@https://registry.npmjs.org/wsl-utils/-/wsl-utils-0.1.0.tgz. Extracting by manifest.
7285 silly tarball no local data for open@https://registry.npmjs.org/open/-/open-10.2.0.tgz. Extracting by manifest.
7286 silly tarball no local data for birpc@https://registry.npmjs.org/birpc/-/birpc-2.9.0.tgz. Extracting by manifest.
7287 silly tarball no local data for cookie-es@https://registry.npmjs.org/cookie-es/-/cookie-es-3.1.1.tgz. Extracting by manifest.
7288 silly tarball no local data for std-env@https://registry.npmjs.org/std-env/-/std-env-4.1.0.tgz. Extracting by manifest.
7289 silly tarball no local data for std-env@https://registry.npmjs.org/std-env/-/std-env-4.1.0.tgz. Extracting by manifest.
7290 silly tarball no local data for estree-walker@https://registry.npmjs.org/estree-walker/-/estree-walker-2.0.2.tgz. Extracting by manifest.
7291 silly tarball no local data for unplugin@https://registry.npmjs.org/unplugin/-/unplugin-3.0.0.tgz. Extracting by manifest.
7292 silly tarball no local data for unplugin@https://registry.npmjs.org/unplugin/-/unplugin-3.0.0.tgz. Extracting by manifest.
7293 silly tarball no local data for hookable@https://registry.npmjs.org/hookable/-/hookable-6.1.1.tgz. Extracting by manifest.
7294 silly tarball no local data for std-env@https://registry.npmjs.org/std-env/-/std-env-4.1.0.tgz. Extracting by manifest.
7295 silly tarball no local data for std-env@https://registry.npmjs.org/std-env/-/std-env-4.1.0.tgz. Extracting by manifest.
7296 silly tarball no local data for ofetch@https://registry.npmjs.org/ofetch/-/ofetch-2.0.0-alpha.3.tgz. Extracting by manifest.
7297 silly tarball no local data for std-env@https://registry.npmjs.org/std-env/-/std-env-4.1.0.tgz. Extracting by manifest.
7298 silly tarball no local data for which@https://registry.npmjs.org/which/-/which-6.0.1.tgz. Extracting by manifest.
7299 silly tarball no local data for isexe@https://registry.npmjs.org/isexe/-/isexe-4.0.0.tgz. Extracting by manifest.
7300 silly tarball no local data for hookable@https://registry.npmjs.org/hookable/-/hookable-6.1.1.tgz. Extracting by manifest.
7301 silly tarball no local data for @nuxt/kit@https://registry.npmjs.org/@nuxt/kit/-/kit-4.4.4.tgz. Extracting by manifest.
7302 silly tarball no local data for @nuxt/kit@https://registry.npmjs.org/@nuxt/kit/-/kit-4.4.4.tgz. Extracting by manifest.
7303 silly tarball no local data for std-env@https://registry.npmjs.org/std-env/-/std-env-4.1.0.tgz. Extracting by manifest.
7304 silly tarball no local data for @nuxt/devtools-kit@https://registry.npmjs.org/@nuxt/devtools-kit/-/devtools-kit-3.2.4.tgz. Extracting by manifest.
7305 silly tarball no local data for path-key@https://registry.npmjs.org/path-key/-/path-key-4.0.0.tgz. Extracting by manifest.
7306 silly tarball no local data for brace-expansion@https://registry.npmjs.org/brace-expansion/-/brace-expansion-2.1.0.tgz. Extracting by manifest.
7307 silly tarball no local data for is-wsl@https://registry.npmjs.org/is-wsl/-/is-wsl-2.2.0.tgz. Extracting by manifest.
7308 silly tarball no local data for is-docker@https://registry.npmjs.org/is-docker/-/is-docker-2.2.1.tgz. Extracting by manifest.
7309 silly tarball no local data for open@https://registry.npmjs.org/open/-/open-7.4.2.tgz. Extracting by manifest.
7310 silly tarball no local data for confbox@https://registry.npmjs.org/confbox/-/confbox-0.1.8.tgz. Extracting by manifest.
7311 silly tarball no local data for citty@https://registry.npmjs.org/citty/-/citty-0.1.6.tgz. Extracting by manifest.
7312 silly tarball no local data for pkg-types@https://registry.npmjs.org/pkg-types/-/pkg-types-1.3.1.tgz. Extracting by manifest.
7313 silly tarball no local data for balanced-match@https://registry.npmjs.org/balanced-match/-/balanced-match-1.0.2.tgz. Extracting by manifest.
7314 silly tarball no local data for brace-expansion@https://registry.npmjs.org/brace-expansion/-/brace-expansion-2.1.0.tgz. Extracting by manifest.
7315 silly tarball no local data for @volar/source-map@https://registry.npmjs.org/@volar/source-map/-/source-map-2.4.15.tgz. Extracting by manifest.
7316 silly tarball no local data for alien-signals@https://registry.npmjs.org/alien-signals/-/alien-signals-1.0.13.tgz. Extracting by manifest.
7317 silly tarball no local data for @volar/language-core@https://registry.npmjs.org/@volar/language-core/-/language-core-2.4.15.tgz. Extracting by manifest.
7318 silly tarball no local data for @vue/language-core@https://registry.npmjs.org/@vue/language-core/-/language-core-2.2.12.tgz. Extracting by manifest.
7319 silly tarball no local data for minimatch@https://registry.npmjs.org/minimatch/-/minimatch-9.0.9.tgz. Extracting by manifest.
7320 silly tarball no local data for picomatch@https://registry.npmjs.org/picomatch/-/picomatch-2.3.2.tgz. Extracting by manifest.
7321 silly tarball no local data for readdirp@https://registry.npmjs.org/readdirp/-/readdirp-3.6.0.tgz. Extracting by manifest.
7322 silly tarball no local data for postcss-selector-parser@https://registry.npmjs.org/postcss-selector-parser/-/postcss-selector-parser-6.1.2.tgz. Extracting by manifest.
7323 silly tarball no local data for jiti@https://registry.npmjs.org/jiti/-/jiti-1.21.7.tgz. Extracting by manifest.
7324 silly tarball no local data for glob-parent@https://registry.npmjs.org/glob-parent/-/glob-parent-6.0.2.tgz. Extracting by manifest.
7325 silly tarball no local data for chokidar@https://registry.npmjs.org/chokidar/-/chokidar-3.6.0.tgz. Extracting by manifest.
7326 silly tarball no local data for glob-parent@https://registry.npmjs.org/glob-parent/-/glob-parent-5.1.2.tgz. Extracting by manifest.
7327 silly tarball no local data for @nuxt/schema@https://registry.npmjs.org/@nuxt/schema/-/schema-3.21.4.tgz. Extracting by manifest.
7328 silly tarball no local data for cookie-es@https://registry.npmjs.org/cookie-es/-/cookie-es-2.0.1.tgz. Extracting by manifest.
7329 silly tarball no local data for commander@https://registry.npmjs.org/commander/-/commander-6.2.1.tgz. Extracting by manifest.
7330 silly tarball no local data for unplugin@https://registry.npmjs.org/unplugin/-/unplugin-3.0.0.tgz. Extracting by manifest.
7331 silly tarball no local data for std-env@https://registry.npmjs.org/std-env/-/std-env-4.1.0.tgz. Extracting by manifest.
7332 silly tarball no local data for lru-cache@https://registry.npmjs.org/lru-cache/-/lru-cache-11.3.6.tgz. Extracting by manifest.
7333 http fetch POST 200 https://registry.npmjs.org/-/npm/v1/security/advisories/bulk 315ms
7334 silly audit report {}
7335 http fetch GET 200 https://registry.npmjs.org/de-indent/-/de-indent-1.0.2.tgz 232ms (cache miss)
7336 http fetch GET 200 https://registry.npmjs.org/require-directory/-/require-directory-2.1.1.tgz 231ms (cache miss)
7337 http fetch GET 200 https://registry.npmjs.org/binary-extensions/-/binary-extensions-2.3.0.tgz 232ms (cache miss)
7338 http fetch GET 200 https://registry.npmjs.org/is-binary-path/-/is-binary-path-2.1.0.tgz 232ms (cache miss)
7339 http fetch GET 200 https://registry.npmjs.org/he/-/he-1.2.0.tgz 233ms (cache miss)
7340 http fetch GET 200 https://registry.npmjs.org/@vue/compiler-vue2/-/compiler-vue2-2.7.16.tgz 236ms (cache miss)
7341 http fetch GET 200 https://registry.npmjs.org/wrap-ansi/-/wrap-ansi-7.0.0.tgz 265ms (cache miss)
7342 http fetch GET 200 https://registry.npmjs.org/strip-ansi/-/strip-ansi-6.0.1.tgz 264ms (cache miss)
7343 http fetch GET 200 https://registry.npmjs.org/is-fullwidth-code-point/-/is-fullwidth-code-point-3.0.0.tgz 265ms (cache miss)
7344 http fetch GET 200 https://registry.npmjs.org/eastasianwidth/-/eastasianwidth-0.2.0.tgz 265ms (cache miss)
7345 http fetch GET 200 https://registry.npmjs.org/package-json-from-dist/-/package-json-from-dist-1.0.1.tgz 266ms (cache miss)
7346 http fetch GET 200 https://registry.npmjs.org/string-width/-/string-width-4.2.3.tgz 266ms (cache miss)
7347 http fetch GET 200 https://registry.npmjs.org/@pkgjs/parseargs/-/parseargs-0.11.0.tgz 281ms (cache miss)
7348 http fetch GET 200 https://registry.npmjs.org/foreground-child/-/foreground-child-3.3.1.tgz 302ms (cache miss)
7349 http fetch GET 200 https://registry.npmjs.org/crc32-stream/-/crc32-stream-6.0.0.tgz 302ms (cache miss)
7350 http fetch GET 200 https://registry.npmjs.org/crc-32/-/crc-32-1.2.2.tgz 302ms (cache miss)
7351 http fetch GET 200 https://registry.npmjs.org/compress-commons/-/compress-commons-6.0.2.tgz 303ms (cache miss)
7352 http fetch GET 200 https://registry.npmjs.org/jackspeak/-/jackspeak-3.4.3.tgz 305ms (cache miss)
7353 http fetch GET 200 https://registry.npmjs.org/kleur/-/kleur-4.1.5.tgz 361ms (cache miss)
7354 http fetch GET 200 https://registry.npmjs.org/inflight/-/inflight-1.0.6.tgz 362ms (cache miss)
7355 warn deprecated inflight@1.0.6: This module is not supported, and leaks memory. Do not use it. Check out lru-cache if you want a good and tested way to coalesce async requests by a key value, which is much more comprehensive and powerful.
7356 http fetch GET 200 https://registry.npmjs.org/core-util-is/-/core-util-is-1.0.3.tgz 363ms (cache miss)
7357 http fetch GET 200 https://registry.npmjs.org/wrappy/-/wrappy-1.0.2.tgz 363ms (cache miss)
7358 http fetch GET 200 https://registry.npmjs.org/process-nextick-args/-/process-nextick-args-2.0.1.tgz 363ms (cache miss)
7359 http fetch GET 200 https://registry.npmjs.org/once/-/once-1.4.0.tgz 363ms (cache miss)
7360 http fetch GET 200 https://registry.npmjs.org/@isaacs/cliui/-/cliui-8.0.2.tgz 361ms (cache miss)
7361 http fetch GET 200 https://registry.npmjs.org/concat-map/-/concat-map-0.0.1.tgz 363ms (cache miss)
7362 http fetch GET 200 https://registry.npmjs.org/isarray/-/isarray-1.0.0.tgz 364ms (cache miss)
7363 http fetch GET 200 https://registry.npmjs.org/@sindresorhus/is/-/is-7.2.0.tgz 363ms (cache miss)
7364 http fetch GET 200 https://registry.npmjs.org/ansi-regex/-/ansi-regex-6.2.2.tgz 362ms (cache miss)
7365 http fetch GET 200 https://registry.npmjs.org/emoji-regex/-/emoji-regex-10.6.0.tgz 381ms (cache miss)
7366 http fetch GET 200 https://registry.npmjs.org/y18n/-/y18n-5.0.8.tgz 381ms (cache miss)
7367 http fetch GET 200 https://registry.npmjs.org/strip-ansi/-/strip-ansi-7.2.0.tgz 382ms (cache miss)
7368 http fetch GET 200 https://registry.npmjs.org/get-east-asian-width/-/get-east-asian-width-1.6.0.tgz 383ms (cache miss)
7369 http fetch GET 200 https://registry.npmjs.org/@speed-highlight/core/-/core-1.2.15.tgz 396ms (cache miss)
7370 http fetch GET 200 https://registry.npmjs.org/get-caller-file/-/get-caller-file-2.0.5.tgz 397ms (cache miss)
7371 http fetch GET 200 https://registry.npmjs.org/isexe/-/isexe-2.0.0.tgz 396ms (cache miss)
7372 http fetch GET 200 https://registry.npmjs.org/string-width/-/string-width-7.2.0.tgz 397ms (cache miss)
7373 http fetch GET 200 https://registry.npmjs.org/wrap-ansi/-/wrap-ansi-9.0.2.tgz 398ms (cache miss)
7374 http fetch GET 200 https://registry.npmjs.org/is-wsl/-/is-wsl-3.1.1.tgz 397ms (cache miss)
7375 http fetch GET 200 https://registry.npmjs.org/fs.realpath/-/fs.realpath-1.0.0.tgz 400ms (cache miss)
7376 http fetch GET 200 https://registry.npmjs.org/cliui/-/cliui-9.0.1.tgz 400ms (cache miss)
7377 http fetch GET 200 https://registry.npmjs.org/yargs-parser/-/yargs-parser-22.0.0.tgz 400ms (cache miss)
7378 http fetch GET 200 https://registry.npmjs.org/webidl-conversions/-/webidl-conversions-3.0.1.tgz 416ms (cache miss)
7379 http fetch GET 200 https://registry.npmjs.org/tr46/-/tr46-0.0.3.tgz 422ms (cache miss)
7380 http fetch GET 200 https://registry.npmjs.org/vite-hot-client/-/vite-hot-client-2.2.0.tgz 430ms (cache miss)
7381 http fetch GET 200 https://registry.npmjs.org/retry/-/retry-0.12.0.tgz 431ms (cache miss)
7382 http fetch GET 200 https://registry.npmjs.org/@vue/reactivity/-/reactivity-3.5.34.tgz 438ms (cache miss)
7383 http fetch GET 200 https://registry.npmjs.org/ansis/-/ansis-4.2.0.tgz 443ms (cache miss)
7384 http fetch GET 200 https://registry.npmjs.org/vite-dev-rpc/-/vite-dev-rpc-1.1.0.tgz 444ms (cache miss)
7385 http fetch GET 200 https://registry.npmjs.org/csstype/-/csstype-3.2.3.tgz 448ms (cache miss)
7386 http fetch GET 200 https://registry.npmjs.org/@vue/runtime-dom/-/runtime-dom-3.5.34.tgz 449ms (cache miss)
7387 http fetch GET 200 https://registry.npmjs.org/@vue/server-renderer/-/server-renderer-3.5.34.tgz 456ms (cache miss)
7388 http fetch GET 200 https://registry.npmjs.org/proper-lockfile/-/proper-lockfile-4.1.2.tgz 460ms (cache miss)
7389 http fetch GET 200 https://registry.npmjs.org/vscode-uri/-/vscode-uri-3.1.0.tgz 462ms (cache miss)
7390 http fetch GET 200 https://registry.npmjs.org/obug/-/obug-2.1.1.tgz 467ms (cache miss)
7391 http fetch GET 200 https://registry.npmjs.org/cac/-/cac-6.7.14.tgz 474ms (cache miss)
7392 http fetch GET 200 https://registry.npmjs.org/@vue/devtools-api/-/devtools-api-6.6.4.tgz 481ms (cache miss)
7393 http fetch GET 200 https://registry.npmjs.org/escalade/-/escalade-3.2.0.tgz 486ms (cache miss)
7394 http fetch GET 200 https://registry.npmjs.org/tiny-invariant/-/tiny-invariant-1.3.3.tgz 486ms (cache miss)
7395 http fetch GET 200 https://registry.npmjs.org/anymatch/-/anymatch-3.1.3.tgz 487ms (cache miss)
7396 http fetch GET 200 https://registry.npmjs.org/@vue/runtime-core/-/runtime-core-3.5.34.tgz 492ms (cache miss)
7397 http fetch GET 200 https://registry.npmjs.org/path-browserify/-/path-browserify-1.0.1.tgz 494ms (cache miss)
7398 http fetch GET 200 https://registry.npmjs.org/alien-signals/-/alien-signals-3.1.2.tgz 496ms (cache miss)
7399 http fetch GET 200 https://registry.npmjs.org/@poppinss/exception/-/exception-1.2.3.tgz 504ms (cache miss)
7400 http fetch GET 200 https://registry.npmjs.org/magic-string-ast/-/magic-string-ast-1.0.3.tgz 502ms (cache miss)
7401 http fetch GET 200 https://registry.npmjs.org/ast-kit/-/ast-kit-2.2.0.tgz 508ms (cache miss)
7402 http fetch GET 200 https://registry.npmjs.org/ast-walker-scope/-/ast-walker-scope-0.8.3.tgz 524ms (cache miss)
7403 http fetch GET 200 https://registry.npmjs.org/muggle-string/-/muggle-string-0.4.1.tgz 529ms (cache miss)
7404 http fetch GET 200 https://registry.npmjs.org/media-typer/-/media-typer-0.3.0.tgz 539ms (cache miss)
7405 http fetch GET 200 https://registry.npmjs.org/strip-literal/-/strip-literal-3.1.0.tgz 542ms (cache miss)
7406 http fetch GET 200 https://registry.npmjs.org/tagged-tag/-/tagged-tag-1.0.0.tgz 546ms (cache miss)
7407 http fetch GET 200 https://registry.npmjs.org/is-number/-/is-number-7.0.0.tgz 546ms (cache miss)
7408 http fetch GET 200 https://registry.npmjs.org/webpack-virtual-modules/-/webpack-virtual-modules-0.6.2.tgz 548ms (cache miss)
7409 http fetch GET 200 https://registry.npmjs.org/@poppinss/colors/-/colors-4.1.6.tgz 554ms (cache miss)
7410 http fetch GET 200 https://registry.npmjs.org/pako/-/pako-0.2.9.tgz 553ms (cache miss)
7411 http fetch GET 200 https://registry.npmjs.org/yaml/-/yaml-2.8.4.tgz 561ms (cache miss)
7412 http fetch GET 200 https://registry.npmjs.org/thenify/-/thenify-3.3.1.tgz 559ms (cache miss)
7413 http fetch GET 200 https://registry.npmjs.org/@poppinss/dumper/-/dumper-0.7.0.tgz 569ms (cache miss)
7414 http fetch GET 200 https://registry.npmjs.org/source-map-support/-/source-map-support-0.5.21.tgz 567ms (cache miss)
7415 http fetch GET 200 https://registry.npmjs.org/text-decoder/-/text-decoder-1.2.7.tgz 572ms (cache miss)
7416 http fetch GET 200 https://registry.npmjs.org/teex/-/teex-1.0.1.tgz 576ms (cache miss)
7417 http fetch GET 200 https://registry.npmjs.org/bare-stream/-/bare-stream-2.13.1.tgz 576ms (cache miss)
7418 http fetch GET 200 https://registry.npmjs.org/events-universal/-/events-universal-1.0.1.tgz 579ms (cache miss)
7419 http fetch GET 200 https://registry.npmjs.org/bare-path/-/bare-path-3.0.0.tgz 581ms (cache miss)
7420 http fetch GET 200 https://registry.npmjs.org/fast-fifo/-/fast-fifo-1.3.2.tgz 629ms (cache miss)
7421 http fetch GET 200 https://registry.npmjs.org/streamx/-/streamx-2.25.0.tgz 630ms (cache miss)
7422 http fetch GET 200 https://registry.npmjs.org/bare-events/-/bare-events-2.8.2.tgz 630ms (cache miss)
7423 http fetch GET 200 https://registry.npmjs.org/@jridgewell/source-map/-/source-map-0.3.11.tgz 631ms (cache miss)
7424 http fetch GET 200 https://registry.npmjs.org/thenify-all/-/thenify-all-1.6.0.tgz 631ms (cache miss)
7425 http fetch GET 200 https://registry.npmjs.org/b4a/-/b4a-1.8.1.tgz 634ms (cache miss)
7426 http fetch GET 200 https://registry.npmjs.org/any-promise/-/any-promise-1.3.0.tgz 636ms (cache miss)
7427 http fetch GET 200 https://registry.npmjs.org/object-assign/-/object-assign-4.1.1.tgz 636ms (cache miss)
7428 http fetch GET 200 https://registry.npmjs.org/chownr/-/chownr-3.0.0.tgz 637ms (cache miss)
7429 http fetch GET 200 https://registry.npmjs.org/minizlib/-/minizlib-3.1.0.tgz 640ms (cache miss)
7430 http fetch GET 200 https://registry.npmjs.org/ts-interface-checker/-/ts-interface-checker-0.1.13.tgz 642ms (cache miss)
7431 http fetch GET 200 https://registry.npmjs.org/pirates/-/pirates-4.0.7.tgz 643ms (cache miss)
7432 http fetch GET 200 https://registry.npmjs.org/lines-and-columns/-/lines-and-columns-1.2.4.tgz 648ms (cache miss)
7433 http fetch GET 200 https://registry.npmjs.org/pify/-/pify-2.3.0.tgz 650ms (cache miss)
7434 http fetch GET 200 https://registry.npmjs.org/bare-os/-/bare-os-3.9.1.tgz 655ms (cache miss)
7435 http fetch GET 200 https://registry.npmjs.org/mz/-/mz-2.7.0.tgz 653ms (cache miss)
7436 http fetch GET 200 https://registry.npmjs.org/@volar/typescript/-/typescript-2.4.15.tgz 661ms (cache miss)
7437 http fetch GET 200 https://registry.npmjs.org/camelcase-css/-/camelcase-css-2.0.1.tgz 655ms (cache miss)
7438 http fetch GET 200 https://registry.npmjs.org/read-cache/-/read-cache-1.0.0.tgz 657ms (cache miss)
7439 http fetch GET 200 https://registry.npmjs.org/@isaacs/fs-minipass/-/fs-minipass-4.0.1.tgz 658ms (cache miss)
7440 http fetch GET 200 https://registry.npmjs.org/bare-url/-/bare-url-2.4.3.tgz 669ms (cache miss)
7441 http fetch GET 200 https://registry.npmjs.org/buffer-from/-/buffer-from-1.1.2.tgz 670ms (cache miss)
7442 http fetch GET 200 https://registry.npmjs.org/bare-fs/-/bare-fs-4.7.1.tgz 673ms (cache miss)
7443 http fetch GET 200 https://registry.npmjs.org/postcss-nested/-/postcss-nested-6.2.0.tgz 671ms (cache miss)
7444 http fetch GET 200 https://registry.npmjs.org/postcss-load-config/-/postcss-load-config-6.0.1.tgz 671ms (cache miss)
7445 http fetch GET 200 https://registry.npmjs.org/object-hash/-/object-hash-3.0.0.tgz 682ms (cache miss)
7446 http fetch GET 200 https://registry.npmjs.org/@volar/source-map/-/source-map-2.4.28.tgz 690ms (cache miss)
7447 http fetch GET 200 https://registry.npmjs.org/postcss-import/-/postcss-import-15.1.0.tgz 683ms (cache miss)
7448 http fetch GET 200 https://registry.npmjs.org/arg/-/arg-5.0.2.tgz 687ms (cache miss)
7449 http fetch GET 200 https://registry.npmjs.org/didyoumean/-/didyoumean-1.2.2.tgz 694ms (cache miss)
7450 http fetch GET 200 https://registry.npmjs.org/dlv/-/dlv-1.1.3.tgz 694ms (cache miss)
7451 http fetch GET 200 https://registry.npmjs.org/has-flag/-/has-flag-4.0.0.tgz 693ms (cache miss)
7452 http fetch GET 200 https://registry.npmjs.org/@alloc/quick-lru/-/quick-lru-5.2.0.tgz 702ms (cache miss)
7453 http fetch GET 200 https://registry.npmjs.org/@volar/language-core/-/language-core-2.4.28.tgz 712ms (cache miss)
7454 http fetch GET 200 https://registry.npmjs.org/is-regex/-/is-regex-1.2.1.tgz 703ms (cache miss)
7455 http fetch GET 200 https://registry.npmjs.org/sucrase/-/sucrase-3.35.1.tgz 712ms (cache miss)
7456 http fetch GET 200 https://registry.npmjs.org/path-is-absolute/-/path-is-absolute-1.0.1.tgz 711ms (cache miss)
7457 http fetch GET 200 https://registry.npmjs.org/color-convert/-/color-convert-2.0.1.tgz 712ms (cache miss)
7458 http fetch GET 200 https://registry.npmjs.org/color-name/-/color-name-1.1.4.tgz 712ms (cache miss)
7459 http fetch GET 200 https://registry.npmjs.org/ansi-styles/-/ansi-styles-4.3.0.tgz 717ms (cache miss)
7460 http fetch GET 200 https://registry.npmjs.org/postcss-js/-/postcss-js-4.1.0.tgz 717ms (cache miss)
7461 http fetch GET 200 https://registry.npmjs.org/supports-color/-/supports-color-7.2.0.tgz 717ms (cache miss)
7462 http fetch GET 200 https://registry.npmjs.org/resolve-path/-/resolve-path-1.4.0.tgz 722ms (cache miss)
7463 http fetch GET 200 https://registry.npmjs.org/koa-send/-/koa-send-5.0.1.tgz 730ms (cache miss)
7464 http fetch GET 200 https://registry.npmjs.org/tsscmp/-/tsscmp-1.0.6.tgz 735ms (cache miss)
7465 http fetch GET 200 https://registry.npmjs.org/co/-/co-4.6.0.tgz 737ms (cache miss)
7466 http fetch GET 200 https://registry.npmjs.org/math-intrinsics/-/math-intrinsics-1.1.0.tgz 738ms (cache miss)
7467 http fetch GET 200 https://registry.npmjs.org/gopd/-/gopd-1.2.0.tgz 739ms (cache miss)
7468 http fetch GET 200 https://registry.npmjs.org/dunder-proto/-/dunder-proto-1.0.1.tgz 740ms (cache miss)
7469 http fetch GET 200 https://registry.npmjs.org/has-symbols/-/has-symbols-1.1.0.tgz 741ms (cache miss)
7470 http fetch GET 200 https://registry.npmjs.org/es-define-property/-/es-define-property-1.0.1.tgz 743ms (cache miss)
7471 http fetch GET 200 https://registry.npmjs.org/chalk/-/chalk-4.1.2.tgz 753ms (cache miss)
7472 http fetch GET 200 https://registry.npmjs.org/es-object-atoms/-/es-object-atoms-1.1.1.tgz 753ms (cache miss)
7473 http fetch GET 200 https://registry.npmjs.org/get-intrinsic/-/get-intrinsic-1.3.0.tgz 754ms (cache miss)
7474 http fetch GET 200 https://registry.npmjs.org/has-tostringtag/-/has-tostringtag-1.0.2.tgz 758ms (cache miss)
7475 http fetch GET 200 https://registry.npmjs.org/call-bind-apply-helpers/-/call-bind-apply-helpers-1.0.2.tgz 759ms (cache miss)
7476 http fetch GET 200 https://registry.npmjs.org/generator-function/-/generator-function-2.0.1.tgz 763ms (cache miss)
7477 http fetch GET 200 https://registry.npmjs.org/safe-regex-test/-/safe-regex-test-1.1.0.tgz 773ms (cache miss)
7478 http fetch GET 200 https://registry.npmjs.org/keygrip/-/keygrip-1.1.0.tgz 774ms (cache miss)
7479 http fetch GET 200 https://registry.npmjs.org/deep-equal/-/deep-equal-1.0.1.tgz 777ms (cache miss)
7480 http fetch GET 200 https://registry.npmjs.org/vary/-/vary-1.1.2.tgz 777ms (cache miss)
7481 http fetch GET 200 https://registry.npmjs.org/call-bound/-/call-bound-1.0.4.tgz 779ms (cache miss)
7482 http fetch GET 200 https://registry.npmjs.org/negotiator/-/negotiator-0.6.3.tgz 779ms (cache miss)
7483 http fetch GET 200 https://registry.npmjs.org/type-is/-/type-is-1.6.18.tgz 780ms (cache miss)
7484 http fetch GET 200 https://registry.npmjs.org/only/-/only-0.0.2.tgz 787ms (cache miss)
7485 http fetch GET 200 https://registry.npmjs.org/koa-convert/-/koa-convert-2.0.0.tgz 788ms (cache miss)
7486 http fetch GET 200 https://registry.npmjs.org/get-proto/-/get-proto-1.0.1.tgz 791ms (cache miss)
7487 http fetch GET 200 https://registry.npmjs.org/@vue/language-core/-/language-core-3.2.8.tgz 804ms (cache miss)
7488 http fetch GET 200 https://registry.npmjs.org/is-generator-function/-/is-generator-function-1.1.2.tgz 793ms (cache miss)
7489 http fetch GET 200 https://registry.npmjs.org/ylru/-/ylru-1.4.0.tgz 800ms (cache miss)
7490 http fetch GET 200 https://registry.npmjs.org/http-assert/-/http-assert-1.5.0.tgz 800ms (cache miss)
7491 http fetch GET 200 https://registry.npmjs.org/content-disposition/-/content-disposition-0.5.4.tgz 808ms (cache miss)
7492 http fetch GET 200 https://registry.npmjs.org/destroy/-/destroy-1.2.0.tgz 809ms (cache miss)
7493 http fetch GET 200 https://registry.npmjs.org/cache-content-type/-/cache-content-type-1.0.1.tgz 807ms (cache miss)
7494 http fetch GET 200 https://registry.npmjs.org/jsonfile/-/jsonfile-6.2.1.tgz 809ms (cache miss)
7495 http fetch GET 200 https://registry.npmjs.org/content-type/-/content-type-1.0.5.tgz 804ms (cache miss)
7496 http fetch GET 200 https://registry.npmjs.org/universalify/-/universalify-2.0.1.tgz 812ms (cache miss)
7497 http fetch GET 200 https://registry.npmjs.org/delegates/-/delegates-1.0.0.tgz 817ms (cache miss)
7498 http fetch GET 200 https://registry.npmjs.org/at-least-node/-/at-least-node-1.0.0.tgz 816ms (cache miss)
7499 http fetch GET 200 https://registry.npmjs.org/path-to-regexp/-/path-to-regexp-6.3.0.tgz 816ms (cache miss)
7500 http fetch GET 200 https://registry.npmjs.org/methods/-/methods-1.1.2.tgz 810ms (cache miss)
7501 http fetch GET 200 https://registry.npmjs.org/replace-in-file/-/replace-in-file-6.3.5.tgz 816ms (cache miss)
7502 http fetch GET 200 https://registry.npmjs.org/portfinder/-/portfinder-1.0.38.tgz 819ms (cache miss)
7503 http fetch GET 200 https://registry.npmjs.org/accepts/-/accepts-1.3.8.tgz 843ms (cache miss)
7504 http fetch GET 200 https://registry.npmjs.org/domelementtype/-/domelementtype-2.3.0.tgz 842ms (cache miss)
7505 http fetch GET 200 https://registry.npmjs.org/dom-serializer/-/dom-serializer-2.0.0.tgz 846ms (cache miss)
7506 http fetch GET 200 https://registry.npmjs.org/koa/-/koa-2.16.4.tgz 847ms (cache miss)
7507 http fetch GET 200 https://registry.npmjs.org/nth-check/-/nth-check-2.1.1.tgz 853ms (cache miss)
7508 http fetch GET 200 https://registry.npmjs.org/boolbase/-/boolbase-1.0.0.tgz 853ms (cache miss)
7509 http fetch GET 200 https://registry.npmjs.org/@vue-macros/common/-/common-3.1.2.tgz 878ms (cache miss)
7510 http fetch GET 200 https://registry.npmjs.org/domhandler/-/domhandler-5.0.3.tgz 858ms (cache miss)
7511 http fetch GET 200 https://registry.npmjs.org/css-what/-/css-what-6.2.2.tgz 862ms (cache miss)
7512 http fetch GET 200 https://registry.npmjs.org/fs-extra/-/fs-extra-9.1.0.tgz 866ms (cache miss)
7513 http fetch GET 200 https://registry.npmjs.org/safe-buffer/-/safe-buffer-5.2.1.tgz 870ms (cache miss)
7514 http fetch GET 200 https://registry.npmjs.org/koa-static/-/koa-static-5.0.0.tgz 874ms (cache miss)
7515 http fetch GET 200 https://registry.npmjs.org/totalist/-/totalist-3.0.1.tgz 876ms (cache miss)
7516 http fetch GET 200 https://registry.npmjs.org/domutils/-/domutils-3.2.2.tgz 878ms (cache miss)
7517 http fetch GET 200 https://registry.npmjs.org/commander/-/commander-11.1.0.tgz 880ms (cache miss)
7518 http fetch GET 200 https://registry.npmjs.org/sax/-/sax-1.6.0.tgz 879ms (cache miss)
7519 http fetch GET 200 https://registry.npmjs.org/mrmime/-/mrmime-2.0.1.tgz 882ms (cache miss)
7520 http fetch GET 200 https://registry.npmjs.org/shebang-regex/-/shebang-regex-3.0.0.tgz 888ms (cache miss)
7521 http fetch GET 200 https://registry.npmjs.org/css-select/-/css-select-5.2.2.tgz 891ms (cache miss)
7522 http fetch GET 200 https://registry.npmjs.org/csso/-/csso-5.0.5.tgz 892ms (cache miss)
7523 http fetch GET 200 https://registry.npmjs.org/@polka/url/-/url-1.0.0-next.29.tgz 893ms (cache miss)
7524 http fetch GET 200 https://registry.npmjs.org/ee-first/-/ee-first-1.1.1.tgz 897ms (cache miss)
7525 http fetch GET 200 https://registry.npmjs.org/toidentifier/-/toidentifier-1.0.1.tgz 903ms (cache miss)
7526 http fetch GET 200 https://registry.npmjs.org/mime-db/-/mime-db-1.54.0.tgz 905ms (cache miss)
7527 http fetch GET 200 https://registry.npmjs.org/inherits/-/inherits-2.0.4.tgz 908ms (cache miss)
7528 http fetch GET 200 https://registry.npmjs.org/setprototypeof/-/setprototypeof-1.2.0.tgz 914ms (cache miss)
7529 http fetch GET 200 https://registry.npmjs.org/statuses/-/statuses-2.0.2.tgz 916ms (cache miss)
7530 http fetch GET 200 https://registry.npmjs.org/depd/-/depd-2.0.0.tgz 921ms (cache miss)
7531 http fetch GET 200 https://registry.npmjs.org/range-parser/-/range-parser-1.2.1.tgz 922ms (cache miss)
7532 http fetch GET 200 https://registry.npmjs.org/on-finished/-/on-finished-2.4.1.tgz 929ms (cache miss)
7533 http fetch GET 200 https://registry.npmjs.org/http-errors/-/http-errors-2.0.1.tgz 938ms (cache miss)
7534 http fetch GET 200 https://registry.npmjs.org/send/-/send-1.2.1.tgz 945ms (cache miss)
7535 http fetch GET 200 https://registry.npmjs.org/cookies/-/cookies-0.9.1.tgz 952ms (cache miss)
7536 http fetch GET 200 https://registry.npmjs.org/escape-html/-/escape-html-1.0.3.tgz 947ms (cache miss)
7537 http fetch GET 200 https://registry.npmjs.org/mime-types/-/mime-types-3.0.2.tgz 951ms (cache miss)
7538 http fetch GET 200 https://registry.npmjs.org/parseurl/-/parseurl-1.3.3.tgz 950ms (cache miss)
7539 http fetch GET 200 https://registry.npmjs.org/encodeurl/-/encodeurl-2.0.0.tgz 953ms (cache miss)
7540 http fetch GET 200 https://registry.npmjs.org/queue-microtask/-/queue-microtask-1.2.3.tgz 959ms (cache miss)
7541 http fetch GET 200 https://registry.npmjs.org/fresh/-/fresh-2.0.0.tgz 961ms (cache miss)
7542 http fetch GET 200 https://registry.npmjs.org/is-docker/-/is-docker-3.0.0.tgz 962ms (cache miss)
7543 http fetch GET 200 https://registry.npmjs.org/run-applescript/-/run-applescript-7.1.0.tgz 973ms (cache miss)
7544 http fetch GET 200 https://registry.npmjs.org/default-browser-id/-/default-browser-id-5.0.1.tgz 979ms (cache miss)
7545 http fetch GET 200 https://registry.npmjs.org/bundle-name/-/bundle-name-4.1.0.tgz 1005ms (cache miss)
7546 http fetch GET 200 https://registry.npmjs.org/wsl-utils/-/wsl-utils-0.3.1.tgz 1006ms (cache miss)
7547 http fetch GET 200 https://registry.npmjs.org/is-inside-container/-/is-inside-container-1.0.0.tgz 1008ms (cache miss)
7548 http fetch GET 200 https://registry.npmjs.org/define-lazy-prop/-/define-lazy-prop-3.0.0.tgz 1007ms (cache miss)
7549 http fetch GET 200 https://registry.npmjs.org/default-browser/-/default-browser-5.5.0.tgz 1007ms (cache miss)
7550 http fetch GET 200 https://registry.npmjs.org/powershell-utils/-/powershell-utils-0.1.0.tgz 1008ms (cache miss)
7551 http fetch GET 200 https://registry.npmjs.org/is-in-ssh/-/is-in-ssh-1.0.0.tgz 1007ms (cache miss)
7552 http fetch GET 200 https://registry.npmjs.org/koa-compose/-/koa-compose-4.1.0.tgz 1007ms (cache miss)
7553 http fetch GET 200 https://registry.npmjs.org/yargs/-/yargs-18.0.0.tgz 1014ms (cache miss)
7554 http fetch GET 200 https://registry.npmjs.org/open/-/open-11.0.0.tgz 1016ms (cache miss)
7555 http fetch GET 200 https://registry.npmjs.org/fsevents/-/fsevents-2.3.3.tgz 1026ms (cache miss)
7556 http fetch GET 200 https://registry.npmjs.org/function-bind/-/function-bind-1.1.2.tgz 1035ms (cache miss)
7557 http fetch GET 200 https://registry.npmjs.org/path-parse/-/path-parse-1.0.7.tgz 1008ms (cache miss)
7558 http fetch GET 200 https://registry.npmjs.org/hasown/-/hasown-2.0.3.tgz 1044ms (cache miss)
7559 http fetch GET 200 https://registry.npmjs.org/is-core-module/-/is-core-module-2.16.2.tgz 1007ms (cache miss)
7560 http fetch GET 200 https://registry.npmjs.org/supports-preserve-symlinks-flag/-/supports-preserve-symlinks-flag-1.0.0.tgz 1045ms (cache miss)
7561 http fetch GET 200 https://registry.npmjs.org/@koa/router/-/router-12.0.2.tgz 1053ms (cache miss)
7562 warn deprecated @koa/router@12.0.2: Please upgrade to v15 or higher. All reported bugs in this version are fixed in newer releases, dependencies have been updated, and security has been improved.
7563 http fetch GET 200 https://registry.npmjs.org/es-errors/-/es-errors-1.3.0.tgz 1013ms (cache miss)
7564 http fetch GET 200 https://registry.npmjs.org/ieee754/-/ieee754-1.2.1.tgz 1013ms (cache miss)
7565 http fetch GET 200 https://registry.npmjs.org/event-target-shim/-/event-target-shim-5.0.1.tgz 1021ms (cache miss)
7566 http fetch GET 200 https://registry.npmjs.org/process/-/process-0.11.10.tgz 1025ms (cache miss)
7567 http fetch GET 200 https://registry.npmjs.org/@kwsites/promise-deferred/-/promise-deferred-1.1.1.tgz 1075ms (cache miss)
7568 http fetch GET 200 https://registry.npmjs.org/events/-/events-3.3.0.tgz 1034ms (cache miss)
7569 http fetch GET 200 https://registry.npmjs.org/util-deprecate/-/util-deprecate-1.0.2.tgz 1039ms (cache miss)
7570 http fetch GET 200 https://registry.npmjs.org/abort-controller/-/abort-controller-3.0.0.tgz 1039ms (cache miss)
7571 http fetch GET 200 https://registry.npmjs.org/lodash.uniq/-/lodash.uniq-4.5.0.tgz 1045ms (cache miss)
7572 http fetch GET 200 https://registry.npmjs.org/buffer/-/buffer-6.0.3.tgz 1047ms (cache miss)
7573 http fetch GET 200 https://registry.npmjs.org/string_decoder/-/string_decoder-1.3.0.tgz 1052ms (cache miss)
7574 http fetch GET 200 https://registry.npmjs.org/@kwsites/file-exists/-/file-exists-1.1.1.tgz 1107ms (cache miss)
7575 http fetch GET 200 https://registry.npmjs.org/cssesc/-/cssesc-3.0.0.tgz 1065ms (cache miss)
7576 http fetch GET 200 https://registry.npmjs.org/caniuse-api/-/caniuse-api-3.0.0.tgz 1074ms (cache miss)
7577 http fetch GET 200 https://registry.npmjs.org/stylehacks/-/stylehacks-7.0.11.tgz 1074ms (cache miss)
7578 http fetch GET 200 https://registry.npmjs.org/svgo/-/svgo-4.0.1.tgz 1077ms (cache miss)
7579 http fetch GET 200 https://registry.npmjs.org/@simple-git/argv-parser/-/argv-parser-1.1.1.tgz 1121ms (cache miss)
7580 http fetch GET 200 https://registry.npmjs.org/lodash.memoize/-/lodash.memoize-4.1.2.tgz 1078ms (cache miss)
7581 http fetch GET 200 https://registry.npmjs.org/nanoid/-/nanoid-3.3.12.tgz 1079ms (cache miss)
7582 http fetch GET 200 https://registry.npmjs.org/postcss-selector-parser/-/postcss-selector-parser-7.1.1.tgz 1084ms (cache miss)
7583 http fetch GET 200 https://registry.npmjs.org/@rollup/rollup-darwin-arm64/-/rollup-darwin-arm64-4.60.3.tgz 1125ms (cache miss)
7584 http fetch GET 200 https://registry.npmjs.org/@simple-git/args-pathspec/-/args-pathspec-1.0.3.tgz 1132ms (cache miss)
7585 http fetch GET 200 https://registry.npmjs.org/mimic-fn/-/mimic-fn-4.0.0.tgz 1109ms (cache miss)
7586 http fetch GET 200 https://registry.npmjs.org/abbrev/-/abbrev-3.0.1.tgz 1109ms (cache miss)
7587 http fetch GET 200 https://registry.npmjs.org/balanced-match/-/balanced-match-4.0.4.tgz 1120ms (cache miss)
7588 http fetch GET 200 https://registry.npmjs.org/brace-expansion/-/brace-expansion-5.0.6.tgz 1121ms (cache miss)
7589 http fetch GET 200 https://registry.npmjs.org/@emnapi/wasi-threads/-/wasi-threads-1.2.1.tgz 1127ms (cache miss)
7590 http fetch GET 200 https://registry.npmjs.org/@emnapi/core/-/core-1.10.0.tgz 1129ms (cache miss)
7591 http fetch GET 200 https://registry.npmjs.org/@emnapi/runtime/-/runtime-1.10.0.tgz 1129ms (cache miss)
7592 http fetch GET 200 https://registry.npmjs.org/fill-range/-/fill-range-7.1.1.tgz 1129ms (cache miss)
7593 http fetch GET 200 https://registry.npmjs.org/@tybys/wasm-util/-/wasm-util-0.10.2.tgz 1131ms (cache miss)
7594 http fetch GET 200 https://registry.npmjs.org/standard-as-callback/-/standard-as-callback-2.1.0.tgz 1144ms (cache miss)
7595 http fetch GET 200 https://registry.npmjs.org/redis-errors/-/redis-errors-1.2.0.tgz 1144ms (cache miss)
7596 http fetch GET 200 https://registry.npmjs.org/lodash.isarguments/-/lodash.isarguments-3.1.0.tgz 1152ms (cache miss)
7597 http fetch GET 200 https://registry.npmjs.org/denque/-/denque-2.1.0.tgz 1154ms (cache miss)
7598 http fetch GET 200 https://registry.npmjs.org/lodash.defaults/-/lodash.defaults-4.2.0.tgz 1155ms (cache miss)
7599 http fetch GET 200 https://registry.npmjs.org/cluster-key-slot/-/cluster-key-slot-1.1.2.tgz 1167ms (cache miss)
7600 http fetch GET 200 https://registry.npmjs.org/@oxc-project/types/-/types-0.128.0.tgz 1167ms (cache miss)
7601 http fetch GET 200 https://registry.npmjs.org/agent-base/-/agent-base-7.1.4.tgz 1180ms (cache miss)
7602 http fetch GET 200 https://registry.npmjs.org/duplexer/-/duplexer-0.1.2.tgz 1227ms (cache miss)
7603 http fetch GET 200 https://registry.npmjs.org/reusify/-/reusify-1.1.0.tgz 1227ms (cache miss)
7604 http fetch GET 200 https://registry.npmjs.org/fastq/-/fastq-1.20.1.tgz 1231ms (cache miss)
7605 http fetch GET 200 https://registry.npmjs.org/@ioredis/commands/-/commands-1.5.1.tgz 1231ms (cache miss)
7606 http fetch GET 200 https://registry.npmjs.org/to-regex-range/-/to-regex-range-5.0.1.tgz 1234ms (cache miss)
7607 http fetch GET 200 https://registry.npmjs.org/redis-parser/-/redis-parser-3.0.0.tgz 1233ms (cache miss)
7608 http fetch GET 200 https://registry.npmjs.org/@nodelib/fs.scandir/-/fs.scandir-2.1.5.tgz 1235ms (cache miss)
7609 http fetch GET 200 https://registry.npmjs.org/@csstools/selector-resolve-nested/-/selector-resolve-nested-3.1.0.tgz 1240ms (cache miss)
7610 http fetch GET 200 https://registry.npmjs.org/micromatch/-/micromatch-4.0.8.tgz 1234ms (cache miss)
7611 http fetch GET 200 https://registry.npmjs.org/run-parallel/-/run-parallel-1.2.0.tgz 1236ms (cache miss)
7612 http fetch GET 200 https://registry.npmjs.org/braces/-/braces-3.0.3.tgz 1237ms (cache miss)
7613 http fetch GET 200 https://registry.npmjs.org/unicorn-magic/-/unicorn-magic-0.4.0.tgz 1235ms (cache miss)
7614 http fetch GET 200 https://registry.npmjs.org/merge2/-/merge2-1.4.1.tgz 1236ms (cache miss)
7615 http fetch GET 200 https://registry.npmjs.org/glob-parent/-/glob-parent-5.1.2.tgz 1235ms (cache miss)
7616 http fetch GET 200 https://registry.npmjs.org/slash/-/slash-5.1.0.tgz 1240ms (cache miss)
7617 http fetch GET 200 https://registry.npmjs.org/@csstools/selector-specificity/-/selector-specificity-5.0.0.tgz 1252ms (cache miss)
7618 http fetch GET 200 https://registry.npmjs.org/path-scurry/-/path-scurry-2.0.2.tgz 1248ms (cache miss)
7619 http fetch GET 200 https://registry.npmjs.org/fast-glob/-/fast-glob-3.3.3.tgz 1254ms (cache miss)
7620 http fetch GET 200 https://registry.npmjs.org/minipass/-/minipass-7.1.3.tgz 1259ms (cache miss)
7621 http fetch GET 200 https://registry.npmjs.org/minimatch/-/minimatch-10.2.5.tgz 1269ms (cache miss)
7622 http fetch GET 200 https://registry.npmjs.org/@nodelib/fs.walk/-/fs.walk-1.2.8.tgz 1272ms (cache miss)
7623 http fetch GET 200 https://registry.npmjs.org/file-uri-to-path/-/file-uri-to-path-1.0.0.tgz 1272ms (cache miss)
7624 http fetch GET 200 https://registry.npmjs.org/normalize-path/-/normalize-path-3.0.0.tgz 1275ms (cache miss)
7625 http fetch GET 200 https://registry.npmjs.org/@sindresorhus/merge-streams/-/merge-streams-4.0.0.tgz 1281ms (cache miss)
7626 http fetch GET 200 https://registry.npmjs.org/lazystream/-/lazystream-1.0.1.tgz 1290ms (cache miss)
7627 http fetch GET 200 https://registry.npmjs.org/tar-stream/-/tar-stream-3.2.0.tgz 1299ms (cache miss)
7628 http fetch GET 200 https://registry.npmjs.org/zip-stream/-/zip-stream-6.0.1.tgz 1302ms (cache miss)
7629 http fetch GET 200 https://registry.npmjs.org/readdir-glob/-/readdir-glob-1.1.3.tgz 1303ms (cache miss)
7630 http fetch GET 200 https://registry.npmjs.org/buffer-crc32/-/buffer-crc32-1.0.0.tgz 1311ms (cache miss)
7631 http fetch GET 200 https://registry.npmjs.org/archiver-utils/-/archiver-utils-5.0.2.tgz 1320ms (cache miss)
7632 http fetch GET 200 https://registry.npmjs.org/readable-stream/-/readable-stream-4.7.0.tgz 1323ms (cache miss)
7633 http fetch GET 200 https://registry.npmjs.org/type-fest/-/type-fest-5.6.0.tgz 1372ms (cache miss)
7634 http fetch GET 200 https://registry.npmjs.org/nopt/-/nopt-8.1.0.tgz 1373ms (cache miss)
7635 http fetch GET 200 https://registry.npmjs.org/resolve-from/-/resolve-from-5.0.0.tgz 1375ms (cache miss)
7636 http fetch GET 200 https://registry.npmjs.org/node-gyp-build/-/node-gyp-build-4.8.4.tgz 1377ms (cache miss)
7637 http fetch GET 200 https://registry.npmjs.org/@nodelib/fs.stat/-/fs.stat-2.0.5.tgz 1377ms (cache miss)
7638 http fetch GET 200 https://registry.npmjs.org/bindings/-/bindings-1.5.0.tgz 1378ms (cache miss)
7639 http fetch GET 200 https://registry.npmjs.org/https-proxy-agent/-/https-proxy-agent-7.0.6.tgz 1389ms (cache miss)
7640 http fetch GET 200 https://registry.npmjs.org/acorn-import-attributes/-/acorn-import-attributes-1.9.5.tgz 1392ms (cache miss)
7641 http fetch GET 200 https://registry.npmjs.org/async-sema/-/async-sema-3.1.1.tgz 1395ms (cache miss)
7642 http fetch GET 200 https://registry.npmjs.org/serialize-javascript/-/serialize-javascript-7.0.5.tgz 1397ms (cache miss)
7643 http fetch GET 200 https://registry.npmjs.org/is-reference/-/is-reference-1.2.1.tgz 1397ms (cache miss)
7644 http fetch GET 200 https://registry.npmjs.org/deepmerge/-/deepmerge-4.3.1.tgz 1399ms (cache miss)
7645 http fetch GET 200 https://registry.npmjs.org/is-module/-/is-module-1.0.0.tgz 1401ms (cache miss)
7646 http fetch GET 200 https://registry.npmjs.org/fdir/-/fdir-6.5.0.tgz 1402ms (cache miss)
7647 http fetch GET 200 https://registry.npmjs.org/commondir/-/commondir-1.0.1.tgz 1408ms (cache miss)
7648 http fetch GET 200 https://registry.npmjs.org/@types/resolve/-/resolve-1.20.2.tgz 1413ms (cache miss)
7649 http fetch GET 200 https://registry.npmjs.org/smob/-/smob-1.6.1.tgz 1416ms (cache miss)
7650 http fetch GET 200 https://registry.npmjs.org/@oxc-parser/binding-darwin-arm64/-/binding-darwin-arm64-0.128.0.tgz 1431ms (cache miss)
7651 http fetch GET 200 https://registry.npmjs.org/youch-core/-/youch-core-0.3.3.tgz 1430ms (cache miss)
7652 http fetch GET 200 https://registry.npmjs.org/serve-static/-/serve-static-2.2.1.tgz 1440ms (cache miss)
7653 http fetch GET 200 https://registry.npmjs.org/serve-placeholder/-/serve-placeholder-2.0.2.tgz 1443ms (cache miss)
7654 http fetch GET 200 https://registry.npmjs.org/pretty-bytes/-/pretty-bytes-7.1.0.tgz 1448ms (cache miss)
7655 http fetch GET 200 https://registry.npmjs.org/httpxy/-/httpxy-0.5.1.tgz 1457ms (cache miss)
7656 http fetch GET 200 https://registry.npmjs.org/gzip-size/-/gzip-size-7.0.0.tgz 1458ms (cache miss)
7657 http fetch GET 200 https://registry.npmjs.org/dot-prop/-/dot-prop-10.1.0.tgz 1463ms (cache miss)
7658 http fetch GET 200 https://registry.npmjs.org/globby/-/globby-16.2.0.tgz 1463ms (cache miss)
7659 http fetch GET 200 https://registry.npmjs.org/source-map/-/source-map-0.7.6.tgz 1464ms (cache miss)
7660 http fetch GET 200 https://registry.npmjs.org/etag/-/etag-1.8.1.tgz 1466ms (cache miss)
7661 http fetch GET 200 https://registry.npmjs.org/db0/-/db0-0.3.4.tgz 1466ms (cache miss)
7662 http fetch GET 200 https://registry.npmjs.org/archiver/-/archiver-7.0.1.tgz 1485ms (cache miss)
7663 http fetch GET 200 https://registry.npmjs.org/croner/-/croner-10.0.1.tgz 1487ms (cache miss)
7664 http fetch GET 200 https://registry.npmjs.org/@rollup/plugin-terser/-/plugin-terser-1.0.0.tgz 1503ms (cache miss)
7665 http fetch GET 200 https://registry.npmjs.org/mime/-/mime-4.1.0.tgz 1504ms (cache miss)
7666 http fetch GET 200 https://registry.npmjs.org/unwasm/-/unwasm-0.5.3.tgz 1514ms (cache miss)
7667 http fetch GET 200 https://registry.npmjs.org/is-extglob/-/is-extglob-2.1.1.tgz 1512ms (cache miss)
7668 http fetch GET 200 https://registry.npmjs.org/is-glob/-/is-glob-4.0.3.tgz 1519ms (cache miss)
7669 http fetch GET 200 https://registry.npmjs.org/detect-libc/-/detect-libc-2.1.2.tgz 1534ms (cache miss)
7670 http fetch GET 200 https://registry.npmjs.org/uqr/-/uqr-0.1.3.tgz 1546ms (cache miss)
7671 http fetch GET 200 https://registry.npmjs.org/untun/-/untun-0.1.3.tgz 1549ms (cache miss)
7672 http fetch GET 200 https://registry.npmjs.org/@rollup/plugin-node-resolve/-/plugin-node-resolve-16.0.3.tgz 1555ms (cache miss)
7673 http fetch GET 200 https://registry.npmjs.org/http-shutdown/-/http-shutdown-1.2.2.tgz 1557ms (cache miss)
7674 http fetch GET 200 https://registry.npmjs.org/yallist/-/yallist-3.1.1.tgz 1582ms (cache miss)
7675 http fetch GET 200 https://registry.npmjs.org/ini/-/ini-4.1.1.tgz 1594ms (cache miss)
7676 http fetch GET 200 https://registry.npmjs.org/shell-quote/-/shell-quote-1.8.3.tgz 1614ms (cache miss)
7677 http fetch GET 200 https://registry.npmjs.org/is-path-inside/-/is-path-inside-4.0.0.tgz 1621ms (cache miss)
7678 http fetch GET 200 https://registry.npmjs.org/global-directory/-/global-directory-4.0.1.tgz 1671ms (cache miss)
7679 http fetch GET 200 https://registry.npmjs.org/unplugin-utils/-/unplugin-utils-0.3.1.tgz 1697ms (cache miss)
7680 http fetch GET 200 https://registry.npmjs.org/postcss-unique-selectors/-/postcss-unique-selectors-7.0.7.tgz 1698ms (cache miss)
7681 http fetch GET 200 https://registry.npmjs.org/fast-string-truncated-width/-/fast-string-truncated-width-3.0.3.tgz 1700ms (cache miss)
7682 http fetch GET 200 https://registry.npmjs.org/postcss-reduce-initial/-/postcss-reduce-initial-7.0.9.tgz 1700ms (cache miss)
7683 http fetch GET 200 https://registry.npmjs.org/postcss-reduce-transforms/-/postcss-reduce-transforms-7.0.3.tgz 1701ms (cache miss)
7684 http fetch GET 200 https://registry.npmjs.org/graceful-fs/-/graceful-fs-4.2.11.tgz 1701ms (cache miss)
7685 http fetch GET 200 https://registry.npmjs.org/postcss-svgo/-/postcss-svgo-7.1.3.tgz 1701ms (cache miss)
7686 http fetch GET 200 https://registry.npmjs.org/postcss-ordered-values/-/postcss-ordered-values-7.0.4.tgz 1707ms (cache miss)
7687 http fetch GET 200 https://registry.npmjs.org/@parcel/watcher-darwin-arm64/-/watcher-darwin-arm64-2.5.6.tgz 1708ms (cache miss)
7688 http fetch GET 200 https://registry.npmjs.org/node-addon-api/-/node-addon-api-7.1.1.tgz 1708ms (cache miss)
7689 http fetch GET 200 https://registry.npmjs.org/es-module-lexer/-/es-module-lexer-2.1.0.tgz 1715ms (cache miss)
7690 http fetch GET 200 https://registry.npmjs.org/postcss-normalize-whitespace/-/postcss-normalize-whitespace-7.0.3.tgz 1718ms (cache miss)
7691 http fetch GET 200 https://registry.npmjs.org/postcss-normalize-unicode/-/postcss-normalize-unicode-7.0.9.tgz 1728ms (cache miss)
7692 http fetch GET 200 https://registry.npmjs.org/postcss-normalize-timing-functions/-/postcss-normalize-timing-functions-7.0.3.tgz 1731ms (cache miss)
7693 http fetch GET 200 https://registry.npmjs.org/postcss-normalize-url/-/postcss-normalize-url-7.0.3.tgz 1732ms (cache miss)
7694 http fetch GET 200 https://registry.npmjs.org/postcss-normalize-string/-/postcss-normalize-string-7.0.3.tgz 1734ms (cache miss)
7695 http fetch GET 200 https://registry.npmjs.org/postcss-normalize-positions/-/postcss-normalize-positions-7.0.4.tgz 1734ms (cache miss)
7696 http fetch GET 200 https://registry.npmjs.org/postcss-normalize-repeat-style/-/postcss-normalize-repeat-style-7.0.4.tgz 1735ms (cache miss)
7697 http fetch GET 200 https://registry.npmjs.org/@rollup/plugin-inject/-/plugin-inject-5.0.5.tgz 1737ms (cache miss)
7698 http fetch GET 200 https://registry.npmjs.org/postcss-normalize-charset/-/postcss-normalize-charset-7.0.3.tgz 1735ms (cache miss)
7699 http fetch GET 200 https://registry.npmjs.org/postcss-minify-selectors/-/postcss-minify-selectors-7.1.2.tgz 1735ms (cache miss)
7700 http fetch GET 200 https://registry.npmjs.org/@rollup/plugin-json/-/plugin-json-6.1.0.tgz 1738ms (cache miss)
7701 http fetch GET 200 https://registry.npmjs.org/postcss-normalize-display-values/-/postcss-normalize-display-values-7.0.3.tgz 1736ms (cache miss)
7702 http fetch GET 200 https://registry.npmjs.org/postcss-minify-params/-/postcss-minify-params-7.0.9.tgz 1737ms (cache miss)
7703 http fetch GET 200 https://registry.npmjs.org/tapable/-/tapable-2.3.3.tgz 1741ms (cache miss)
7704 http fetch GET 200 https://registry.npmjs.org/postcss-minify-font-values/-/postcss-minify-font-values-7.0.3.tgz 1744ms (cache miss)
7705 http fetch GET 200 https://registry.npmjs.org/postcss-minify-gradients/-/postcss-minify-gradients-7.0.5.tgz 1748ms (cache miss)
7706 http fetch GET 200 https://registry.npmjs.org/postcss-discard-overridden/-/postcss-discard-overridden-7.0.3.tgz 1752ms (cache miss)
7707 http fetch GET 200 https://registry.npmjs.org/postcss-merge-longhand/-/postcss-merge-longhand-7.0.7.tgz 1754ms (cache miss)
7708 http fetch GET 200 https://registry.npmjs.org/@cloudflare/kv-asset-handler/-/kv-asset-handler-0.4.2.tgz 1757ms (cache miss)
7709 http fetch GET 200 https://registry.npmjs.org/postcss-discard-comments/-/postcss-discard-comments-7.0.8.tgz 1755ms (cache miss)
7710 http fetch GET 200 https://registry.npmjs.org/lilconfig/-/lilconfig-3.1.3.tgz 1754ms (cache miss)
7711 http fetch GET 200 https://registry.npmjs.org/postcss-discard-empty/-/postcss-discard-empty-7.0.3.tgz 1756ms (cache miss)
7712 http fetch GET 200 https://registry.npmjs.org/cssnano-utils/-/cssnano-utils-5.0.3.tgz 1755ms (cache miss)
7713 http fetch GET 200 https://registry.npmjs.org/postcss-colormin/-/postcss-colormin-7.0.10.tgz 1759ms (cache miss)
7714 http fetch GET 200 https://registry.npmjs.org/postcss-discard-duplicates/-/postcss-discard-duplicates-7.0.4.tgz 1759ms (cache miss)
7715 http fetch GET 200 https://registry.npmjs.org/cssnano-preset-default/-/cssnano-preset-default-7.0.17.tgz 1768ms (cache miss)
7716 http fetch GET 200 https://registry.npmjs.org/@rollup/plugin-alias/-/plugin-alias-6.0.0.tgz 1774ms (cache miss)
7717 http fetch GET 200 https://registry.npmjs.org/postcss-merge-rules/-/postcss-merge-rules-7.0.11.tgz 1771ms (cache miss)
7718 http fetch GET 200 https://registry.npmjs.org/postcss-convert-values/-/postcss-convert-values-7.0.12.tgz 1774ms (cache miss)
7719 http fetch GET 200 https://registry.npmjs.org/@vue/compiler-ssr/-/compiler-ssr-3.5.34.tgz 1806ms (cache miss)
7720 http fetch GET 200 https://registry.npmjs.org/@babel/plugin-syntax-jsx/-/plugin-syntax-jsx-7.28.6.tgz 1810ms (cache miss)
7721 http fetch GET 200 https://registry.npmjs.org/@jridgewell/resolve-uri/-/resolve-uri-3.1.2.tgz 1811ms (cache miss)
7722 http fetch GET 200 https://registry.npmjs.org/@babel/helper-replace-supers/-/helper-replace-supers-7.28.6.tgz 1811ms (cache miss)
7723 http fetch GET 200 https://registry.npmjs.org/@babel/helper-string-parser/-/helper-string-parser-7.27.1.tgz 1813ms (cache miss)
7724 http fetch GET 200 https://registry.npmjs.org/css-declaration-sorter/-/css-declaration-sorter-7.4.0.tgz 1819ms (cache miss)
7725 http fetch GET 200 https://registry.npmjs.org/@babel/helper-optimise-call-expression/-/helper-optimise-call-expression-7.27.1.tgz 1818ms (cache miss)
7726 http fetch GET 200 https://registry.npmjs.org/@babel/helper-globals/-/helper-globals-7.28.0.tgz 1818ms (cache miss)
7727 http fetch GET 200 https://registry.npmjs.org/@parcel/watcher/-/watcher-2.5.6.tgz 1827ms (cache miss)
7728 http fetch GET 200 https://registry.npmjs.org/@oxc-transform/binding-darwin-arm64/-/binding-darwin-arm64-0.128.0.tgz 1850ms (cache miss)
7729 http fetch GET 200 https://registry.npmjs.org/@babel/helper-skip-transparent-expression-wrappers/-/helper-skip-transparent-expression-wrappers-7.27.1.tgz 1832ms (cache miss)
7730 http fetch GET 200 https://registry.npmjs.org/@babel/helper-member-expression-to-functions/-/helper-member-expression-to-functions-7.28.5.tgz 1834ms (cache miss)
7731 http fetch GET 200 https://registry.npmjs.org/@mapbox/node-pre-gyp/-/node-pre-gyp-2.0.3.tgz 1848ms (cache miss)
7732 http fetch GET 200 https://registry.npmjs.org/lru-cache/-/lru-cache-5.1.1.tgz 1840ms (cache miss)
7733 http fetch GET 200 https://registry.npmjs.org/@babel/helper-plugin-utils/-/helper-plugin-utils-7.28.6.tgz 1841ms (cache miss)
7734 http fetch GET 200 https://registry.npmjs.org/@babel/helper-annotate-as-pure/-/helper-annotate-as-pure-7.27.3.tgz 1841ms (cache miss)
7735 http fetch GET 200 https://registry.npmjs.org/@babel/helper-validator-option/-/helper-validator-option-7.27.1.tgz 1841ms (cache miss)
7736 http fetch GET 200 https://registry.npmjs.org/glob/-/glob-13.0.6.tgz 1859ms (cache miss)
7737 http fetch GET 200 https://registry.npmjs.org/@oxc-minify/binding-darwin-arm64/-/binding-darwin-arm64-0.128.0.tgz 1865ms (cache miss)
7738 http fetch GET 200 https://registry.npmjs.org/@babel/compat-data/-/compat-data-7.29.3.tgz 1843ms (cache miss)
7739 http fetch GET 200 https://registry.npmjs.org/jsesc/-/jsesc-3.1.0.tgz 1844ms (cache miss)
7740 http fetch GET 200 https://registry.npmjs.org/@babel/helper-module-imports/-/helper-module-imports-7.28.6.tgz 1846ms (cache miss)
7741 http fetch GET 200 https://registry.npmjs.org/@colordx/core/-/core-5.4.3.tgz 1869ms (cache miss)
7742 http fetch GET 200 https://registry.npmjs.org/async/-/async-3.2.6.tgz 1863ms (cache miss)
7743 http fetch GET 200 https://registry.npmjs.org/enhanced-resolve/-/enhanced-resolve-5.21.2.tgz 1859ms (cache miss)
7744 http fetch GET 200 https://registry.npmjs.org/@vercel/nft/-/nft-1.5.0.tgz 1864ms (cache miss)
7745 http fetch GET 200 https://registry.npmjs.org/ioredis/-/ioredis-5.10.1.tgz 1865ms (cache miss)
7746 http fetch GET 200 https://registry.npmjs.org/@vue/compiler-core/-/compiler-core-3.5.34.tgz 1864ms (cache miss)
7747 http fetch GET 200 https://registry.npmjs.org/gensync/-/gensync-1.0.0-beta.2.tgz 1871ms (cache miss)
7748 http fetch GET 200 https://registry.npmjs.org/js-tokens/-/js-tokens-4.0.0.tgz 1871ms (cache miss)
7749 http fetch GET 200 https://registry.npmjs.org/@babel/helper-validator-identifier/-/helper-validator-identifier-7.28.5.tgz 1871ms (cache miss)
7750 http fetch GET 200 https://registry.npmjs.org/@vue/compiler-dom/-/compiler-dom-3.5.34.tgz 1876ms (cache miss)
7751 http fetch GET 200 https://registry.npmjs.org/convert-source-map/-/convert-source-map-2.0.0.tgz 1874ms (cache miss)
7752 http fetch GET 200 https://registry.npmjs.org/@babel/helper-create-class-features-plugin/-/helper-create-class-features-plugin-7.29.3.tgz 1876ms (cache miss)
7753 http fetch GET 200 https://registry.npmjs.org/@jridgewell/remapping/-/remapping-2.3.5.tgz 1883ms (cache miss)
7754 http fetch GET 200 https://registry.npmjs.org/terser/-/terser-5.47.1.tgz 1902ms (cache miss)
7755 http fetch GET 200 https://registry.npmjs.org/resolve/-/resolve-1.22.12.tgz 1901ms (cache miss)
7756 http fetch GET 200 https://registry.npmjs.org/json5/-/json5-2.2.3.tgz 1900ms (cache miss)
7757 http fetch GET 200 https://registry.npmjs.org/@jridgewell/gen-mapping/-/gen-mapping-0.3.13.tgz 1909ms (cache miss)
7758 http fetch GET 200 https://registry.npmjs.org/@babel/code-frame/-/code-frame-7.29.0.tgz 1913ms (cache miss)
7759 http fetch GET 200 https://registry.npmjs.org/@babel/template/-/template-7.28.6.tgz 1917ms (cache miss)
7760 http fetch GET 200 https://registry.npmjs.org/rollup-plugin-visualizer/-/rollup-plugin-visualizer-7.0.1.tgz 1928ms (cache miss)
7761 http fetch GET 200 https://registry.npmjs.org/@jridgewell/trace-mapping/-/trace-mapping-0.3.31.tgz 1919ms (cache miss)
7762 http fetch GET 200 https://registry.npmjs.org/@babel/helper-compilation-targets/-/helper-compilation-targets-7.28.6.tgz 1922ms (cache miss)
7763 http fetch GET 200 https://registry.npmjs.org/@babel/helper-module-transforms/-/helper-module-transforms-7.28.6.tgz 1924ms (cache miss)
7764 http fetch GET 200 https://registry.npmjs.org/@rollup/plugin-commonjs/-/plugin-commonjs-29.0.2.tgz 1933ms (cache miss)
7765 http fetch GET 200 https://registry.npmjs.org/postcss-calc/-/postcss-calc-10.1.1.tgz 1928ms (cache miss)
7766 http fetch GET 200 https://registry.npmjs.org/rollup/-/rollup-4.60.3.tgz 1941ms (cache miss)
7767 http fetch GET 200 https://registry.npmjs.org/node-forge/-/node-forge-1.4.0.tgz 1963ms (cache miss)
7768 http fetch GET 200 https://registry.npmjs.org/@vue/devtools-shared/-/devtools-shared-8.1.2.tgz 1975ms (cache miss)
7769 http fetch GET 200 https://registry.npmjs.org/externality/-/externality-1.0.2.tgz 1970ms (cache miss)
7770 http fetch GET 200 https://registry.npmjs.org/@babel/plugin-syntax-typescript/-/plugin-syntax-typescript-7.28.6.tgz 1974ms (cache miss)
7771 http fetch GET 200 https://registry.npmjs.org/@vue/babel-plugin-resolve-type/-/babel-plugin-resolve-type-2.0.1.tgz 1978ms (cache miss)
7772 http fetch GET 200 https://registry.npmjs.org/@babel/plugin-transform-typescript/-/plugin-transform-typescript-7.28.6.tgz 1976ms (cache miss)
7773 http fetch GET 200 https://registry.npmjs.org/@vue/babel-helper-vue-transform-on/-/babel-helper-vue-transform-on-2.0.1.tgz 1980ms (cache miss)
7774 http fetch GET 200 https://registry.npmjs.org/entities/-/entities-7.0.1.tgz 1988ms (cache miss)
7775 http fetch GET 200 https://registry.npmjs.org/vite-node/-/vite-node-5.3.0.tgz 2004ms (cache miss)
7776 http fetch GET 200 https://registry.npmjs.org/vue-devtools-stub/-/vue-devtools-stub-0.1.0.tgz 2035ms (cache miss)
7777 http fetch GET 200 https://registry.npmjs.org/@vitejs/plugin-vue/-/plugin-vue-6.0.6.tgz 2037ms (cache miss)
7778 http fetch GET 200 https://registry.npmjs.org/@babel/generator/-/generator-7.29.1.tgz 2043ms (cache miss)
7779 http fetch GET 200 https://registry.npmjs.org/vite-plugin-vue-tracer/-/vite-plugin-vue-tracer-1.3.0.tgz 2053ms (cache miss)
7780 http fetch GET 200 https://registry.npmjs.org/@rollup/plugin-replace/-/plugin-replace-6.0.3.tgz 2055ms (cache miss)
7781 http fetch GET 200 https://registry.npmjs.org/mocked-exports/-/mocked-exports-0.1.1.tgz 2055ms (cache miss)
7782 http fetch GET 200 https://registry.npmjs.org/@rolldown/pluginutils/-/pluginutils-1.0.0-rc.13.tgz 2057ms (cache miss)
7783 http fetch GET 200 https://registry.npmjs.org/cssnano/-/cssnano-7.1.9.tgz 2057ms (cache miss)
7784 http fetch GET 200 https://registry.npmjs.org/image-meta/-/image-meta-0.2.2.tgz 2059ms (cache miss)
7785 http fetch GET 200 https://registry.npmjs.org/vue-bundle-renderer/-/vue-bundle-renderer-2.2.0.tgz 2061ms (cache miss)
7786 http fetch GET 200 https://registry.npmjs.org/launch-editor/-/launch-editor-2.13.2.tgz 2064ms (cache miss)
7787 http fetch GET 200 https://registry.npmjs.org/is-installed-globally/-/is-installed-globally-1.0.0.tgz 2064ms (cache miss)
7788 http fetch GET 200 https://registry.npmjs.org/get-port-please/-/get-port-please-3.2.0.tgz 2065ms (cache miss)
7789 http fetch GET 200 https://registry.npmjs.org/@rollup/pluginutils/-/pluginutils-5.3.0.tgz 2067ms (cache miss)
7790 http fetch GET 200 https://registry.npmjs.org/error-stack-parser-es/-/error-stack-parser-es-1.0.5.tgz 2070ms (cache miss)
7791 http fetch GET 200 https://registry.npmjs.org/ws/-/ws-8.20.0.tgz 2071ms (cache miss)
7792 http fetch GET 200 https://registry.npmjs.org/@babel/traverse/-/traverse-7.29.0.tgz 2081ms (cache miss)
7793 http fetch GET 200 https://registry.npmjs.org/birpc/-/birpc-4.0.0.tgz 2076ms (cache miss)
7794 http fetch GET 200 https://registry.npmjs.org/fast-npm-meta/-/fast-npm-meta-1.5.1.tgz 2077ms (cache miss)
7795 http fetch GET 200 https://registry.npmjs.org/unhead/-/unhead-2.1.15.tgz 2082ms (cache miss)
7796 http fetch GET 200 https://registry.npmjs.org/sisteransi/-/sisteransi-1.0.5.tgz 2083ms (cache miss)
7797 http fetch GET 200 https://registry.npmjs.org/tar/-/tar-7.5.15.tgz 2106ms (cache miss)
7798 http fetch GET 200 https://registry.npmjs.org/magicast/-/magicast-0.5.2.tgz 2088ms (cache miss)
7799 http fetch GET 200 https://registry.npmjs.org/tinyclip/-/tinyclip-0.1.12.tgz 2096ms (cache miss)
7800 http fetch GET 200 https://registry.npmjs.org/@babel/parser/-/parser-7.29.3.tgz 2102ms (cache miss)
7801 http fetch GET 200 https://registry.npmjs.org/structured-clone-es/-/structured-clone-es-2.0.0.tgz 2099ms (cache miss)
7802 http fetch GET 200 https://registry.npmjs.org/fast-string-width/-/fast-string-width-3.0.2.tgz 2100ms (cache miss)
7803 http fetch GET 200 https://registry.npmjs.org/fast-wrap-ansi/-/fast-wrap-ansi-0.2.0.tgz 2102ms (cache miss)
7804 http fetch GET 200 https://registry.npmjs.org/@vue/babel-plugin-jsx/-/babel-plugin-jsx-2.0.1.tgz 2113ms (cache miss)
7805 http fetch GET 200 https://registry.npmjs.org/fzf/-/fzf-0.5.2.tgz 2121ms (cache miss)
7806 http fetch GET 200 https://registry.npmjs.org/listhen/-/listhen-1.10.0.tgz 2123ms (cache miss)
7807 http fetch GET 200 https://registry.npmjs.org/citty/-/citty-0.2.2.tgz 2137ms (cache miss)
7808 http fetch GET 200 https://registry.npmjs.org/fuse.js/-/fuse.js-7.3.0.tgz 2153ms (cache miss)
7809 http fetch GET 200 https://registry.npmjs.org/srvx/-/srvx-0.11.15.tgz 2154ms (cache miss)
7810 http fetch GET 200 https://registry.npmjs.org/unimport/-/unimport-6.2.0.tgz 2174ms (cache miss)
7811 http fetch GET 200 https://registry.npmjs.org/rou3/-/rou3-0.8.1.tgz 2184ms (cache miss)
7812 http fetch GET 200 https://registry.npmjs.org/oxc-walker/-/oxc-walker-0.7.0.tgz 2189ms (cache miss)
7813 http fetch GET 200 https://registry.npmjs.org/@vitejs/plugin-vue-jsx/-/plugin-vue-jsx-5.1.5.tgz 2194ms (cache miss)
7814 http fetch GET 200 https://registry.npmjs.org/oxc-minify/-/oxc-minify-0.128.0.tgz 2194ms (cache miss)
7815 http fetch GET 200 https://registry.npmjs.org/vite-plugin-checker/-/vite-plugin-checker-0.13.0.tgz 2208ms (cache miss)
7816 http fetch GET 200 https://registry.npmjs.org/@napi-rs/wasm-runtime/-/wasm-runtime-1.1.4.tgz 2237ms (cache miss)
7817 http fetch GET 200 https://registry.npmjs.org/ofetch/-/ofetch-1.5.1.tgz 2227ms (cache miss)
7818 http fetch GET 200 https://registry.npmjs.org/@nuxt/devalue/-/devalue-2.0.2.tgz 2232ms (cache miss)
7819 http fetch GET 200 https://registry.npmjs.org/impound/-/impound-1.1.5.tgz 2227ms (cache miss)
7820 http fetch GET 200 https://registry.npmjs.org/hookable/-/hookable-5.5.3.tgz 2227ms (cache miss)
7821 http fetch GET 200 https://registry.npmjs.org/nanotar/-/nanotar-0.3.0.tgz 2227ms (cache miss)
7822 http fetch GET 200 https://registry.npmjs.org/nypm/-/nypm-0.6.6.tgz 2229ms (cache miss)
7823 http fetch GET 200 https://registry.npmjs.org/ultrahtml/-/ultrahtml-1.6.0.tgz 2236ms (cache miss)
7824 http fetch GET 200 https://registry.npmjs.org/on-change/-/on-change-6.0.2.tgz 2253ms (cache miss)
7825 http fetch GET 200 https://registry.npmjs.org/escape-string-regexp/-/escape-string-regexp-5.0.0.tgz 2252ms (cache miss)
7826 http fetch GET 200 https://registry.npmjs.org/@babel/core/-/core-7.29.0.tgz 2259ms (cache miss)
7827 http fetch GET 200 https://registry.npmjs.org/youch/-/youch-4.1.1.tgz 2254ms (cache miss)
7828 http fetch GET 200 https://registry.npmjs.org/diff/-/diff-8.0.4.tgz 2260ms (cache miss)
7829 http fetch GET 200 https://registry.npmjs.org/vite/-/vite-7.3.3.tgz 2260ms (cache miss)
7830 http fetch GET 200 https://registry.npmjs.org/unplugin-vue-router/-/unplugin-vue-router-0.19.2.tgz 2259ms (cache miss)
7831 http fetch GET 200 https://registry.npmjs.org/compatx/-/compatx-0.2.0.tgz 2259ms (cache miss)
7832 warn deprecated unplugin-vue-router@0.19.2: Merged into vuejs/router. Migrate: https://router.vuejs.org/guide/migration/v4-to-v5.html
7833 http fetch GET 200 https://registry.npmjs.org/devalue/-/devalue-5.8.0.tgz 2260ms (cache miss)
7834 http fetch GET 200 https://registry.npmjs.org/seroval/-/seroval-1.5.4.tgz 2268ms (cache miss)
7835 http fetch GET 200 https://registry.npmjs.org/@babel/helpers/-/helpers-7.29.2.tgz 2276ms (cache miss)
7836 http fetch GET 200 https://registry.npmjs.org/@vue/shared/-/shared-3.5.34.tgz 2276ms (cache miss)
7837 http fetch GET 200 https://registry.npmjs.org/@nuxt/devtools-wizard/-/devtools-wizard-3.2.4.tgz 2280ms (cache miss)
7838 http fetch GET 200 https://registry.npmjs.org/simple-git/-/simple-git-3.36.0.tgz 2283ms (cache miss)
7839 http fetch GET 200 https://registry.npmjs.org/oxc-parser/-/oxc-parser-0.128.0.tgz 2286ms (cache miss)
7840 http fetch GET 200 https://registry.npmjs.org/@clack/core/-/core-1.3.0.tgz 2287ms (cache miss)
7841 http fetch GET 200 https://registry.npmjs.org/@vue/devtools-kit/-/devtools-kit-8.1.2.tgz 2290ms (cache miss)
7842 http fetch GET 200 https://registry.npmjs.org/vite-plugin-inspect/-/vite-plugin-inspect-11.3.3.tgz 2306ms (cache miss)
7843 http fetch GET 200 https://registry.npmjs.org/@vue/devtools-core/-/devtools-core-8.1.2.tgz 2307ms (cache miss)
7844 http fetch GET 200 https://registry.npmjs.org/whatwg-url/-/whatwg-url-5.0.0.tgz 2343ms (cache miss)
7845 http fetch GET 200 https://registry.npmjs.org/@dxup/unimport/-/unimport-0.1.2.tgz 2348ms (cache miss)
7846 http fetch GET 200 https://registry.npmjs.org/oxc-transform/-/oxc-transform-0.128.0.tgz 2346ms (cache miss)
7847 http fetch GET 200 https://registry.npmjs.org/@bomb.sh/tab/-/tab-0.0.14.tgz 2352ms (cache miss)
7848 http fetch GET 200 https://registry.npmjs.org/@clack/prompts/-/prompts-1.3.0.tgz 2360ms (cache miss)
7849 http fetch GET 200 https://registry.npmjs.org/acorn/-/acorn-8.16.0.tgz 2360ms (cache miss)
7850 http fetch GET 200 https://registry.npmjs.org/type-level-regexp/-/type-level-regexp-0.1.17.tgz 2365ms (cache miss)
7851 http fetch GET 200 https://registry.npmjs.org/@types/estree/-/estree-1.0.9.tgz 2367ms (cache miss)
7852 http fetch GET 200 https://registry.npmjs.org/@nuxt/schema/-/schema-4.4.4.tgz 2371ms (cache miss)
7853 http fetch GET 200 https://registry.npmjs.org/@jridgewell/sourcemap-codec/-/sourcemap-codec-1.5.5.tgz 2372ms (cache miss)
7854 http fetch GET 200 https://registry.npmjs.org/estree-walker/-/estree-walker-3.0.3.tgz 2375ms (cache miss)
7855 http fetch GET 200 https://registry.npmjs.org/uncrypto/-/uncrypto-0.1.3.tgz 2382ms (cache miss)
7856 http fetch GET 200 https://registry.npmjs.org/quansync/-/quansync-0.2.11.tgz 2385ms (cache miss)
7857 http fetch GET 200 https://registry.npmjs.org/radix3/-/radix3-1.1.2.tgz 2386ms (cache miss)
7858 http fetch GET 200 https://registry.npmjs.org/@babel/types/-/types-7.29.0.tgz 2402ms (cache miss)
7859 http fetch GET 200 https://registry.npmjs.org/cookie-es/-/cookie-es-1.2.3.tgz 2401ms (cache miss)
7860 http fetch GET 200 https://registry.npmjs.org/node-mock-http/-/node-mock-http-1.0.4.tgz 2407ms (cache miss)
7861 http fetch GET 200 https://registry.npmjs.org/tslib/-/tslib-2.8.1.tgz 2412ms (cache miss)
7862 http fetch GET 200 https://registry.npmjs.org/crossws/-/crossws-0.3.5.tgz 2415ms (cache miss)
7863 http fetch GET 200 https://registry.npmjs.org/unicode-trie/-/unicode-trie-2.0.0.tgz 2425ms (cache miss)
7864 http fetch GET 200 https://registry.npmjs.org/base64-js/-/base64-js-1.5.1.tgz 2426ms (cache miss)
7865 http fetch GET 200 https://registry.npmjs.org/tiny-inflate/-/tiny-inflate-1.0.3.tgz 2426ms (cache miss)
7866 http fetch GET 200 https://registry.npmjs.org/unicode-properties/-/unicode-properties-1.4.1.tgz 2430ms (cache miss)
7867 http fetch GET 200 https://registry.npmjs.org/regexp-tree/-/regexp-tree-0.1.27.tgz 2432ms (cache miss)
7868 http fetch GET 200 https://registry.npmjs.org/fast-deep-equal/-/fast-deep-equal-3.1.3.tgz 2436ms (cache miss)
7869 http fetch GET 200 https://registry.npmjs.org/clone/-/clone-2.1.2.tgz 2437ms (cache miss)
7870 http fetch GET 200 https://registry.npmjs.org/restructure/-/restructure-3.0.2.tgz 2443ms (cache miss)
7871 http fetch GET 200 https://registry.npmjs.org/unenv/-/unenv-2.0.0-rc.24.tgz 2452ms (cache miss)
7872 http fetch GET 200 https://registry.npmjs.org/dfa/-/dfa-1.2.0.tgz 2446ms (cache miss)
7873 http fetch GET 200 https://registry.npmjs.org/nitropack/-/nitropack-2.13.4.tgz 2453ms (cache miss)
7874 http fetch GET 200 https://registry.npmjs.org/lodash/-/lodash-4.18.1.tgz 2484ms (cache miss)
7875 http fetch GET 200 https://registry.npmjs.org/@unhead/vue/-/vue-2.1.15.tgz 2467ms (cache miss)
7876 http fetch GET 200 https://registry.npmjs.org/brotli/-/brotli-1.3.3.tgz 2468ms (cache miss)
7877 http fetch GET 200 https://registry.npmjs.org/node-fetch/-/node-fetch-2.7.0.tgz 2473ms (cache miss)
7878 http fetch GET 200 https://registry.npmjs.org/cross-fetch/-/cross-fetch-3.2.0.tgz 2475ms (cache miss)
7879 http fetch GET 200 https://registry.npmjs.org/blob-to-buffer/-/blob-to-buffer-1.2.9.tgz 2477ms (cache miss)
7880 http fetch GET 200 https://registry.npmjs.org/shebang-command/-/shebang-command-2.0.0.tgz 2508ms (cache miss)
7881 http fetch GET 200 https://registry.npmjs.org/@nuxt/telemetry/-/telemetry-2.8.0.tgz 2513ms (cache miss)
7882 http fetch GET 200 https://registry.npmjs.org/which/-/which-2.0.2.tgz 2530ms (cache miss)
7883 http fetch GET 200 https://registry.npmjs.org/path-key/-/path-key-3.1.1.tgz 2532ms (cache miss)
7884 http fetch GET 200 https://registry.npmjs.org/signal-exit/-/signal-exit-4.1.0.tgz 2532ms (cache miss)
7885 http fetch GET 200 https://registry.npmjs.org/strip-final-newline/-/strip-final-newline-3.0.0.tgz 2533ms (cache miss)
7886 http fetch GET 200 https://registry.npmjs.org/npm-run-path/-/npm-run-path-5.3.0.tgz 2535ms (cache miss)
7887 http fetch GET 200 https://registry.npmjs.org/iron-webcrypto/-/iron-webcrypto-1.2.1.tgz 2537ms (cache miss)
7888 http fetch GET 200 https://registry.npmjs.org/@dxup/nuxt/-/nuxt-0.4.1.tgz 2541ms (cache miss)
7889 http fetch GET 200 https://registry.npmjs.org/onetime/-/onetime-6.0.0.tgz 2548ms (cache miss)
7890 http fetch GET 200 https://registry.npmjs.org/is-stream/-/is-stream-3.0.0.tgz 2624ms (cache miss)
7891 http fetch GET 200 https://registry.npmjs.org/@nuxt/cli/-/cli-3.35.1.tgz 2629ms (cache miss)
7892 http fetch GET 200 https://registry.npmjs.org/get-stream/-/get-stream-8.0.1.tgz 2633ms (cache miss)
7893 http fetch GET 200 https://registry.npmjs.org/merge-stream/-/merge-stream-2.0.0.tgz 2638ms (cache miss)
7894 http fetch GET 200 https://registry.npmjs.org/cross-spawn/-/cross-spawn-7.0.6.tgz 2638ms (cache miss)
7895 http fetch GET 200 https://registry.npmjs.org/ms/-/ms-2.1.3.tgz 2637ms (cache miss)
7896 http fetch GET 200 https://registry.npmjs.org/perfect-debounce/-/perfect-debounce-2.1.0.tgz 2638ms (cache miss)
7897 http fetch GET 200 https://registry.npmjs.org/@nuxt/nitro-server/-/nitro-server-3.21.4.tgz 2646ms (cache miss)
7898 http fetch GET 200 https://registry.npmjs.org/readdirp/-/readdirp-5.0.0.tgz 2641ms (cache miss)
7899 http fetch GET 200 https://registry.npmjs.org/chokidar/-/chokidar-5.0.0.tgz 2639ms (cache miss)
7900 http fetch GET 200 https://registry.npmjs.org/node-releases/-/node-releases-2.0.38.tgz 2659ms (cache miss)
7901 http fetch GET 200 https://registry.npmjs.org/update-browserslist-db/-/update-browserslist-db-1.2.3.tgz 2662ms (cache miss)
7902 http fetch GET 200 https://registry.npmjs.org/dotenv/-/dotenv-17.4.2.tgz 2666ms (cache miss)
7903 http fetch GET 200 https://registry.npmjs.org/postcss-value-parser/-/postcss-value-parser-4.2.0.tgz 2667ms (cache miss)
7904 http fetch GET 200 https://registry.npmjs.org/source-map-js/-/source-map-js-1.2.1.tgz 2670ms (cache miss)
7905 http fetch GET 200 https://registry.npmjs.org/picocolors/-/picocolors-1.1.1.tgz 2669ms (cache miss)
7906 http fetch GET 200 https://registry.npmjs.org/giget/-/giget-3.2.0.tgz 2676ms (cache miss)
7907 http fetch GET 200 https://registry.npmjs.org/electron-to-chromium/-/electron-to-chromium-1.5.353.tgz 2681ms (cache miss)
7908 http fetch GET 200 https://registry.npmjs.org/browserslist/-/browserslist-4.28.2.tgz 2681ms (cache miss)
7909 http fetch GET 200 https://registry.npmjs.org/confbox/-/confbox-0.2.4.tgz 2685ms (cache miss)
7910 http fetch GET 200 https://registry.npmjs.org/postcss-nesting/-/postcss-nesting-13.0.2.tgz 2687ms (cache miss)
7911 http fetch GET 200 https://registry.npmjs.org/baseline-browser-mapping/-/baseline-browser-mapping-2.10.28.tgz 2688ms (cache miss)
7912 http fetch GET 200 https://registry.npmjs.org/rc9/-/rc9-3.0.1.tgz 2694ms (cache miss)
7913 http fetch GET 200 https://registry.npmjs.org/@capsizecss/unpack/-/unpack-2.4.0.tgz 2724ms (cache miss)
7914 http fetch GET 200 https://registry.npmjs.org/fraction.js/-/fraction.js-5.3.4.tgz 2722ms (cache miss)
7915 http fetch GET 200 https://registry.npmjs.org/pkg-types/-/pkg-types-2.3.1.tgz 2723ms (cache miss)
7916 http fetch GET 200 https://registry.npmjs.org/knitwork/-/knitwork-1.3.0.tgz 2724ms (cache miss)
7917 http fetch GET 200 https://registry.npmjs.org/human-signals/-/human-signals-5.0.0.tgz 2730ms (cache miss)
7918 http fetch GET 200 https://registry.npmjs.org/destr/-/destr-2.0.5.tgz 2739ms (cache miss)
7919 http fetch GET 200 https://registry.npmjs.org/kolorist/-/kolorist-1.8.0.tgz 2830ms (cache miss)
7920 http fetch GET 200 https://registry.npmjs.org/errx/-/errx-0.1.0.tgz 2830ms (cache miss)
7921 http fetch GET 200 https://registry.npmjs.org/untyped/-/untyped-2.0.0.tgz 2833ms (cache miss)
7922 http fetch GET 200 https://registry.npmjs.org/exsolve/-/exsolve-1.0.8.tgz 2832ms (cache miss)
7923 http fetch GET 200 https://registry.npmjs.org/c12/-/c12-3.3.4.tgz 2834ms (cache miss)
7924 http fetch GET 200 https://registry.npmjs.org/scule/-/scule-1.3.0.tgz 2835ms (cache miss)
7925 http fetch GET 200 https://registry.npmjs.org/ignore/-/ignore-7.0.5.tgz 2834ms (cache miss)
7926 http fetch GET 200 https://registry.npmjs.org/klona/-/klona-2.0.6.tgz 2838ms (cache miss)
7927 http fetch GET 200 https://registry.npmjs.org/mdn-data/-/mdn-data-2.27.1.tgz 2855ms (cache miss)
7928 http fetch GET 200 https://registry.npmjs.org/debug/-/debug-4.4.3.tgz 2863ms (cache miss)
7929 http fetch GET 200 https://registry.npmjs.org/local-pkg/-/local-pkg-1.1.2.tgz 2863ms (cache miss)
7930 http fetch GET 200 https://registry.npmjs.org/tinyexec/-/tinyexec-1.1.2.tgz 2864ms (cache miss)
7931 http fetch GET 200 https://registry.npmjs.org/globals/-/globals-15.15.0.tgz 2864ms (cache miss)
7932 http fetch GET 200 https://registry.npmjs.org/@antfu/install-pkg/-/install-pkg-1.1.0.tgz 2868ms (cache miss)
7933 http fetch GET 200 https://registry.npmjs.org/std-env/-/std-env-3.10.0.tgz 2869ms (cache miss)
7934 http fetch GET 200 https://registry.npmjs.org/@iconify/types/-/types-2.0.0.tgz 2868ms (cache miss)
7935 http fetch GET 200 https://registry.npmjs.org/package-manager-detector/-/package-manager-detector-1.6.0.tgz 2870ms (cache miss)
7936 http fetch GET 200 https://registry.npmjs.org/tinyglobby/-/tinyglobby-0.2.16.tgz 2872ms (cache miss)
7937 http fetch GET 200 https://registry.npmjs.org/unifont/-/unifont-0.4.1.tgz 2872ms (cache miss)
7938 http fetch GET 200 https://registry.npmjs.org/unctx/-/unctx-2.5.0.tgz 2877ms (cache miss)
7939 http fetch GET 200 https://registry.npmjs.org/ohash/-/ohash-2.0.11.tgz 2877ms (cache miss)
7940 http fetch GET 200 https://registry.npmjs.org/execa/-/execa-8.0.1.tgz 2879ms (cache miss)
7941 http fetch GET 200 https://registry.npmjs.org/picomatch/-/picomatch-4.0.4.tgz 2881ms (cache miss)
7942 http fetch GET 200 https://registry.npmjs.org/sirv/-/sirv-3.0.2.tgz 2880ms (cache miss)
7943 http fetch GET 200 https://registry.npmjs.org/ufo/-/ufo-1.6.4.tgz 2882ms (cache miss)
7944 http fetch GET 200 https://registry.npmjs.org/pathe/-/pathe-2.0.3.tgz 2884ms (cache miss)
7945 http fetch GET 200 https://registry.npmjs.org/semver/-/semver-7.8.0.tgz 2888ms (cache miss)
7946 http fetch GET 200 https://registry.npmjs.org/@nuxt/vite-builder/-/vite-builder-3.21.4.tgz 2901ms (cache miss)
7947 http fetch GET 200 https://registry.npmjs.org/defu/-/defu-6.1.7.tgz 2889ms (cache miss)
7948 http fetch GET 200 https://registry.npmjs.org/fontaine/-/fontaine-0.6.0.tgz 2889ms (cache miss)
7949 http fetch GET 200 https://registry.npmjs.org/mlly/-/mlly-1.8.2.tgz 2891ms (cache miss)
7950 http fetch GET 200 https://registry.npmjs.org/postcss/-/postcss-8.5.14.tgz 2894ms (cache miss)
7951 http fetch GET 200 https://registry.npmjs.org/esbuild/-/esbuild-0.25.12.tgz 2895ms (cache miss)
7952 http fetch GET 200 https://registry.npmjs.org/vue-tsc/-/vue-tsc-2.2.12.tgz 2902ms (cache miss)
7953 http fetch GET 200 https://registry.npmjs.org/magic-regexp/-/magic-regexp-0.10.0.tgz 2917ms (cache miss)
7954 http fetch GET 200 https://registry.npmjs.org/unplugin/-/unplugin-2.3.11.tgz 2922ms (cache miss)
7955 http fetch GET 200 https://registry.npmjs.org/h3/-/h3-1.15.11.tgz 2929ms (cache miss)
7956 http fetch GET 200 https://registry.npmjs.org/autoprefixer/-/autoprefixer-10.5.0.tgz 2935ms (cache miss)
7957 http fetch GET 200 https://registry.npmjs.org/tailwind-config-viewer/-/tailwind-config-viewer-2.0.4.tgz 2943ms (cache miss)
7958 http fetch GET 200 https://registry.npmjs.org/emoji-regex/-/emoji-regex-8.0.0.tgz 2947ms (cache miss)
7959 http fetch GET 200 https://registry.npmjs.org/@nuxt/kit/-/kit-3.21.4.tgz 2959ms (cache miss)
7960 http fetch GET 200 https://registry.npmjs.org/strip-ansi/-/strip-ansi-6.0.1.tgz 2981ms (cache miss)
7961 http fetch GET 200 https://registry.npmjs.org/consola/-/consola-3.4.2.tgz 2990ms (cache miss)
7962 http fetch GET 200 https://registry.npmjs.org/node-fetch-native/-/node-fetch-native-1.6.7.tgz 2991ms (cache miss)
7963 http fetch GET 200 https://registry.npmjs.org/ansi-regex/-/ansi-regex-5.0.1.tgz 2999ms (cache miss)
7964 http fetch GET 200 https://registry.npmjs.org/strip-ansi/-/strip-ansi-6.0.1.tgz 2998ms (cache miss)
7965 http fetch GET 200 https://registry.npmjs.org/ansi-styles/-/ansi-styles-6.2.3.tgz 3000ms (cache miss)
7966 http fetch GET 200 https://registry.npmjs.org/emoji-regex/-/emoji-regex-8.0.0.tgz 3000ms (cache miss)
7967 http fetch GET 200 https://registry.npmjs.org/ansi-regex/-/ansi-regex-5.0.1.tgz 3003ms (cache miss)
7968 http fetch GET 200 https://registry.npmjs.org/ansi-regex/-/ansi-regex-5.0.1.tgz 3003ms (cache miss)
7969 http fetch GET 200 https://registry.npmjs.org/@vue/compiler-sfc/-/compiler-sfc-3.5.34.tgz 3012ms (cache miss)
7970 http fetch GET 200 https://registry.npmjs.org/vue-router/-/vue-router-4.6.4.tgz 3004ms (cache miss)
7971 http fetch GET 200 https://registry.npmjs.org/@iconify/vue/-/vue-5.0.1.tgz 3021ms (cache miss)
7972 http fetch GET 200 https://registry.npmjs.org/@antfu/utils/-/utils-8.1.1.tgz 3029ms (cache miss)
7973 http fetch GET 200 https://registry.npmjs.org/string-width/-/string-width-5.1.2.tgz 3029ms (cache miss)
7974 http fetch GET 200 https://registry.npmjs.org/ansi-styles/-/ansi-styles-6.2.3.tgz 3029ms (cache miss)
7975 http fetch GET 200 https://registry.npmjs.org/string-width/-/string-width-4.2.3.tgz 3030ms (cache miss)
7976 http fetch GET 200 https://registry.npmjs.org/is-stream/-/is-stream-2.0.1.tgz 3030ms (cache miss)
7977 http fetch GET 200 https://registry.npmjs.org/wrap-ansi/-/wrap-ansi-8.1.0.tgz 3031ms (cache miss)
7978 http fetch GET 200 https://registry.npmjs.org/emoji-regex/-/emoji-regex-9.2.2.tgz 3036ms (cache miss)
7979 http fetch GET 200 https://registry.npmjs.org/jiti/-/jiti-2.7.0.tgz 3040ms (cache miss)
7980 http fetch GET 200 https://registry.npmjs.org/@iconify/collections/-/collections-1.0.681.tgz 3042ms (cache miss)
7981 http fetch GET 200 https://registry.npmjs.org/supports-color/-/supports-color-10.2.2.tgz 3043ms (cache miss)
7982 http fetch GET 200 https://registry.npmjs.org/magic-string/-/magic-string-0.30.21.tgz 3063ms (cache miss)
7983 http fetch GET 200 https://registry.npmjs.org/birpc/-/birpc-2.9.0.tgz 3063ms (cache miss)
7984 http fetch GET 200 https://registry.npmjs.org/signal-exit/-/signal-exit-3.0.7.tgz 3066ms (cache miss)
7985 http fetch GET 200 https://registry.npmjs.org/js-tokens/-/js-tokens-9.0.1.tgz 3067ms (cache miss)
7986 http fetch GET 200 https://registry.npmjs.org/picomatch/-/picomatch-2.3.2.tgz 3071ms (cache miss)
7987 http fetch GET 200 https://registry.npmjs.org/@volar/language-core/-/language-core-2.4.15.tgz 3077ms (cache miss)
7988 http fetch GET 200 https://registry.npmjs.org/@volar/source-map/-/source-map-2.4.15.tgz 3081ms (cache miss)
7989 http fetch GET 200 https://registry.npmjs.org/commander/-/commander-4.1.1.tgz 3082ms (cache miss)
7990 http fetch GET 200 https://registry.npmjs.org/setprototypeof/-/setprototypeof-1.1.0.tgz 3098ms (cache miss)
7991 http fetch GET 200 https://registry.npmjs.org/statuses/-/statuses-1.5.0.tgz 3112ms (cache miss)
7992 http fetch GET 200 https://registry.npmjs.org/inherits/-/inherits-2.0.3.tgz 3113ms (cache miss)
7993 http fetch GET 200 https://registry.npmjs.org/http-errors/-/http-errors-1.6.3.tgz 3115ms (cache miss)
7994 http fetch GET 200 https://registry.npmjs.org/statuses/-/statuses-1.5.0.tgz 3116ms (cache miss)
7995 http fetch GET 200 https://registry.npmjs.org/depd/-/depd-1.1.2.tgz 3116ms (cache miss)
7996 http fetch GET 200 https://registry.npmjs.org/mime-types/-/mime-types-2.1.35.tgz 3121ms (cache miss)
7997 http fetch GET 200 https://registry.npmjs.org/unstorage/-/unstorage-1.17.5.tgz 3127ms (cache miss)
7998 http fetch GET 200 https://registry.npmjs.org/statuses/-/statuses-1.5.0.tgz 3124ms (cache miss)
7999 http fetch GET 200 https://registry.npmjs.org/mime-db/-/mime-db-1.52.0.tgz 3125ms (cache miss)
8000 http fetch GET 200 https://registry.npmjs.org/depd/-/depd-1.1.2.tgz 3128ms (cache miss)
8001 http fetch GET 200 https://registry.npmjs.org/fontkit/-/fontkit-2.0.4.tgz 3145ms (cache miss)
8002 http fetch GET 200 https://registry.npmjs.org/postcss-selector-parser/-/postcss-selector-parser-6.1.2.tgz 3139ms (cache miss)
8003 http fetch GET 200 https://registry.npmjs.org/http-errors/-/http-errors-1.8.1.tgz 3141ms (cache miss)
8004 http fetch GET 200 https://registry.npmjs.org/mime-types/-/mime-types-2.1.35.tgz 3144ms (cache miss)
8005 http fetch GET 200 https://registry.npmjs.org/mime-types/-/mime-types-2.1.35.tgz 3145ms (cache miss)
8006 http fetch GET 200 https://registry.npmjs.org/@nuxt/devtools-kit/-/devtools-kit-2.7.0.tgz 3157ms (cache miss)
8007 http fetch GET 200 https://registry.npmjs.org/http-errors/-/http-errors-1.8.1.tgz 3154ms (cache miss)
8008 http fetch GET 200 https://registry.npmjs.org/mime-db/-/mime-db-1.52.0.tgz 3156ms (cache miss)
8009 http fetch GET 200 https://registry.npmjs.org/emoji-regex/-/emoji-regex-8.0.0.tgz 3155ms (cache miss)
8010 http fetch GET 200 https://registry.npmjs.org/source-map/-/source-map-0.6.1.tgz 3161ms (cache miss)
8011 http fetch GET 200 https://registry.npmjs.org/mime-db/-/mime-db-1.52.0.tgz 3161ms (cache miss)
8012 http fetch GET 200 https://registry.npmjs.org/ansi-regex/-/ansi-regex-5.0.1.tgz 3161ms (cache miss)
8013 http fetch GET 200 https://registry.npmjs.org/strip-ansi/-/strip-ansi-6.0.1.tgz 3163ms (cache miss)
8014 http fetch GET 200 https://registry.npmjs.org/wrap-ansi/-/wrap-ansi-7.0.0.tgz 3170ms (cache miss)
8015 http fetch GET 200 https://registry.npmjs.org/vue/-/vue-3.5.34.tgz 3176ms (cache miss)
8016 http fetch GET 200 https://registry.npmjs.org/cliui/-/cliui-8.0.1.tgz 3187ms (cache miss)
8017 http fetch GET 200 https://registry.npmjs.org/balanced-match/-/balanced-match-1.0.2.tgz 3188ms (cache miss)
8018 http fetch GET 200 https://registry.npmjs.org/minimatch/-/minimatch-3.1.5.tgz 3189ms (cache miss)
8019 http fetch GET 200 https://registry.npmjs.org/brace-expansion/-/brace-expansion-1.1.14.tgz 3191ms (cache miss)
8020 http fetch GET 200 https://registry.npmjs.org/string-width/-/string-width-4.2.3.tgz 3192ms (cache miss)
8021 http fetch GET 200 https://registry.npmjs.org/glob/-/glob-7.2.3.tgz 3193ms (cache miss)
8022 warn deprecated glob@7.2.3: Old versions of glob are not supported, and contain widely publicized security vulnerabilities, which have been fixed in the current version. Please update. Support for old versions may be purchased (at exorbitant rates) by contacting i@izs.me
8023 http fetch GET 200 https://registry.npmjs.org/yargs-parser/-/yargs-parser-21.1.1.tgz 3193ms (cache miss)
8024 http fetch GET 200 https://registry.npmjs.org/debug/-/debug-3.2.7.tgz 3196ms (cache miss)
8025 http fetch GET 200 https://registry.npmjs.org/http-errors/-/http-errors-1.8.1.tgz 3199ms (cache miss)
8026 http fetch GET 200 https://registry.npmjs.org/@nuxtjs/tailwindcss/-/tailwindcss-6.14.0.tgz 3205ms (cache miss)
8027 http fetch GET 200 https://registry.npmjs.org/statuses/-/statuses-1.5.0.tgz 3201ms (cache miss)
8028 http fetch GET 200 https://registry.npmjs.org/fresh/-/fresh-0.5.2.tgz 3211ms (cache miss)
8029 http fetch GET 200 https://registry.npmjs.org/depd/-/depd-1.1.2.tgz 3216ms (cache miss)
8030 http fetch GET 200 https://registry.npmjs.org/encodeurl/-/encodeurl-1.0.2.tgz 3216ms (cache miss)
8031 http fetch GET 200 https://registry.npmjs.org/string_decoder/-/string_decoder-1.1.1.tgz 3222ms (cache miss)
8032 http fetch GET 200 https://registry.npmjs.org/safe-buffer/-/safe-buffer-5.1.2.tgz 3231ms (cache miss)
8033 http fetch GET 200 https://registry.npmjs.org/balanced-match/-/balanced-match-1.0.2.tgz 3231ms (cache miss)
8034 http fetch GET 200 https://registry.npmjs.org/picomatch/-/picomatch-2.3.2.tgz 3236ms (cache miss)
8035 http fetch GET 200 https://registry.npmjs.org/depd/-/depd-1.1.2.tgz 3246ms (cache miss)
8036 http fetch GET 200 https://registry.npmjs.org/balanced-match/-/balanced-match-1.0.2.tgz 3255ms (cache miss)
8037 http fetch GET 200 https://registry.npmjs.org/brace-expansion/-/brace-expansion-2.1.0.tgz 3255ms (cache miss)
8038 http fetch GET 200 https://registry.npmjs.org/@nuxt/fonts/-/fonts-0.11.4.tgz 3262ms (cache miss)
8039 http fetch GET 200 https://registry.npmjs.org/readable-stream/-/readable-stream-2.3.8.tgz 3259ms (cache miss)
8040 http fetch GET 200 https://registry.npmjs.org/minimatch/-/minimatch-5.1.9.tgz 3261ms (cache miss)
8041 http fetch GET 200 https://registry.npmjs.org/commander/-/commander-2.20.3.tgz 3266ms (cache miss)
8042 http fetch GET 200 https://registry.npmjs.org/is-stream/-/is-stream-2.0.1.tgz 3268ms (cache miss)
8043 http fetch GET 200 https://registry.npmjs.org/mdn-data/-/mdn-data-2.0.28.tgz 3275ms (cache miss)
8044 http fetch GET 200 https://registry.npmjs.org/yallist/-/yallist-5.0.0.tgz 3273ms (cache miss)
8045 http fetch GET 200 https://registry.npmjs.org/yargs/-/yargs-17.7.2.tgz 3278ms (cache miss)
8046 http fetch GET 200 https://registry.npmjs.org/estree-walker/-/estree-walker-2.0.2.tgz 3281ms (cache miss)
8047 http fetch GET 200 https://registry.npmjs.org/estree-walker/-/estree-walker-2.0.2.tgz 3283ms (cache miss)
8048 http fetch GET 200 https://registry.npmjs.org/citty/-/citty-0.1.6.tgz 3292ms (cache miss)
8049 http fetch GET 200 https://registry.npmjs.org/@types/estree/-/estree-1.0.8.tgz 3293ms (cache miss)
8050 http fetch GET 200 https://registry.npmjs.org/estree-walker/-/estree-walker-2.0.2.tgz 3304ms (cache miss)
8051 http fetch GET 200 https://registry.npmjs.org/semver/-/semver-6.3.1.tgz 3308ms (cache miss)
8052 http fetch GET 200 https://registry.npmjs.org/estree-walker/-/estree-walker-2.0.2.tgz 3309ms (cache miss)
8053 http fetch GET 200 https://registry.npmjs.org/estree-walker/-/estree-walker-2.0.2.tgz 3309ms (cache miss)
8054 http fetch GET 200 https://registry.npmjs.org/semver/-/semver-6.3.1.tgz 3311ms (cache miss)
8055 http fetch GET 200 https://registry.npmjs.org/hookable/-/hookable-6.1.1.tgz 3312ms (cache miss)
8056 http fetch GET 200 https://registry.npmjs.org/pathe/-/pathe-1.1.2.tgz 3316ms (cache miss)
8057 http fetch GET 200 https://registry.npmjs.org/entities/-/entities-4.5.0.tgz 3319ms (cache miss)
8058 http fetch GET 200 https://registry.npmjs.org/path-key/-/path-key-4.0.0.tgz 3316ms (cache miss)
8059 http fetch GET 200 https://registry.npmjs.org/semver/-/semver-6.3.1.tgz 3318ms (cache miss)
8060 http fetch GET 200 https://registry.npmjs.org/path-scurry/-/path-scurry-1.11.1.tgz 3319ms (cache miss)
8061 http fetch GET 200 https://registry.npmjs.org/unicorn-magic/-/unicorn-magic-0.3.0.tgz 3319ms (cache miss)
8062 http fetch GET 200 https://registry.npmjs.org/readdirp/-/readdirp-4.1.2.tgz 3320ms (cache miss)
8063 http fetch GET 200 https://registry.npmjs.org/nuxt/-/nuxt-3.21.4.tgz 3329ms (cache miss)
8064 http fetch GET 200 https://registry.npmjs.org/npm-run-path/-/npm-run-path-6.0.0.tgz 3355ms (cache miss)
8065 http fetch GET 200 https://registry.npmjs.org/cookie-es/-/cookie-es-2.0.1.tgz 3371ms (cache miss)
8066 http fetch GET 200 https://registry.npmjs.org/open/-/open-10.2.0.tgz 3371ms (cache miss)
8067 http fetch GET 200 https://registry.npmjs.org/chokidar/-/chokidar-4.0.3.tgz 3374ms (cache miss)
8068 http fetch GET 200 https://registry.npmjs.org/birpc/-/birpc-2.9.0.tgz 3372ms (cache miss)
8069 http fetch GET 200 https://registry.npmjs.org/wsl-utils/-/wsl-utils-0.1.0.tgz 3372ms (cache miss)
8070 http fetch GET 200 https://registry.npmjs.org/std-env/-/std-env-4.1.0.tgz 3374ms (cache miss)
8071 http fetch GET 200 https://registry.npmjs.org/lru-cache/-/lru-cache-10.4.3.tgz 3378ms (cache miss)
8072 http fetch GET 200 https://registry.npmjs.org/cookie-es/-/cookie-es-3.1.1.tgz 3377ms (cache miss)
8073 http fetch GET 200 https://registry.npmjs.org/std-env/-/std-env-4.1.0.tgz 3377ms (cache miss)
8074 http fetch GET 200 https://registry.npmjs.org/std-env/-/std-env-4.1.0.tgz 3377ms (cache miss)
8075 http fetch GET 200 https://registry.npmjs.org/pathe/-/pathe-1.1.2.tgz 3380ms (cache miss)
8076 http fetch GET 200 https://registry.npmjs.org/esbuild/-/esbuild-0.27.7.tgz 3379ms (cache miss)
8077 http fetch GET 200 https://registry.npmjs.org/esbuild/-/esbuild-0.28.0.tgz 3381ms (cache miss)
8078 http fetch GET 200 https://registry.npmjs.org/estree-walker/-/estree-walker-2.0.2.tgz 3380ms (cache miss)
8079 http fetch GET 200 https://registry.npmjs.org/minimatch/-/minimatch-9.0.9.tgz 3386ms (cache miss)
8080 http fetch GET 200 https://registry.npmjs.org/std-env/-/std-env-4.1.0.tgz 3382ms (cache miss)
8081 http fetch GET 200 https://registry.npmjs.org/std-env/-/std-env-4.1.0.tgz 3382ms (cache miss)
8082 http fetch GET 200 https://registry.npmjs.org/hookable/-/hookable-6.1.1.tgz 3383ms (cache miss)
8083 http fetch GET 200 https://registry.npmjs.org/ofetch/-/ofetch-2.0.0-alpha.3.tgz 3383ms (cache miss)
8084 http fetch GET 200 https://registry.npmjs.org/unplugin/-/unplugin-3.0.0.tgz 3390ms (cache miss)
8085 http fetch GET 200 https://registry.npmjs.org/unplugin/-/unplugin-3.0.0.tgz 3392ms (cache miss)
8086 http fetch GET 200 https://registry.npmjs.org/std-env/-/std-env-4.1.0.tgz 3393ms (cache miss)
8087 http fetch GET 200 https://registry.npmjs.org/which/-/which-6.0.1.tgz 3393ms (cache miss)
8088 http fetch GET 200 https://registry.npmjs.org/glob/-/glob-10.5.0.tgz 3404ms (cache miss)
8089 http fetch GET 200 https://registry.npmjs.org/isexe/-/isexe-4.0.0.tgz 3402ms (cache miss)
8090 warn deprecated glob@10.5.0: Old versions of glob are not supported, and contain widely publicized security vulnerabilities, which have been fixed in the current version. Please update. Support for old versions may be purchased (at exorbitant rates) by contacting i@izs.me
8091 http fetch GET 200 https://registry.npmjs.org/hookable/-/hookable-6.1.1.tgz 3407ms (cache miss)
8092 http fetch GET 200 https://registry.npmjs.org/std-env/-/std-env-4.1.0.tgz 3411ms (cache miss)
8093 http fetch GET 200 https://registry.npmjs.org/path-key/-/path-key-4.0.0.tgz 3411ms (cache miss)
8094 http fetch GET 200 https://registry.npmjs.org/is-wsl/-/is-wsl-2.2.0.tgz 3411ms (cache miss)
8095 http fetch GET 200 https://registry.npmjs.org/brace-expansion/-/brace-expansion-2.1.0.tgz 3417ms (cache miss)
8096 http fetch GET 200 https://registry.npmjs.org/css-tree/-/css-tree-3.2.1.tgz 3434ms (cache miss)
8097 http fetch GET 200 https://registry.npmjs.org/@swc/helpers/-/helpers-0.5.21.tgz 3443ms (cache miss)
8098 http fetch GET 200 https://registry.npmjs.org/open/-/open-7.4.2.tgz 3424ms (cache miss)
8099 http fetch GET 200 https://registry.npmjs.org/citty/-/citty-0.1.6.tgz 3434ms (cache miss)
8100 http fetch GET 200 https://registry.npmjs.org/is-docker/-/is-docker-2.2.1.tgz 3435ms (cache miss)
8101 http fetch GET 200 https://registry.npmjs.org/balanced-match/-/balanced-match-1.0.2.tgz 3443ms (cache miss)
8102 http fetch GET 200 https://registry.npmjs.org/pkg-types/-/pkg-types-1.3.1.tgz 3446ms (cache miss)
8103 http fetch GET 200 https://registry.npmjs.org/brace-expansion/-/brace-expansion-2.1.0.tgz 3448ms (cache miss)
8104 http fetch GET 200 https://registry.npmjs.org/confbox/-/confbox-0.1.8.tgz 3459ms (cache miss)
8105 http fetch GET 200 https://registry.npmjs.org/alien-signals/-/alien-signals-1.0.13.tgz 3462ms (cache miss)
8106 http fetch GET 200 https://registry.npmjs.org/@volar/source-map/-/source-map-2.4.15.tgz 3466ms (cache miss)
8107 http fetch GET 200 https://registry.npmjs.org/lru-cache/-/lru-cache-11.3.6.tgz 3473ms (cache miss)
8108 http fetch GET 200 https://registry.npmjs.org/@volar/language-core/-/language-core-2.4.15.tgz 3478ms (cache miss)
8109 http fetch GET 200 https://registry.npmjs.org/readdirp/-/readdirp-3.6.0.tgz 3481ms (cache miss)
8110 http fetch GET 200 https://registry.npmjs.org/@nuxt/devtools/-/devtools-3.2.4.tgz 3508ms (cache miss)
8111 http fetch GET 200 https://registry.npmjs.org/picomatch/-/picomatch-2.3.2.tgz 3484ms (cache miss)
8112 http fetch GET 200 https://registry.npmjs.org/@esbuild/darwin-arm64/-/darwin-arm64-0.25.12.tgz 3509ms (cache miss)
8113 http fetch GET 200 https://registry.npmjs.org/@nuxt/icon/-/icon-1.15.0.tgz 3509ms (cache miss)
8114 http fetch GET 200 https://registry.npmjs.org/glob-parent/-/glob-parent-6.0.2.tgz 3505ms (cache miss)
8115 http fetch GET 200 https://registry.npmjs.org/chokidar/-/chokidar-3.6.0.tgz 3506ms (cache miss)
8116 http fetch GET 200 https://registry.npmjs.org/glob-parent/-/glob-parent-5.1.2.tgz 3512ms (cache miss)
8117 http fetch GET 200 https://registry.npmjs.org/cookie-es/-/cookie-es-2.0.1.tgz 3516ms (cache miss)
8118 http fetch GET 200 https://registry.npmjs.org/postcss-selector-parser/-/postcss-selector-parser-6.1.2.tgz 3525ms (cache miss)
8119 http fetch GET 200 https://registry.npmjs.org/commander/-/commander-6.2.1.tgz 3528ms (cache miss)
8120 http fetch GET 200 https://registry.npmjs.org/std-env/-/std-env-4.1.0.tgz 3529ms (cache miss)
8121 http fetch GET 200 https://registry.npmjs.org/minimatch/-/minimatch-9.0.9.tgz 3530ms (cache miss)
8122 http fetch GET 200 https://registry.npmjs.org/css-tree/-/css-tree-2.2.1.tgz 3545ms (cache miss)
8123 http fetch GET 200 https://registry.npmjs.org/unplugin/-/unplugin-3.0.0.tgz 3542ms (cache miss)
8124 http fetch GET 200 https://registry.npmjs.org/tailwindcss/-/tailwindcss-3.4.19.tgz 3559ms (cache miss)
8125 http fetch GET 200 https://registry.npmjs.org/jiti/-/jiti-1.21.7.tgz 3574ms (cache miss)
8126 http fetch GET 200 https://registry.npmjs.org/@vue/language-core/-/language-core-2.2.12.tgz 3589ms (cache miss)
8127 http fetch GET 200 https://registry.npmjs.org/@iconify/utils/-/utils-2.3.0.tgz 3612ms (cache miss)
8128 http fetch GET 200 https://registry.npmjs.org/@nuxt/kit/-/kit-4.4.4.tgz 3625ms (cache miss)
8129 http fetch GET 200 https://registry.npmjs.org/@nuxt/kit/-/kit-4.4.4.tgz 3630ms (cache miss)
8130 http fetch GET 200 https://registry.npmjs.org/caniuse-lite/-/caniuse-lite-1.0.30001792.tgz 3648ms (cache miss)
8131 http fetch GET 200 https://registry.npmjs.org/lru-cache/-/lru-cache-11.3.6.tgz 3677ms (cache miss)
8132 http fetch GET 200 https://registry.npmjs.org/@esbuild/darwin-arm64/-/darwin-arm64-0.27.7.tgz 3713ms (cache miss)
8133 http fetch GET 200 https://registry.npmjs.org/@nuxt/schema/-/schema-3.21.4.tgz 3712ms (cache miss)
8134 http fetch GET 200 https://registry.npmjs.org/@esbuild/darwin-arm64/-/darwin-arm64-0.28.0.tgz 3735ms (cache miss)
8135 http fetch GET 200 https://registry.npmjs.org/typescript/-/typescript-5.9.3.tgz 3761ms (cache miss)
8136 http fetch GET 200 https://registry.npmjs.org/@nuxt/devtools-kit/-/devtools-kit-3.2.4.tgz 3820ms (cache miss)
8137 http fetch GET 200 https://registry.npmjs.org/@capsizecss/metrics/-/metrics-3.7.0.tgz 48546ms (cache miss)
8138 info run @parcel/watcher@2.5.6 install node_modules/@parcel/watcher node scripts/build-from-source.js
8139 info run fsevents@2.3.3 install node_modules/fsevents node-gyp rebuild
8140 info run @parcel/watcher@2.5.6 install { code: 0, signal: null }
8141 info run fsevents@2.3.3 install { code: 1, signal: null }
8142 verbose reify failed optional dependency /Users/franccescobuscicchio/Desktop/rituali-creativi-nuxt/node_modules/fsevents
8143 silly reify mark deleted [
8143 silly reify   '/Users/franccescobuscicchio/Desktop/rituali-creativi-nuxt/node_modules/fsevents'
8143 silly reify ]
8144 info run esbuild@0.25.12 postinstall node_modules/esbuild node install.js
8145 info run esbuild@0.28.0 postinstall node_modules/nitropack/node_modules/esbuild node install.js
8146 info run esbuild@0.27.7 postinstall node_modules/vite/node_modules/esbuild node install.js
8147 info run esbuild@0.25.12 postinstall { code: 0, signal: null }
8148 info run esbuild@0.27.7 postinstall { code: 0, signal: null }
8149 info run esbuild@0.28.0 postinstall { code: 0, signal: null }
8150 silly ADD node_modules/he
8151 silly ADD node_modules/de-indent
8152 silly ADD node_modules/@vue/compiler-vue2
8153 silly ADD node_modules/binary-extensions
8154 silly ADD node_modules/is-binary-path
8155 silly ADD node_modules/require-directory
8156 silly ADD node_modules/concat-map
8157 silly ADD node_modules/wrappy
8158 silly ADD node_modules/once
8159 silly ADD node_modules/inflight
8160 silly ADD node_modules/fs.realpath
8161 silly ADD node_modules/process-nextick-args
8162 silly ADD node_modules/isarray
8163 silly ADD node_modules/core-util-is
8164 silly ADD node_modules/eastasianwidth
8165 silly ADD node_modules/is-fullwidth-code-point
8166 silly ADD node_modules/wrap-ansi-cjs
8167 silly ADD node_modules/wrap-ansi-cjs/node_modules/ansi-regex
8168 silly ADD node_modules/wrap-ansi-cjs/node_modules/emoji-regex
8169 silly ADD node_modules/wrap-ansi-cjs/node_modules/strip-ansi
8170 silly ADD node_modules/wrap-ansi-cjs/node_modules/string-width
8171 silly ADD node_modules/strip-ansi-cjs
8172 silly ADD node_modules/strip-ansi-cjs/node_modules/ansi-regex
8173 silly ADD node_modules/string-width-cjs
8174 silly ADD node_modules/string-width-cjs/node_modules/ansi-regex
8175 silly ADD node_modules/string-width-cjs/node_modules/strip-ansi
8176 silly ADD node_modules/string-width-cjs/node_modules/emoji-regex
8177 silly ADD node_modules/@pkgjs/parseargs
8178 silly ADD node_modules/@isaacs/cliui
8179 silly ADD node_modules/@isaacs/cliui/node_modules/ansi-styles
8180 silly ADD node_modules/@isaacs/cliui/node_modules/emoji-regex
8181 silly ADD node_modules/@isaacs/cliui/node_modules/wrap-ansi
8182 silly ADD node_modules/@isaacs/cliui/node_modules/string-width
8183 silly ADD node_modules/package-json-from-dist
8184 silly ADD node_modules/jackspeak
8185 silly ADD node_modules/foreground-child
8186 silly ADD node_modules/crc32-stream
8187 silly ADD node_modules/crc-32
8188 silly ADD node_modules/compress-commons
8189 silly ADD node_modules/compress-commons/node_modules/is-stream
8190 silly ADD node_modules/@poppinss/exception
8191 silly ADD node_modules/@sindresorhus/is
8192 silly ADD node_modules/kleur
8193 silly ADD node_modules/@speed-highlight/core
8194 silly ADD node_modules/@poppinss/dumper
8195 silly ADD node_modules/@poppinss/dumper/node_modules/supports-color
8196 silly ADD node_modules/@poppinss/colors
8197 silly ADD node_modules/ansi-regex
8198 silly ADD node_modules/get-east-asian-width
8199 silly ADD node_modules/emoji-regex
8200 silly ADD node_modules/wrap-ansi
8201 silly ADD node_modules/wrap-ansi/node_modules/ansi-styles
8202 silly ADD node_modules/strip-ansi
8203 silly ADD node_modules/yargs-parser
8204 silly ADD node_modules/y18n
8205 silly ADD node_modules/string-width
8206 silly ADD node_modules/get-caller-file
8207 silly ADD node_modules/cliui
8208 silly ADD node_modules/is-wsl
8209 silly ADD node_modules/isexe
8210 silly ADD node_modules/webidl-conversions
8211 silly ADD node_modules/tr46
8212 silly ADD node_modules/@volar/typescript
8213 silly ADD node_modules/@volar/typescript/node_modules/@volar/source-map
8214 silly ADD node_modules/@volar/typescript/node_modules/@volar/language-core
8215 silly ADD node_modules/@vue/devtools-api
8216 silly ADD node_modules/csstype
8217 silly ADD node_modules/@vue/runtime-core
8218 silly ADD node_modules/@vue/reactivity
8219 silly ADD node_modules/@vue/server-renderer
8220 silly ADD node_modules/@vue/runtime-dom
8221 silly ADD node_modules/vite-hot-client
8222 silly ADD node_modules/vite-dev-rpc
8223 silly ADD node_modules/vite-dev-rpc/node_modules/birpc
8224 silly ADD node_modules/ansis
8225 silly ADD node_modules/retry
8226 silly ADD node_modules/vscode-uri
8227 silly ADD node_modules/tiny-invariant
8228 silly ADD node_modules/proper-lockfile
8229 silly ADD node_modules/proper-lockfile/node_modules/signal-exit
8230 silly ADD node_modules/obug
8231 silly ADD node_modules/cac
8232 silly ADD node_modules/escalade
8233 silly ADD node_modules/anymatch
8234 silly ADD node_modules/anymatch/node_modules/picomatch
8235 silly ADD node_modules/@volar/source-map
8236 silly ADD node_modules/path-browserify
8237 silly ADD node_modules/alien-signals
8238 silly ADD node_modules/@volar/language-core
8239 silly ADD node_modules/magic-string-ast
8240 silly ADD node_modules/ast-kit
8241 silly ADD node_modules/yaml
8242 silly ADD node_modules/muggle-string
8243 silly ADD node_modules/ast-walker-scope
8244 silly ADD node_modules/@vue/language-core
8245 silly ADD node_modules/@vue-macros/common
8246 silly ADD node_modules/webpack-virtual-modules
8247 silly ADD node_modules/strip-literal
8248 silly ADD node_modules/strip-literal/node_modules/js-tokens
8249 silly ADD node_modules/pako
8250 silly ADD node_modules/media-typer
8251 silly ADD node_modules/tagged-tag
8252 silly ADD node_modules/is-number
8253 silly ADD node_modules/thenify
8254 silly ADD node_modules/buffer-from
8255 silly ADD node_modules/source-map-support
8256 silly ADD node_modules/source-map-support/node_modules/source-map
8257 silly ADD node_modules/@jridgewell/source-map
8258 silly ADD node_modules/text-decoder
8259 silly ADD node_modules/events-universal
8260 silly ADD node_modules/teex
8261 silly ADD node_modules/bare-os
8262 silly ADD node_modules/bare-url
8263 silly ADD node_modules/bare-stream
8264 silly ADD node_modules/bare-path
8265 silly ADD node_modules/bare-events
8266 silly ADD node_modules/streamx
8267 silly ADD node_modules/fast-fifo
8268 silly ADD node_modules/bare-fs
8269 silly ADD node_modules/b4a
8270 silly ADD node_modules/minizlib
8271 silly ADD node_modules/chownr
8272 silly ADD node_modules/@isaacs/fs-minipass
8273 silly ADD node_modules/thenify-all
8274 silly ADD node_modules/object-assign
8275 silly ADD node_modules/any-promise
8276 silly ADD node_modules/ts-interface-checker
8277 silly ADD node_modules/pirates
8278 silly ADD node_modules/mz
8279 silly ADD node_modules/lines-and-columns
8280 silly ADD node_modules/pify
8281 silly ADD node_modules/camelcase-css
8282 silly ADD node_modules/read-cache
8283 silly ADD node_modules/sucrase
8284 silly ADD node_modules/sucrase/node_modules/commander
8285 silly ADD node_modules/postcss-nested
8286 silly ADD node_modules/postcss-nested/node_modules/postcss-selector-parser
8287 silly ADD node_modules/postcss-load-config
8288 silly ADD node_modules/postcss-js
8289 silly ADD node_modules/postcss-import
8290 silly ADD node_modules/object-hash
8291 silly ADD node_modules/dlv
8292 silly ADD node_modules/didyoumean
8293 silly ADD node_modules/arg
8294 silly ADD node_modules/@alloc/quick-lru
8295 silly ADD node_modules/has-flag
8296 silly ADD node_modules/is-regex
8297 silly ADD node_modules/path-is-absolute
8298 silly ADD node_modules/color-name
8299 silly ADD node_modules/color-convert
8300 silly ADD node_modules/supports-color
8301 silly ADD node_modules/ansi-styles
8302 silly ADD node_modules/chalk
8303 silly ADD node_modules/resolve-path
8304 silly ADD node_modules/resolve-path/node_modules/statuses
8305 silly ADD node_modules/resolve-path/node_modules/setprototypeof
8306 silly ADD node_modules/resolve-path/node_modules/inherits
8307 silly ADD node_modules/resolve-path/node_modules/depd
8308 silly ADD node_modules/resolve-path/node_modules/http-errors
8309 silly ADD node_modules/koa-send
8310 silly ADD node_modules/koa-send/node_modules/statuses
8311 silly ADD node_modules/koa-send/node_modules/depd
8312 silly ADD node_modules/koa-send/node_modules/http-errors
8313 silly ADD node_modules/co
8314 silly ADD node_modules/tsscmp
8315 silly ADD node_modules/dunder-proto
8316 silly ADD node_modules/math-intrinsics
8317 silly ADD node_modules/has-symbols
8318 silly ADD node_modules/gopd
8319 silly ADD node_modules/es-object-atoms
8320 silly ADD node_modules/es-define-property
8321 silly ADD node_modules/get-intrinsic
8322 silly ADD node_modules/call-bind-apply-helpers
8323 silly ADD node_modules/safe-regex-test
8324 silly ADD node_modules/has-tostringtag
8325 silly ADD node_modules/get-proto
8326 silly ADD node_modules/generator-function
8327 silly ADD node_modules/call-bound
8328 silly ADD node_modules/deep-equal
8329 silly ADD node_modules/keygrip
8330 silly ADD node_modules/ylru
8331 silly ADD node_modules/negotiator
8332 silly ADD node_modules/vary
8333 silly ADD node_modules/type-is
8334 silly ADD node_modules/type-is/node_modules/mime-db
8335 silly ADD node_modules/type-is/node_modules/mime-types
8336 silly ADD node_modules/only
8337 silly ADD node_modules/koa-convert
8338 silly ADD node_modules/is-generator-function
8339 silly ADD node_modules/http-assert
8340 silly ADD node_modules/http-assert/node_modules/statuses
8341 silly ADD node_modules/http-assert/node_modules/depd
8342 silly ADD node_modules/http-assert/node_modules/http-errors
8343 silly ADD node_modules/destroy
8344 silly ADD node_modules/delegates
8345 silly ADD node_modules/cookies
8346 silly ADD node_modules/content-type
8347 silly ADD node_modules/content-disposition
8348 silly ADD node_modules/cache-content-type
8349 silly ADD node_modules/cache-content-type/node_modules/mime-db
8350 silly ADD node_modules/cache-content-type/node_modules/mime-types
8351 silly ADD node_modules/accepts
8352 silly ADD node_modules/accepts/node_modules/mime-db
8353 silly ADD node_modules/accepts/node_modules/mime-types
8354 silly ADD node_modules/universalify
8355 silly ADD node_modules/jsonfile
8356 silly ADD node_modules/at-least-node
8357 silly ADD node_modules/path-to-regexp
8358 silly ADD node_modules/methods
8359 silly ADD node_modules/koa-compose
8360 silly ADD node_modules/replace-in-file
8361 silly ADD node_modules/replace-in-file/node_modules/ansi-regex
8362 silly ADD node_modules/replace-in-file/node_modules/emoji-regex
8363 silly ADD node_modules/replace-in-file/node_modules/wrap-ansi
8364 silly ADD node_modules/replace-in-file/node_modules/strip-ansi
8365 silly ADD node_modules/replace-in-file/node_modules/yargs-parser
8366 silly ADD node_modules/replace-in-file/node_modules/string-width
8367 silly ADD node_modules/replace-in-file/node_modules/cliui
8368 silly ADD node_modules/replace-in-file/node_modules/balanced-match
8369 silly ADD node_modules/replace-in-file/node_modules/brace-expansion
8370 silly ADD node_modules/replace-in-file/node_modules/minimatch
8371 silly ADD node_modules/replace-in-file/node_modules/yargs
8372 silly ADD node_modules/replace-in-file/node_modules/glob
8373 silly ADD node_modules/portfinder
8374 silly ADD node_modules/koa-static
8375 silly ADD node_modules/koa-static/node_modules/debug
8376 silly ADD node_modules/koa
8377 silly ADD node_modules/koa/node_modules/statuses
8378 silly ADD node_modules/koa/node_modules/http-errors
8379 silly ADD node_modules/koa/node_modules/http-errors/node_modules/depd
8380 silly ADD node_modules/koa/node_modules/fresh
8381 silly ADD node_modules/koa/node_modules/encodeurl
8382 silly ADD node_modules/fs-extra
8383 silly ADD node_modules/@koa/router
8384 silly ADD node_modules/dom-serializer
8385 silly ADD node_modules/dom-serializer/node_modules/entities
8386 silly ADD node_modules/domelementtype
8387 silly ADD node_modules/nth-check
8388 silly ADD node_modules/domutils
8389 silly ADD node_modules/domhandler
8390 silly ADD node_modules/boolbase
8391 silly ADD node_modules/sax
8392 silly ADD node_modules/csso
8393 silly ADD node_modules/csso/node_modules/mdn-data
8394 silly ADD node_modules/csso/node_modules/css-tree
8395 silly ADD node_modules/css-what
8396 silly ADD node_modules/css-select
8397 silly ADD node_modules/commander
8398 silly ADD node_modules/safe-buffer
8399 silly ADD node_modules/totalist
8400 silly ADD node_modules/mrmime
8401 silly ADD node_modules/@polka/url
8402 silly ADD node_modules/@simple-git/argv-parser
8403 silly ADD node_modules/@simple-git/args-pathspec
8404 silly ADD node_modules/@kwsites/promise-deferred
8405 silly ADD node_modules/@kwsites/file-exists
8406 silly ADD node_modules/shebang-regex
8407 silly ADD node_modules/ee-first
8408 silly ADD node_modules/mime-db
8409 silly ADD node_modules/toidentifier
8410 silly ADD node_modules/setprototypeof
8411 silly ADD node_modules/inherits
8412 silly ADD node_modules/depd
8413 silly ADD node_modules/statuses
8414 silly ADD node_modules/range-parser
8415 silly ADD node_modules/on-finished
8416 silly ADD node_modules/mime-types
8417 silly ADD node_modules/http-errors
8418 silly ADD node_modules/fresh
8419 silly ADD node_modules/send
8420 silly ADD node_modules/parseurl
8421 silly ADD node_modules/escape-html
8422 silly ADD node_modules/encodeurl
8423 silly ADD node_modules/queue-microtask
8424 silly ADD node_modules/is-docker
8425 silly ADD node_modules/run-applescript
8426 silly ADD node_modules/default-browser-id
8427 silly ADD node_modules/bundle-name
8428 silly ADD node_modules/wsl-utils
8429 silly ADD node_modules/powershell-utils
8430 silly ADD node_modules/is-inside-container
8431 silly ADD node_modules/is-in-ssh
8432 silly ADD node_modules/define-lazy-prop
8433 silly ADD node_modules/default-browser
8434 silly ADD node_modules/yargs
8435 silly ADD node_modules/open
8436 silly ADD
8437 silly ADD
8438 silly ADD
8439 silly ADD
8440 silly ADD
8441 silly ADD
8442 silly ADD
8443 silly ADD
8444 silly ADD
8445 silly ADD
8446 silly ADD
8447 silly ADD
8448 silly ADD
8449 silly ADD
8450 silly ADD
8451 silly ADD
8452 silly ADD
8453 silly ADD
8454 silly ADD
8455 silly ADD
8456 silly ADD
8457 silly ADD
8458 silly ADD
8459 silly ADD node_modules/@rollup/rollup-darwin-arm64
8460 silly ADD
8461 silly ADD
8462 silly ADD node_modules/function-bind
8463 silly ADD node_modules/hasown
8464 silly ADD node_modules/supports-preserve-symlinks-flag
8465 silly ADD node_modules/path-parse
8466 silly ADD node_modules/is-core-module
8467 silly ADD node_modules/es-errors
8468 silly ADD node_modules/ieee754
8469 silly ADD node_modules/event-target-shim
8470 silly ADD node_modules/string_decoder
8471 silly ADD node_modules/process
8472 silly ADD node_modules/events
8473 silly ADD node_modules/buffer
8474 silly ADD node_modules/abort-controller
8475 silly ADD node_modules/svgo
8476 silly ADD node_modules/util-deprecate
8477 silly ADD node_modules/@csstools/selector-specificity
8478 silly ADD node_modules/@csstools/selector-resolve-nested
8479 silly ADD node_modules/cssesc
8480 silly ADD node_modules/stylehacks
8481 silly ADD node_modules/lodash.uniq
8482 silly ADD node_modules/lodash.memoize
8483 silly ADD node_modules/caniuse-api
8484 silly ADD node_modules/@colordx/core
8485 silly ADD node_modules/postcss-selector-parser
8486 silly ADD node_modules/nanoid
8487 silly ADD
8488 silly ADD
8489 silly ADD
8490 silly ADD
8491 silly ADD
8492 silly ADD
8493 silly ADD
8494 silly ADD
8495 silly ADD
8496 silly ADD
8497 silly ADD
8498 silly ADD
8499 silly ADD
8500 silly ADD
8501 silly ADD
8502 silly ADD
8503 silly ADD
8504 silly ADD node_modules/@oxc-transform/binding-darwin-arm64
8505 silly ADD
8506 silly ADD
8507 silly ADD node_modules/@oxc-project/types
8508 silly ADD
8509 silly ADD
8510 silly ADD
8511 silly ADD
8512 silly ADD
8513 silly ADD
8514 silly ADD
8515 silly ADD
8516 silly ADD
8517 silly ADD
8518 silly ADD
8519 silly ADD
8520 silly ADD
8521 silly ADD
8522 silly ADD
8523 silly ADD
8524 silly ADD
8525 silly ADD node_modules/@oxc-parser/binding-darwin-arm64
8526 silly ADD
8527 silly ADD
8528 silly ADD node_modules/@tybys/wasm-util
8529 silly ADD node_modules/@emnapi/wasi-threads
8530 silly ADD node_modules/@napi-rs/wasm-runtime
8531 silly ADD node_modules/@emnapi/runtime
8532 silly ADD node_modules/@emnapi/core
8533 silly ADD
8534 silly ADD
8535 silly ADD
8536 silly ADD
8537 silly ADD
8538 silly ADD
8539 silly ADD
8540 silly ADD
8541 silly ADD
8542 silly ADD
8543 silly ADD
8544 silly ADD
8545 silly ADD
8546 silly ADD
8547 silly ADD
8548 silly ADD
8549 silly ADD
8550 silly ADD node_modules/@oxc-minify/binding-darwin-arm64
8551 silly ADD
8552 silly ADD
8553 silly ADD node_modules/mimic-fn
8554 silly ADD node_modules/abbrev
8555 silly ADD node_modules/balanced-match
8556 silly ADD node_modules/brace-expansion
8557 silly ADD node_modules/to-regex-range
8558 silly ADD node_modules/fill-range
8559 silly ADD node_modules/braces
8560 silly ADD node_modules/standard-as-callback
8561 silly ADD node_modules/redis-parser
8562 silly ADD node_modules/redis-errors
8563 silly ADD node_modules/lodash.isarguments
8564 silly ADD node_modules/lodash.defaults
8565 silly ADD node_modules/denque
8566 silly ADD node_modules/cluster-key-slot
8567 silly ADD node_modules/@ioredis/commands
8568 silly ADD node_modules/agent-base
8569 silly ADD node_modules/duplexer
8570 silly ADD node_modules/reusify
8571 silly ADD node_modules/run-parallel
8572 silly ADD node_modules/fastq
8573 silly ADD node_modules/@nodelib/fs.scandir
8574 silly ADD node_modules/micromatch
8575 silly ADD node_modules/micromatch/node_modules/picomatch
8576 silly ADD node_modules/merge2
8577 silly ADD node_modules/glob-parent
8578 silly ADD node_modules/@nodelib/fs.walk
8579 silly ADD node_modules/@nodelib/fs.stat
8580 silly ADD node_modules/unicorn-magic
8581 silly ADD node_modules/slash
8582 silly ADD node_modules/fast-glob
8583 silly ADD node_modules/@sindresorhus/merge-streams
8584 silly ADD node_modules/path-scurry
8585 silly ADD node_modules/path-scurry/node_modules/lru-cache
8586 silly ADD node_modules/minipass
8587 silly ADD node_modules/minimatch
8588 silly ADD node_modules/type-fest
8589 silly ADD node_modules/file-uri-to-path
8590 silly ADD node_modules/normalize-path
8591 silly ADD node_modules/lodash
8592 silly ADD node_modules/lazystream
8593 silly ADD node_modules/lazystream/node_modules/string_decoder
8594 silly ADD node_modules/lazystream/node_modules/safe-buffer
8595 silly ADD node_modules/lazystream/node_modules/readable-stream
8596 silly ADD node_modules/zip-stream
8597 silly ADD node_modules/tar-stream
8598 silly ADD node_modules/readdir-glob
8599 silly ADD node_modules/readdir-glob/node_modules/balanced-match
8600 silly ADD node_modules/readdir-glob/node_modules/brace-expansion
8601 silly ADD node_modules/readdir-glob/node_modules/minimatch
8602 silly ADD node_modules/readable-stream
8603 silly ADD node_modules/buffer-crc32
8604 silly ADD node_modules/async
8605 silly ADD node_modules/archiver-utils
8606 silly ADD node_modules/archiver-utils/node_modules/lru-cache
8607 silly ADD node_modules/archiver-utils/node_modules/balanced-match
8608 silly ADD node_modules/archiver-utils/node_modules/brace-expansion
8609 silly ADD node_modules/archiver-utils/node_modules/path-scurry
8610 silly ADD node_modules/archiver-utils/node_modules/minimatch
8611 silly ADD node_modules/archiver-utils/node_modules/is-stream
8612 silly ADD node_modules/archiver-utils/node_modules/glob
8613 silly ADD node_modules/tar
8614 silly ADD node_modules/tar/node_modules/yallist
8615 silly ADD node_modules/nopt
8616 silly ADD node_modules/https-proxy-agent
8617 silly ADD node_modules/resolve-from
8618 silly ADD node_modules/node-gyp-build
8619 silly ADD node_modules/glob
8620 silly ADD node_modules/bindings
8621 silly ADD node_modules/async-sema
8622 silly ADD node_modules/acorn-import-attributes
8623 silly ADD node_modules/@mapbox/node-pre-gyp
8624 silly ADD node_modules/terser
8625 silly ADD node_modules/terser/node_modules/commander
8626 silly ADD node_modules/smob
8627 silly ADD node_modules/serialize-javascript
8628 silly ADD node_modules/resolve
8629 silly ADD node_modules/is-module
8630 silly ADD node_modules/deepmerge
8631 silly ADD node_modules/@types/resolve
8632 silly ADD node_modules/is-reference
8633 silly ADD node_modules/fdir
8634 silly ADD node_modules/commondir
8635 silly ADD node_modules/youch-core
8636 silly ADD node_modules/unwasm
8637 silly ADD node_modules/source-map
8638 silly ADD node_modules/serve-static
8639 silly ADD node_modules/serve-placeholder
8640 silly ADD node_modules/rollup-plugin-visualizer
8641 silly ADD node_modules/rollup
8642 silly ADD node_modules/rollup/node_modules/@types/estree
8643 silly ADD node_modules/pretty-bytes
8644 silly ADD node_modules/mime
8645 silly ADD node_modules/ioredis
8646 silly ADD node_modules/httpxy
8647 silly ADD node_modules/gzip-size
8648 silly ADD node_modules/globby
8649 silly ADD node_modules/etag
8650 silly ADD node_modules/dot-prop
8651 silly ADD node_modules/db0
8652 silly ADD node_modules/croner
8653 silly ADD node_modules/archiver
8654 silly ADD node_modules/@vercel/nft
8655 silly ADD node_modules/@vercel/nft/node_modules/estree-walker
8656 silly ADD node_modules/@rollup/plugin-terser
8657 silly ADD node_modules/@rollup/plugin-node-resolve
8658 silly ADD node_modules/@rollup/plugin-json
8659 silly ADD node_modules/@rollup/plugin-inject
8660 silly ADD node_modules/@rollup/plugin-inject/node_modules/estree-walker
8661 silly ADD node_modules/@rollup/plugin-commonjs
8662 silly ADD node_modules/@rollup/plugin-commonjs/node_modules/estree-walker
8663 silly ADD node_modules/@rollup/plugin-alias
8664 silly ADD node_modules/@cloudflare/kv-asset-handler
8665 silly ADD node_modules/yallist
8666 silly ADD node_modules/is-extglob
8667 silly ADD node_modules/node-addon-api
8668 silly ADD node_modules/is-glob
8669 silly ADD node_modules/detect-libc
8670 silly ADD
8671 silly ADD
8672 silly ADD
8673 silly ADD
8674 silly ADD
8675 silly ADD
8676 silly ADD
8677 silly ADD
8678 silly ADD
8679 silly ADD
8680 silly ADD
8681 silly ADD node_modules/@parcel/watcher-darwin-arm64
8682 silly ADD
8683 silly ADD node_modules/uqr
8684 silly ADD node_modules/untun
8685 silly ADD node_modules/untun/node_modules/pathe
8686 silly ADD node_modules/untun/node_modules/citty
8687 silly ADD node_modules/node-forge
8688 silly ADD node_modules/http-shutdown
8689 silly ADD node_modules/@parcel/watcher-wasm
8690 silly ADD node_modules/@parcel/watcher
8691 silly ADD node_modules/shell-quote
8692 silly ADD node_modules/ini
8693 silly ADD node_modules/is-path-inside
8694 silly ADD node_modules/global-directory
8695 silly ADD node_modules/unplugin-utils
8696 silly ADD node_modules/es-module-lexer
8697 silly ADD node_modules/fast-string-truncated-width
8698 silly ADD node_modules/tapable
8699 silly ADD node_modules/graceful-fs
8700 silly ADD node_modules/enhanced-resolve
8701 silly ADD node_modules/postcss-unique-selectors
8702 silly ADD node_modules/postcss-svgo
8703 silly ADD node_modules/postcss-reduce-transforms
8704 silly ADD node_modules/postcss-reduce-initial
8705 silly ADD node_modules/postcss-ordered-values
8706 silly ADD node_modules/postcss-normalize-whitespace
8707 silly ADD node_modules/postcss-normalize-url
8708 silly ADD node_modules/postcss-normalize-unicode
8709 silly ADD node_modules/postcss-normalize-timing-functions
8710 silly ADD node_modules/postcss-normalize-string
8711 silly ADD node_modules/postcss-normalize-repeat-style
8712 silly ADD node_modules/postcss-normalize-positions
8713 silly ADD node_modules/postcss-normalize-display-values
8714 silly ADD node_modules/postcss-normalize-charset
8715 silly ADD node_modules/postcss-minify-selectors
8716 silly ADD node_modules/postcss-minify-params
8717 silly ADD node_modules/postcss-minify-gradients
8718 silly ADD node_modules/postcss-minify-font-values
8719 silly ADD node_modules/postcss-merge-rules
8720 silly ADD node_modules/postcss-merge-longhand
8721 silly ADD node_modules/postcss-discard-overridden
8722 silly ADD node_modules/postcss-discard-empty
8723 silly ADD node_modules/postcss-discard-duplicates
8724 silly ADD node_modules/postcss-discard-comments
8725 silly ADD node_modules/postcss-convert-values
8726 silly ADD node_modules/postcss-colormin
8727 silly ADD node_modules/postcss-calc
8728 silly ADD node_modules/cssnano-utils
8729 silly ADD node_modules/css-declaration-sorter
8730 silly ADD node_modules/lilconfig
8731 silly ADD node_modules/cssnano-preset-default
8732 silly ADD node_modules/@vue/devtools-shared
8733 silly ADD node_modules/entities
8734 silly ADD node_modules/@vue/compiler-ssr
8735 silly ADD node_modules/@vue/compiler-dom
8736 silly ADD node_modules/@vue/compiler-core
8737 silly ADD node_modules/@vue/compiler-core/node_modules/estree-walker
8738 silly ADD node_modules/@vue/babel-plugin-resolve-type
8739 silly ADD node_modules/@vue/babel-helper-vue-transform-on
8740 silly ADD node_modules/@babel/plugin-syntax-jsx
8741 silly ADD node_modules/@jridgewell/resolve-uri
8742 silly ADD node_modules/@babel/helper-string-parser
8743 silly ADD node_modules/@babel/helper-globals
8744 silly ADD node_modules/@babel/helper-replace-supers
8745 silly ADD node_modules/@babel/helper-optimise-call-expression
8746 silly ADD node_modules/@babel/helper-member-expression-to-functions
8747 silly ADD node_modules/@babel/helper-skip-transparent-expression-wrappers
8748 silly ADD node_modules/@babel/helper-create-class-features-plugin
8749 silly ADD node_modules/@babel/helper-create-class-features-plugin/node_modules/semver
8750 silly ADD node_modules/@babel/helper-annotate-as-pure
8751 silly ADD node_modules/@babel/helper-plugin-utils
8752 silly ADD node_modules/@babel/helper-module-imports
8753 silly ADD node_modules/lru-cache
8754 silly ADD node_modules/@babel/helper-validator-option
8755 silly ADD node_modules/@babel/compat-data
8756 silly ADD node_modules/jsesc
8757 silly ADD node_modules/@jridgewell/trace-mapping
8758 silly ADD node_modules/@jridgewell/gen-mapping
8759 silly ADD node_modules/js-tokens
8760 silly ADD node_modules/@babel/helper-validator-identifier
8761 silly ADD node_modules/json5
8762 silly ADD node_modules/gensync
8763 silly ADD node_modules/convert-source-map
8764 silly ADD node_modules/@jridgewell/remapping
8765 silly ADD node_modules/@babel/types
8766 silly ADD node_modules/@babel/traverse
8767 silly ADD node_modules/@babel/template
8768 silly ADD node_modules/@babel/parser
8769 silly ADD node_modules/@babel/helpers
8770 silly ADD node_modules/@babel/helper-module-transforms
8771 silly ADD node_modules/@babel/helper-compilation-targets
8772 silly ADD node_modules/@babel/helper-compilation-targets/node_modules/semver
8773 silly ADD node_modules/@babel/generator
8774 silly ADD node_modules/@babel/code-frame
8775 silly ADD node_modules/@vue/babel-plugin-jsx
8776 silly ADD node_modules/@babel/plugin-transform-typescript
8777 silly ADD node_modules/@babel/plugin-syntax-typescript
8778 silly ADD node_modules/@babel/core
8779 silly ADD node_modules/@babel/core/node_modules/semver
8780 silly ADD node_modules/@rolldown/pluginutils
8781 silly ADD node_modules/unhead
8782 silly ADD node_modules/unhead/node_modules/hookable
8783 silly ADD node_modules/@rollup/pluginutils
8784 silly ADD node_modules/@rollup/pluginutils/node_modules/estree-walker
8785 silly ADD node_modules/vite-plugin-checker
8786 silly ADD node_modules/vite-plugin-checker/node_modules/unicorn-magic
8787 silly ADD node_modules/vite-plugin-checker/node_modules/path-key
8788 silly ADD node_modules/vite-plugin-checker/node_modules/readdirp
8789 silly ADD node_modules/vite-plugin-checker/node_modules/npm-run-path
8790 silly ADD node_modules/vite-plugin-checker/node_modules/chokidar
8791 silly ADD node_modules/vite-node
8792 silly ADD node_modules/unenv
8793 silly ADD node_modules/seroval
8794 silly ADD node_modules/externality
8795 silly ADD node_modules/externality/node_modules/pathe
8796 silly ADD node_modules/cssnano
8797 silly ADD node_modules/@vitejs/plugin-vue-jsx
8798 silly ADD node_modules/@vitejs/plugin-vue
8799 silly ADD node_modules/@rollup/plugin-replace
8800 silly ADD node_modules/vue-devtools-stub
8801 silly ADD node_modules/vue-bundle-renderer
8802 silly ADD node_modules/nitropack
8803 silly ADD
8804 silly ADD
8805 silly ADD
8806 silly ADD
8807 silly ADD
8808 silly ADD
8809 silly ADD
8810 silly ADD
8811 silly ADD
8812 silly ADD
8813 silly ADD
8814 silly ADD
8815 silly ADD
8816 silly ADD
8817 silly ADD
8818 silly ADD
8819 silly ADD
8820 silly ADD
8821 silly ADD
8822 silly ADD
8823 silly ADD
8824 silly ADD node_modules/nitropack/node_modules/@esbuild/darwin-arm64
8825 silly ADD
8826 silly ADD
8827 silly ADD
8828 silly ADD
8829 silly ADD node_modules/nitropack/node_modules/std-env
8830 silly ADD node_modules/nitropack/node_modules/esbuild
8831 silly ADD node_modules/nitropack/node_modules/cookie-es
8832 silly ADD node_modules/mocked-exports
8833 silly ADD node_modules/@nuxt/devalue
8834 silly ADD node_modules/diff
8835 silly ADD node_modules/ws
8836 silly ADD node_modules/vite-plugin-vue-tracer
8837 silly ADD node_modules/vite
8838 silly ADD
8839 silly ADD
8840 silly ADD
8841 silly ADD
8842 silly ADD
8843 silly ADD
8844 silly ADD
8845 silly ADD
8846 silly ADD
8847 silly ADD
8848 silly ADD
8849 silly ADD
8850 silly ADD
8851 silly ADD
8852 silly ADD
8853 silly ADD
8854 silly ADD
8855 silly ADD
8856 silly ADD
8857 silly ADD
8858 silly ADD
8859 silly ADD node_modules/vite/node_modules/@esbuild/darwin-arm64
8860 silly ADD
8861 silly ADD
8862 silly ADD
8863 silly ADD
8864 silly ADD node_modules/vite/node_modules/esbuild
8865 silly ADD node_modules/vite-plugin-inspect
8866 silly ADD node_modules/vite-plugin-inspect/node_modules/wsl-utils
8867 silly ADD node_modules/vite-plugin-inspect/node_modules/open
8868 silly ADD node_modules/structured-clone-es
8869 silly ADD node_modules/simple-git
8870 silly ADD node_modules/magicast
8871 silly ADD node_modules/launch-editor
8872 silly ADD node_modules/is-installed-globally
8873 silly ADD node_modules/image-meta
8874 silly ADD node_modules/get-port-please
8875 silly ADD node_modules/fast-npm-meta
8876 silly ADD node_modules/error-stack-parser-es
8877 silly ADD node_modules/birpc
8878 silly ADD node_modules/@vue/devtools-kit
8879 silly ADD node_modules/@vue/devtools-kit/node_modules/birpc
8880 silly ADD node_modules/@vue/devtools-core
8881 silly ADD node_modules/@nuxt/devtools-wizard
8882 silly ADD node_modules/sisteransi
8883 silly ADD node_modules/fast-wrap-ansi
8884 silly ADD node_modules/fast-string-width
8885 silly ADD node_modules/@clack/core
8886 silly ADD node_modules/youch
8887 silly ADD node_modules/youch/node_modules/cookie-es
8888 silly ADD node_modules/tinyclip
8889 silly ADD node_modules/srvx
8890 silly ADD node_modules/listhen
8891 silly ADD node_modules/listhen/node_modules/std-env
8892 silly ADD node_modules/fzf
8893 silly ADD node_modules/fuse.js
8894 silly ADD node_modules/citty
8895 silly ADD node_modules/@nuxt/schema
8896 silly ADD node_modules/@nuxt/schema/node_modules/std-env
8897 silly ADD node_modules/@clack/prompts
8898 silly ADD node_modules/@bomb.sh/tab
8899 silly ADD node_modules/@dxup/unimport
8900 silly ADD node_modules/@vue/compiler-sfc
8901 silly ADD node_modules/@vue/compiler-sfc/node_modules/estree-walker
8902 silly ADD node_modules/unplugin-vue-router
8903 silly ADD node_modules/unimport
8904 silly ADD node_modules/unimport/node_modules/unplugin
8905 silly ADD node_modules/ultrahtml
8906 silly ADD node_modules/rou3
8907 silly ADD node_modules/oxc-walker
8908 silly ADD node_modules/oxc-transform
8909 silly ADD node_modules/oxc-parser
8910 silly ADD node_modules/oxc-minify
8911 silly ADD node_modules/on-change
8912 silly ADD node_modules/ofetch
8913 silly ADD node_modules/nypm
8914 silly ADD node_modules/nanotar
8915 silly ADD node_modules/impound
8916 silly ADD node_modules/impound/node_modules/unplugin
8917 silly ADD node_modules/hookable
8918 silly ADD node_modules/escape-string-regexp
8919 silly ADD node_modules/devalue
8920 silly ADD node_modules/compatx
8921 silly ADD node_modules/@vue/shared
8922 silly ADD node_modules/@unhead/vue
8923 silly ADD node_modules/@unhead/vue/node_modules/hookable
8924 silly ADD node_modules/@nuxt/vite-builder
8925 silly ADD node_modules/@nuxt/vite-builder/node_modules/std-env
8926 silly ADD node_modules/@nuxt/telemetry
8927 silly ADD node_modules/@nuxt/telemetry/node_modules/std-env
8928 silly ADD node_modules/@nuxt/telemetry/node_modules/ofetch
8929 silly ADD node_modules/@nuxt/nitro-server
8930 silly ADD node_modules/@nuxt/nitro-server/node_modules/std-env
8931 silly ADD node_modules/@nuxt/devtools
8932 silly ADD node_modules/@nuxt/devtools/node_modules/isexe
8933 silly ADD node_modules/@nuxt/devtools/node_modules/which
8934 silly ADD node_modules/@nuxt/devtools/node_modules/hookable
8935 silly ADD node_modules/@nuxt/devtools/node_modules/@nuxt/kit
8936 silly ADD node_modules/@nuxt/devtools/node_modules/@nuxt/devtools-kit
8937 silly ADD node_modules/@nuxt/cli
8938 silly ADD node_modules/@nuxt/cli/node_modules/std-env
8939 silly ADD node_modules/@dxup/nuxt
8940 silly ADD node_modules/@dxup/nuxt/node_modules/@nuxt/kit
8941 silly ADD node_modules/whatwg-url
8942 silly ADD node_modules/acorn
8943 silly ADD node_modules/@jridgewell/sourcemap-codec
8944 silly ADD node_modules/@types/estree
8945 silly ADD node_modules/type-level-regexp
8946 silly ADD node_modules/regexp-tree
8947 silly ADD node_modules/estree-walker
8948 silly ADD node_modules/quansync
8949 silly ADD node_modules/uncrypto
8950 silly ADD node_modules/radix3
8951 silly ADD node_modules/node-mock-http
8952 silly ADD node_modules/iron-webcrypto
8953 silly ADD node_modules/crossws
8954 silly ADD node_modules/cookie-es
8955 silly ADD node_modules/base64-js
8956 silly ADD node_modules/tslib
8957 silly ADD node_modules/unicode-trie
8958 silly ADD node_modules/unicode-properties
8959 silly ADD node_modules/tiny-inflate
8960 silly ADD node_modules/restructure
8961 silly ADD node_modules/fast-deep-equal
8962 silly ADD node_modules/dfa
8963 silly ADD node_modules/clone
8964 silly ADD node_modules/brotli
8965 silly ADD node_modules/@swc/helpers
8966 silly ADD node_modules/node-fetch
8967 silly ADD node_modules/fontkit
8968 silly ADD node_modules/cross-fetch
8969 silly ADD node_modules/blob-to-buffer
8970 silly ADD node_modules/@capsizecss/unpack
8971 silly ADD node_modules/@capsizecss/metrics
8972 silly ADD node_modules/which
8973 silly ADD node_modules/shebang-command
8974 silly ADD node_modules/path-key
8975 silly ADD node_modules/strip-final-newline
8976 silly ADD node_modules/signal-exit
8977 silly ADD node_modules/onetime
8978 silly ADD node_modules/npm-run-path
8979 silly ADD node_modules/npm-run-path/node_modules/path-key
8980 silly ADD node_modules/merge-stream
8981 silly ADD node_modules/is-stream
8982 silly ADD node_modules/human-signals
8983 silly ADD node_modules/get-stream
8984 silly ADD node_modules/cross-spawn
8985 silly ADD
8986 silly ADD
8987 silly ADD
8988 silly ADD
8989 silly ADD
8990 silly ADD
8991 silly ADD
8992 silly ADD
8993 silly ADD
8994 silly ADD
8995 silly ADD
8996 silly ADD
8997 silly ADD
8998 silly ADD
8999 silly ADD
9000 silly ADD
9001 silly ADD
9002 silly ADD
9003 silly ADD
9004 silly ADD
9005 silly ADD
9006 silly ADD node_modules/@esbuild/darwin-arm64
9007 silly ADD
9008 silly ADD
9009 silly ADD
9010 silly ADD
9011 silly ADD node_modules/ms
9012 silly ADD node_modules/source-map-js
9013 silly ADD node_modules/mdn-data
9014 silly ADD node_modules/readdirp
9015 silly ADD node_modules/perfect-debounce
9016 silly ADD node_modules/giget
9017 silly ADD node_modules/dotenv
9018 silly ADD node_modules/confbox
9019 silly ADD node_modules/chokidar
9020 silly ADD node_modules/update-browserslist-db
9021 silly ADD node_modules/node-releases
9022 silly ADD node_modules/electron-to-chromium
9023 silly ADD node_modules/baseline-browser-mapping
9024 silly ADD node_modules/postcss-value-parser
9025 silly ADD node_modules/picocolors
9026 silly ADD node_modules/fraction.js
9027 silly ADD node_modules/caniuse-lite
9028 silly ADD node_modules/browserslist
9029 silly ADD node_modules/tailwind-config-viewer
9030 silly ADD node_modules/tailwind-config-viewer/node_modules/is-wsl
9031 silly ADD node_modules/tailwind-config-viewer/node_modules/is-docker
9032 silly ADD node_modules/tailwind-config-viewer/node_modules/open
9033 silly ADD node_modules/tailwind-config-viewer/node_modules/commander
9034 silly ADD node_modules/postcss-nesting
9035 silly ADD node_modules/postcss
9036 silly ADD node_modules/autoprefixer
9037 silly ADD node_modules/untyped
9038 silly ADD node_modules/untyped/node_modules/citty
9039 silly ADD node_modules/unctx
9040 silly ADD node_modules/semver
9041 silly ADD node_modules/scule
9042 silly ADD node_modules/rc9
9043 silly ADD node_modules/pkg-types
9044 silly ADD node_modules/knitwork
9045 silly ADD node_modules/klona
9046 silly ADD node_modules/ignore
9047 silly ADD node_modules/exsolve
9048 silly ADD node_modules/errx
9049 silly ADD node_modules/destr
9050 silly ADD node_modules/c12
9051 silly ADD node_modules/tinyexec
9052 silly ADD node_modules/package-manager-detector
9053 silly ADD node_modules/kolorist
9054 silly ADD node_modules/globals
9055 silly ADD node_modules/debug
9056 silly ADD node_modules/@antfu/utils
9057 silly ADD node_modules/@antfu/install-pkg
9058 silly ADD node_modules/std-env
9059 silly ADD node_modules/picomatch
9060 silly ADD node_modules/mlly
9061 silly ADD node_modules/mlly/node_modules/confbox
9062 silly ADD node_modules/mlly/node_modules/pkg-types
9063 silly ADD node_modules/local-pkg
9064 silly ADD node_modules/@iconify/vue
9065 silly ADD node_modules/@iconify/utils
9066 silly ADD node_modules/@iconify/types
9067 silly ADD node_modules/@iconify/collections
9068 silly ADD node_modules/execa
9069 silly ADD node_modules/unstorage
9070 silly ADD node_modules/unstorage/node_modules/lru-cache
9071 silly ADD node_modules/unplugin
9072 silly ADD node_modules/unifont
9073 silly ADD node_modules/ufo
9074 silly ADD node_modules/tinyglobby
9075 silly ADD node_modules/sirv
9076 silly ADD node_modules/pathe
9077 silly ADD node_modules/ohash
9078 silly ADD node_modules/node-fetch-native
9079 silly ADD node_modules/magic-string
9080 silly ADD node_modules/magic-regexp
9081 silly ADD node_modules/jiti
9082 silly ADD node_modules/h3
9083 silly ADD node_modules/fontaine
9084 silly ADD node_modules/esbuild
9085 silly ADD node_modules/defu
9086 silly ADD node_modules/css-tree
9087 silly ADD node_modules/consola
9088 silly ADD node_modules/@nuxt/kit
9089 silly ADD node_modules/@nuxt/devtools-kit
9090 silly ADD node_modules/vue-tsc
9091 silly ADD node_modules/vue-tsc/node_modules/balanced-match
9092 silly ADD node_modules/vue-tsc/node_modules/brace-expansion
9093 silly ADD node_modules/vue-tsc/node_modules/@volar/source-map
9094 silly ADD node_modules/vue-tsc/node_modules/minimatch
9095 silly ADD node_modules/vue-tsc/node_modules/alien-signals
9096 silly ADD node_modules/vue-tsc/node_modules/@volar/language-core
9097 silly ADD node_modules/vue-tsc/node_modules/@vue/language-core
9098 silly ADD node_modules/vue-router
9099 silly ADD node_modules/vue
9100 silly ADD node_modules/typescript
9101 silly ADD node_modules/tailwindcss
9102 silly ADD node_modules/tailwindcss/node_modules/picomatch
9103 silly ADD node_modules/tailwindcss/node_modules/readdirp
9104 silly ADD node_modules/tailwindcss/node_modules/postcss-selector-parser
9105 silly ADD node_modules/tailwindcss/node_modules/jiti
9106 silly ADD node_modules/tailwindcss/node_modules/glob-parent
9107 silly ADD node_modules/tailwindcss/node_modules/chokidar
9108 silly ADD node_modules/tailwindcss/node_modules/chokidar/node_modules/glob-parent
9109 silly ADD node_modules/nuxt
9110 silly ADD node_modules/nuxt/node_modules/@nuxt/schema
9111 silly ADD node_modules/nuxt/node_modules/unplugin
9112 silly ADD node_modules/nuxt/node_modules/std-env
9113 silly ADD node_modules/nuxt/node_modules/cookie-es
9114 silly ADD node_modules/@nuxtjs/tailwindcss
9115 silly ADD node_modules/@nuxt/icon
9116 silly ADD node_modules/@nuxt/fonts
9117 verbose cwd /Users/franccescobuscicchio/Desktop/rituali-creativi-nuxt
9118 verbose os Darwin 23.4.0
9119 verbose node v22.14.0
9120 verbose npm  v10.9.2
9121 notice
9121 notice New major version of npm available! 10.9.2 -> 11.14.1
9121 notice Changelog: https://github.com/npm/cli/releases/tag/v11.14.1
9121 notice To update run: npm install -g npm@11.14.1
9121 notice  { force: true, [Symbol(proc-log.meta)]: true }
9122 verbose exit 0
9123 info ok
